Complex,Type,Residue,Distance,Details,protein,pocket,replica
ATRF_ASPFU_prepared_Milbemycin_pocket10_complex_recombined_complex_explicit_stripped_final_frame,HydrogenBond,1030ASN,2.8,O2->O3,ATRF_ASPFU,pocket10,replica_1
ATRF_ASPFU_prepared_Milbemycin_pocket10_complex_recombined_complex_explicit_stripped_final_frame,HydrogenBond,832GLY,3.85,O3->Nam,ATRF_ASPFU,pocket10,replica_1
ATRF_ASPFU_prepared_Milbemycin_pocket10_complex_recombined_complex_explicit_stripped_final_frame,HydrogenBond,1034LYS,3.15,O3->N3+,ATRF_ASPFU,pocket10,replica_1
ATRF_ASPFU_prepared_Milbemycin_pocket10_complex_recombined_complex_explicit_stripped_final_frame,Hydrophobic,240LYS,3.85,,ATRF_ASPFU,pocket10,replica_1
ATRF_ASPFU_prepared_Milbemycin_pocket10_complex_recombined_complex_explicit_stripped_final_frame,Hydrophobic,248ALA,3.79,,ATRF_ASPFU,pocket10,replica_1
ATRF_ASPFU_prepared_Milbemycin_pocket10_complex_recombined_complex_explicit_stripped_initial_frame,HydrogenBond,834ALA,2.48,O2->O3,ATRF_ASPFU,pocket10,replica_1
ATRF_ASPFU_prepared_Milbemycin_pocket10_complex_recombined_complex_explicit_stripped_initial_frame,HydrogenBond,833GLY,2.84,O3->Nam,ATRF_ASPFU,pocket10,replica_1
ATRF_ASPFU_prepared_Milbemycin_pocket10_complex_recombined_complex_explicit_stripped_initial_frame,Hydrophobic,237THR,3.0,,ATRF_ASPFU,pocket10,replica_1
ATRF_ASPFU_prepared_Milbemycin_pocket10_complex_recombined_complex_explicit_stripped_initial_frame,Hydrophobic,248ALA,3.6,,ATRF_ASPFU,pocket10,replica_1
ATRF_ASPFU_prepared_Milbemycin_pocket10_complex_recombined_complex_explicit_stripped_initial_frame,Hydrophobic,249PHE,2.45,,ATRF_ASPFU,pocket10,replica_1
ATRF_ASPFU_prepared_Milbemycin_pocket10_complex_recombined_complex_explicit_stripped_initial_frame,Hydrophobic,870ARG,3.89,,ATRF_ASPFU,pocket10,replica_1
ATRF_ASPFU_prepared_Milbemycin_pocket10_complex_recombined_complex_explicit_stripped_initial_frame,Hydrophobic,240LYS,2.52,,ATRF_ASPFU,pocket10,replica_1
ATRF_ASPFU_prepared_Milbemycin_pocket10_complex_recombined_complex_explicit_stripped_initial_frame,Hydrophobic,249PHE,3.06,,ATRF_ASPFU,pocket10,replica_1
ATRF_ASPFU_prepared_Milbemycin_pocket4_complex_recombined_complex_explicit_stripped_final_frame,Hydrophobic,282GLN,3.9,,ATRF_ASPFU,pocket4,replica_1
ATRF_ASPFU_prepared_Milbemycin_pocket4_complex_recombined_complex_explicit_stripped_final_frame,Hydrophobic,282GLN,3.86,,ATRF_ASPFU,pocket4,replica_1
ATRF_ASPFU_prepared_Milbemycin_pocket4_complex_recombined_complex_explicit_stripped_final_frame,Hydrophobic,334TYR,3.74,,ATRF_ASPFU,pocket4,replica_1
ATRF_ASPFU_prepared_Milbemycin_pocket4_complex_recombined_complex_explicit_stripped_final_frame,Hydrophobic,334TYR,3.83,,ATRF_ASPFU,pocket4,replica_1
ATRF_ASPFU_prepared_Milbemycin_pocket4_complex_recombined_complex_explicit_stripped_final_frame,Hydrophobic,334TYR,3.85,,ATRF_ASPFU,pocket4,replica_1
ATRF_ASPFU_prepared_Milbemycin_pocket4_complex_recombined_complex_explicit_stripped_final_frame,Hydrophobic,334TYR,3.8,,ATRF_ASPFU,pocket4,replica_1
ATRF_ASPFU_prepared_Milbemycin_pocket4_complex_recombined_complex_explicit_stripped_final_frame,Hydrophobic,603MET,3.61,,ATRF_ASPFU,pocket4,replica_1
ATRF_ASPFU_prepared_Milbemycin_pocket4_complex_recombined_complex_explicit_stripped_initial_frame,HydrogenBond,286SER,3.6,O3->O3,ATRF_ASPFU,pocket4,replica_1
ATRF_ASPFU_prepared_Milbemycin_pocket4_complex_recombined_complex_explicit_stripped_initial_frame,Hydrophobic,544LEU,3.14,,ATRF_ASPFU,pocket4,replica_1
ATRF_ASPFU_prepared_Milbemycin_pocket4_complex_recombined_complex_explicit_stripped_initial_frame,Hydrophobic,285PRO,1.98,,ATRF_ASPFU,pocket4,replica_1
ATRF_ASPFU_prepared_Milbemycin_pocket4_complex_recombined_complex_explicit_stripped_initial_frame,Hydrophobic,332ASN,3.52,,ATRF_ASPFU,pocket4,replica_1
ATRF_ASPFU_prepared_Milbemycin_pocket4_complex_recombined_complex_explicit_stripped_initial_frame,Hydrophobic,334TYR,3.36,,ATRF_ASPFU,pocket4,replica_1
ATRF_ASPFU_prepared_Milbemycin_pocket4_complex_recombined_complex_explicit_stripped_initial_frame,Hydrophobic,1365THR,3.26,,ATRF_ASPFU,pocket4,replica_1
ATRF_ASPFU_prepared_Milbemycin_pocket8_complex_recombined_complex_explicit_stripped_final_frame,HydrogenBond,945GLN,3.46,O3->Nam,ATRF_ASPFU,pocket8,replica_1
ATRF_ASPFU_prepared_Milbemycin_pocket8_complex_recombined_complex_explicit_stripped_final_frame,Hydrophobic,336ARG,3.89,,ATRF_ASPFU,pocket8,replica_1
ATRF_ASPFU_prepared_Milbemycin_pocket8_complex_recombined_complex_explicit_stripped_final_frame,Hydrophobic,977LEU,3.99,,ATRF_ASPFU,pocket8,replica_1
ATRF_ASPFU_prepared_Milbemycin_pocket8_complex_recombined_complex_explicit_stripped_final_frame,Hydrophobic,1287ALA,3.91,,ATRF_ASPFU,pocket8,replica_1
ATRF_ASPFU_prepared_Milbemycin_pocket8_complex_recombined_complex_explicit_stripped_initial_frame,Hydrophobic,971PHE,3.94,,ATRF_ASPFU,pocket8,replica_1
ATRF_ASPFU_prepared_Milbemycin_pocket8_complex_recombined_complex_explicit_stripped_initial_frame,Hydrophobic,336ARG,2.53,,ATRF_ASPFU,pocket8,replica_1
ATRF_ASPFU_prepared_Milbemycin_pocket8_complex_recombined_complex_explicit_stripped_initial_frame,Hydrophobic,935THR,1.75,,ATRF_ASPFU,pocket8,replica_1
ATRF_ASPFU_prepared_Milbemycin_pocket8_complex_recombined_complex_explicit_stripped_initial_frame,Hydrophobic,939ASN,2.47,,ATRF_ASPFU,pocket8,replica_1
ATRF_ASPFU_prepared_Milbemycin_pocket8_complex_recombined_complex_explicit_stripped_initial_frame,Hydrophobic,946LYS,2.48,,ATRF_ASPFU,pocket8,replica_1
ATRF_ASPFU_prepared_Milbemycin_pocket7_complex_recombined_complex_explicit_stripped_initial_frame,HydrogenBond,811THR,2.57,O3->O3,ATRF_ASPFU,pocket7,replica_1
ATRF_ASPFU_prepared_Milbemycin_pocket7_complex_recombined_complex_explicit_stripped_initial_frame,HydrogenBond,811THR,2.57,O3->O3,ATRF_ASPFU,pocket7,replica_1
ATRF_ASPFU_prepared_Milbemycin_pocket7_complex_recombined_complex_explicit_stripped_initial_frame,Hydrophobic,631VAL,3.39,,ATRF_ASPFU,pocket7,replica_1
ATRF_ASPFU_prepared_Milbemycin_pocket7_complex_recombined_complex_explicit_stripped_initial_frame,Hydrophobic,674PHE,3.67,,ATRF_ASPFU,pocket7,replica_1
ATRF_ASPFU_prepared_Milbemycin_pocket7_complex_recombined_complex_explicit_stripped_initial_frame,Hydrophobic,808ILE,3.28,,ATRF_ASPFU,pocket7,replica_1
ATRF_ASPFU_prepared_Milbemycin_pocket7_complex_recombined_complex_explicit_stripped_initial_frame,Hydrophobic,815LEU,3.02,,ATRF_ASPFU,pocket7,replica_1
ATRF_ASPFU_prepared_Milbemycin_pocket7_complex_recombined_complex_explicit_stripped_initial_frame,Hydrophobic,808ILE,1.5,,ATRF_ASPFU,pocket7,replica_1
ATRF_ASPFU_prepared_Milbemycin_pocket7_complex_recombined_complex_explicit_stripped_initial_frame,Hydrophobic,811THR,2.78,,ATRF_ASPFU,pocket7,replica_1
ATRF_ASPFU_prepared_Milbemycin_pocket7_complex_recombined_complex_explicit_stripped_initial_frame,Hydrophobic,812VAL,3.4,,ATRF_ASPFU,pocket7,replica_1
ATRF_ASPFU_prepared_Milbemycin_pocket7_complex_recombined_complex_explicit_stripped_initial_frame,Hydrophobic,815LEU,0.97,,ATRF_ASPFU,pocket7,replica_1
ATRF_ASPFU_prepared_Milbemycin_pocket7_complex_recombined_complex_explicit_stripped_final_frame,Hydrophobic,631VAL,3.97,,ATRF_ASPFU,pocket7,replica_1
ATRF_ASPFU_prepared_Milbemycin_pocket7_complex_recombined_complex_explicit_stripped_final_frame,Hydrophobic,635PHE,3.86,,ATRF_ASPFU,pocket7,replica_1
ATRF_ASPFU_prepared_Milbemycin_pocket7_complex_recombined_complex_explicit_stripped_final_frame,Hydrophobic,670TYR,3.66,,ATRF_ASPFU,pocket7,replica_1
ATRF_ASPFU_prepared_Milbemycin_pocket7_complex_recombined_complex_explicit_stripped_final_frame,Hydrophobic,674PHE,3.94,,ATRF_ASPFU,pocket7,replica_1
ATRF_ASPFU_prepared_Milbemycin_pocket7_complex_recombined_complex_explicit_stripped_final_frame,Hydrophobic,815LEU,3.59,,ATRF_ASPFU,pocket7,replica_1
ATRF_ASPFU_prepared_Milbemycin_pocket1_complex_recombined_complex_explicit_stripped_final_frame,HydrogenBond,1382ASN,3.64,O3->Nam,ATRF_ASPFU,pocket1,replica_1
ATRF_ASPFU_prepared_Milbemycin_pocket1_complex_recombined_complex_explicit_stripped_final_frame,Hydrophobic,588PHE,3.73,,ATRF_ASPFU,pocket1,replica_1
ATRF_ASPFU_prepared_Milbemycin_pocket1_complex_recombined_complex_explicit_stripped_final_frame,Hydrophobic,588PHE,3.59,,ATRF_ASPFU,pocket1,replica_1
ATRF_ASPFU_prepared_Milbemycin_pocket1_complex_recombined_complex_explicit_stripped_final_frame,Hydrophobic,589PHE,3.78,,ATRF_ASPFU,pocket1,replica_1
ATRF_ASPFU_prepared_Milbemycin_pocket1_complex_recombined_complex_explicit_stripped_final_frame,Hydrophobic,589PHE,3.96,,ATRF_ASPFU,pocket1,replica_1
ATRF_ASPFU_prepared_Milbemycin_pocket1_complex_recombined_complex_explicit_stripped_final_frame,Hydrophobic,705VAL,3.9,,ATRF_ASPFU,pocket1,replica_1
ATRF_ASPFU_prepared_Milbemycin_pocket1_complex_recombined_complex_explicit_stripped_final_frame,Hydrophobic,710TYR,3.18,,ATRF_ASPFU,pocket1,replica_1
ATRF_ASPFU_prepared_Milbemycin_pocket1_complex_recombined_complex_explicit_stripped_final_frame,Hydrophobic,711VAL,3.61,,ATRF_ASPFU,pocket1,replica_1
ATRF_ASPFU_prepared_Milbemycin_pocket1_complex_recombined_complex_explicit_stripped_final_frame,Hydrophobic,1261PHE,3.41,,ATRF_ASPFU,pocket1,replica_1
ATRF_ASPFU_prepared_Milbemycin_pocket1_complex_recombined_complex_explicit_stripped_final_frame,Hydrophobic,1268PRO,3.86,,ATRF_ASPFU,pocket1,replica_1
ATRF_ASPFU_prepared_Milbemycin_pocket1_complex_recombined_complex_explicit_stripped_final_frame,Hydrophobic,1385VAL,3.84,,ATRF_ASPFU,pocket1,replica_1
ATRF_ASPFU_prepared_Milbemycin_pocket1_complex_recombined_complex_explicit_stripped_final_frame,Hydrophobic,596TRP,3.78,,ATRF_ASPFU,pocket1,replica_1
ATRF_ASPFU_prepared_Milbemycin_pocket1_complex_recombined_complex_explicit_stripped_initial_frame,HydrogenBond,1385VAL,3.8,O3->Nam,ATRF_ASPFU,pocket1,replica_1
ATRF_ASPFU_prepared_Milbemycin_pocket1_complex_recombined_complex_explicit_stripped_initial_frame,Hydrophobic,588PHE,2.74,,ATRF_ASPFU,pocket1,replica_1
ATRF_ASPFU_prepared_Milbemycin_pocket1_complex_recombined_complex_explicit_stripped_initial_frame,Hydrophobic,588PHE,2.55,,ATRF_ASPFU,pocket1,replica_1
ATRF_ASPFU_prepared_Milbemycin_pocket1_complex_recombined_complex_explicit_stripped_initial_frame,Hydrophobic,588PHE,3.82,,ATRF_ASPFU,pocket1,replica_1
ATRF_ASPFU_prepared_Milbemycin_pocket1_complex_recombined_complex_explicit_stripped_initial_frame,Hydrophobic,596TRP,3.85,,ATRF_ASPFU,pocket1,replica_1
ATRF_ASPFU_prepared_Milbemycin_pocket1_complex_recombined_complex_explicit_stripped_initial_frame,Hydrophobic,1261PHE,3.87,,ATRF_ASPFU,pocket1,replica_1
ATRF_ASPFU_prepared_Milbemycin_pocket1_complex_recombined_complex_explicit_stripped_initial_frame,Hydrophobic,1265MET,3.42,,ATRF_ASPFU,pocket1,replica_1
ATRF_ASPFU_prepared_Milbemycin_pocket1_complex_recombined_complex_explicit_stripped_initial_frame,Hydrophobic,1268PRO,3.91,,ATRF_ASPFU,pocket1,replica_1
ATRF_ASPFU_prepared_Milbemycin_pocket1_complex_recombined_complex_explicit_stripped_initial_frame,Hydrophobic,1380LEU,3.9,,ATRF_ASPFU,pocket1,replica_1
ATRF_ASPFU_prepared_Milbemycin_pocket1_complex_recombined_complex_explicit_stripped_initial_frame,Hydrophobic,1384ILE,3.83,,ATRF_ASPFU,pocket1,replica_1
ATRF_ASPFU_prepared_Milbemycin_pocket1_complex_recombined_complex_explicit_stripped_initial_frame,Hydrophobic,588PHE,1.89,,ATRF_ASPFU,pocket1,replica_1
ATRF_ASPFU_prepared_Milbemycin_pocket1_complex_recombined_complex_explicit_stripped_initial_frame,Hydrophobic,589PHE,3.61,,ATRF_ASPFU,pocket1,replica_1
ATRF_ASPFU_prepared_Milbemycin_pocket1_complex_recombined_complex_explicit_stripped_initial_frame,Hydrophobic,591ILE,2.79,,ATRF_ASPFU,pocket1,replica_1
ATRF_ASPFU_prepared_Milbemycin_pocket1_complex_recombined_complex_explicit_stripped_initial_frame,Hydrophobic,592LEU,1.57,,ATRF_ASPFU,pocket1,replica_1
ATRF_ASPFU_prepared_Milbemycin_pocket1_complex_recombined_complex_explicit_stripped_initial_frame,Hydrophobic,705VAL,3.21,,ATRF_ASPFU,pocket1,replica_1
ATRF_ASPFU_prepared_Milbemycin_pocket1_complex_recombined_complex_explicit_stripped_initial_frame,Hydrophobic,1261PHE,2.43,,ATRF_ASPFU,pocket1,replica_1
ATRF_ASPFU_prepared_Milbemycin_pocket1_complex_recombined_complex_explicit_stripped_initial_frame,Hydrophobic,1264ILE,1.46,,ATRF_ASPFU,pocket1,replica_1
ATRF_ASPFU_prepared_Milbemycin_pocket1_complex_recombined_complex_explicit_stripped_initial_frame,Hydrophobic,1385VAL,1.7,,ATRF_ASPFU,pocket1,replica_1
ATRF_ASPFU_prepared_Milbemycin_pocket11_complex_recombined_complex_explicit_stripped_final_frame,Hydrophobic,683PHE,3.81,,ATRF_ASPFU,pocket11,replica_1
ATRF_ASPFU_prepared_Milbemycin_pocket11_complex_recombined_complex_explicit_stripped_final_frame,Hydrophobic,696PHE,3.69,,ATRF_ASPFU,pocket11,replica_1
ATRF_ASPFU_prepared_Milbemycin_pocket11_complex_recombined_complex_explicit_stripped_final_frame,Hydrophobic,699ILE,3.66,,ATRF_ASPFU,pocket11,replica_1
ATRF_ASPFU_prepared_Milbemycin_pocket11_complex_recombined_complex_explicit_stripped_initial_frame,Hydrophobic,703ILE,3.97,,ATRF_ASPFU,pocket11,replica_1
ATRF_ASPFU_prepared_Milbemycin_pocket11_complex_recombined_complex_explicit_stripped_initial_frame,Hydrophobic,707PHE,3.09,,ATRF_ASPFU,pocket11,replica_1
ATRF_ASPFU_prepared_Milbemycin_pocket11_complex_recombined_complex_explicit_stripped_initial_frame,Hydrophobic,724PHE,3.56,,ATRF_ASPFU,pocket11,replica_1
ATRF_ASPFU_prepared_Milbemycin_pocket11_complex_recombined_complex_explicit_stripped_initial_frame,Hydrophobic,726TRP,3.96,,ATRF_ASPFU,pocket11,replica_1
ATRF_ASPFU_prepared_Milbemycin_pocket11_complex_recombined_complex_explicit_stripped_initial_frame,Hydrophobic,1234ILE,3.54,,ATRF_ASPFU,pocket11,replica_1
ATRF_ASPFU_prepared_Milbemycin_pocket11_complex_recombined_complex_explicit_stripped_initial_frame,Hydrophobic,1234ILE,3.46,,ATRF_ASPFU,pocket11,replica_1
ATRF_ASPFU_prepared_Milbemycin_pocket11_complex_recombined_complex_explicit_stripped_initial_frame,Hydrophobic,703ILE,2.23,,ATRF_ASPFU,pocket11,replica_1
ATRF_ASPFU_prepared_Milbemycin_pocket11_complex_recombined_complex_explicit_stripped_initial_frame,Hydrophobic,727LEU,3.07,,ATRF_ASPFU,pocket11,replica_1
ATRF_ASPFU_prepared_Milbemycin_pocket11_complex_recombined_complex_explicit_stripped_initial_frame,Hydrophobic,727LEU,3.6,,ATRF_ASPFU,pocket11,replica_1
ATRF_ASPFU_prepared_Milbemycin_pocket11_complex_recombined_complex_explicit_stripped_initial_frame,Hydrophobic,730VAL,3.03,,ATRF_ASPFU,pocket11,replica_1
ATRF_ASPFU_prepared_Milbemycin_pocket11_complex_recombined_complex_explicit_stripped_initial_frame,Hydrophobic,1238PHE,0.71,,ATRF_ASPFU,pocket11,replica_1
ATRF_ASPFU_prepared_Milbemycin_pocket11_complex_recombined_complex_explicit_stripped_initial_frame,Hydrophobic,1238PHE,1.39,,ATRF_ASPFU,pocket11,replica_1
ATRF_ASPFU_prepared_Milbemycin_pocket11_complex_recombined_complex_explicit_stripped_initial_frame,Hydrophobic,1238PHE,2.55,,ATRF_ASPFU,pocket11,replica_1
ATRF_ASPFU_prepared_Milbemycin_pocket13_complex_recombined_complex_explicit_stripped_initial_frame,Hydrophobic,1207THR,3.62,,ATRF_ASPFU,pocket13,replica_1
ATRF_ASPFU_prepared_Milbemycin_pocket13_complex_recombined_complex_explicit_stripped_initial_frame,Hydrophobic,1298PHE,3.5,,ATRF_ASPFU,pocket13,replica_1
ATRF_ASPFU_prepared_Milbemycin_pocket13_complex_recombined_complex_explicit_stripped_initial_frame,Hydrophobic,1306VAL,3.79,,ATRF_ASPFU,pocket13,replica_1
ATRF_ASPFU_prepared_Milbemycin_pocket13_complex_recombined_complex_explicit_stripped_initial_frame,Hydrophobic,1503TRP,2.75,,ATRF_ASPFU,pocket13,replica_1
ATRF_ASPFU_prepared_Milbemycin_pocket13_complex_recombined_complex_explicit_stripped_initial_frame,Hydrophobic,1507TYR,3.15,,ATRF_ASPFU,pocket13,replica_1
ATRF_ASPFU_prepared_Milbemycin_pocket13_complex_recombined_complex_explicit_stripped_initial_frame,Hydrophobic,1302THR,1.14,,ATRF_ASPFU,pocket13,replica_1
ATRF_ASPFU_prepared_Milbemycin_pocket13_complex_recombined_complex_explicit_stripped_initial_frame,Hydrophobic,1305ILE,3.3,,ATRF_ASPFU,pocket13,replica_1
ATRF_ASPFU_prepared_Milbemycin_pocket13_complex_recombined_complex_explicit_stripped_initial_frame,Hydrophobic,1503TRP,1.14,,ATRF_ASPFU,pocket13,replica_1
ATRF_ASPFU_prepared_Milbemycin_pocket13_complex_recombined_complex_explicit_stripped_initial_frame,Hydrophobic,1507TYR,3.19,,ATRF_ASPFU,pocket13,replica_1
ATRF_ASPFU_prepared_Milbemycin_pocket13_complex_recombined_complex_explicit_stripped_final_frame,Hydrophobic,1305ILE,3.62,,ATRF_ASPFU,pocket13,replica_1
ATRF_ASPFU_prepared_Milbemycin_pocket15_complex_recombined_complex_explicit_stripped_initial_frame,Hydrophobic,336ARG,2.86,,ATRF_ASPFU,pocket15,replica_1
ATRF_ASPFU_prepared_Milbemycin_pocket15_complex_recombined_complex_explicit_stripped_initial_frame,Hydrophobic,971PHE,3.69,,ATRF_ASPFU,pocket15,replica_1
ATRF_ASPFU_prepared_Milbemycin_pocket15_complex_recombined_complex_explicit_stripped_initial_frame,Hydrophobic,935THR,1.54,,ATRF_ASPFU,pocket15,replica_1
ATRF_ASPFU_prepared_Milbemycin_pocket15_complex_recombined_complex_explicit_stripped_initial_frame,Hydrophobic,939ASN,2.27,,ATRF_ASPFU,pocket15,replica_1
ATRF_ASPFU_prepared_Milbemycin_pocket15_complex_recombined_complex_explicit_stripped_initial_frame,Hydrophobic,946LYS,2.37,,ATRF_ASPFU,pocket15,replica_1
ATRF_ASPFU_prepared_Milbemycin_pocket9_complex_recombined_complex_explicit_stripped_final_frame,HydrogenBond,1070ARG,2.99,O3->Ng+,ATRF_ASPFU,pocket9,replica_1
ATRF_ASPFU_prepared_Milbemycin_pocket9_complex_recombined_complex_explicit_stripped_final_frame,HydrogenBond,1070ARG,3.19,O3->Ng+,ATRF_ASPFU,pocket9,replica_1
ATRF_ASPFU_prepared_Milbemycin_pocket9_complex_recombined_complex_explicit_stripped_final_frame,Hydrophobic,1073LYS,3.81,,ATRF_ASPFU,pocket9,replica_1
ATRF_ASPFU_prepared_Milbemycin_pocket9_complex_recombined_complex_explicit_stripped_final_frame,Hydrophobic,1074LYS,3.71,,ATRF_ASPFU,pocket9,replica_1
ATRF_ASPFU_prepared_Milbemycin_pocket9_complex_recombined_complex_explicit_stripped_final_frame,Hydrophobic,1077LEU,3.96,,ATRF_ASPFU,pocket9,replica_1
ATRF_ASPFU_prepared_Milbemycin_pocket9_complex_recombined_complex_explicit_stripped_final_frame,Hydrophobic,1095GLN,3.91,,ATRF_ASPFU,pocket9,replica_1
ATRF_ASPFU_prepared_Milbemycin_pocket9_complex_recombined_complex_explicit_stripped_final_frame,Hydrophobic,1096GLN,3.94,,ATRF_ASPFU,pocket9,replica_1
ATRF_ASPFU_prepared_Milbemycin_pocket9_complex_recombined_complex_explicit_stripped_initial_frame,HydrogenBond,1096GLN,3.63,O3->Nam,ATRF_ASPFU,pocket9,replica_1
ATRF_ASPFU_prepared_Milbemycin_pocket9_complex_recombined_complex_explicit_stripped_initial_frame,Hydrophobic,438PRO,1.98,,ATRF_ASPFU,pocket9,replica_1
ATRF_ASPFU_prepared_Milbemycin_pocket9_complex_recombined_complex_explicit_stripped_initial_frame,Hydrophobic,1066PHE,3.94,,ATRF_ASPFU,pocket9,replica_1
ATRF_ASPFU_prepared_Milbemycin_pocket9_complex_recombined_complex_explicit_stripped_initial_frame,Hydrophobic,1096GLN,3.19,,ATRF_ASPFU,pocket9,replica_1
ATRF_ASPFU_prepared_Milbemycin_pocket9_complex_recombined_complex_explicit_stripped_initial_frame,Hydrophobic,1092MET,2.62,,ATRF_ASPFU,pocket9,replica_1
ATRF_ASPFU_prepared_Milbemycin_pocket5_complex_recombined_complex_explicit_stripped_initial_frame,HydrogenBond,834ALA,2.28,O2->O3,ATRF_ASPFU,pocket5,replica_1
ATRF_ASPFU_prepared_Milbemycin_pocket5_complex_recombined_complex_explicit_stripped_initial_frame,HydrogenBond,833GLY,2.57,O3->Nam,ATRF_ASPFU,pocket5,replica_1
ATRF_ASPFU_prepared_Milbemycin_pocket5_complex_recombined_complex_explicit_stripped_initial_frame,Hydrophobic,237THR,3.33,,ATRF_ASPFU,pocket5,replica_1
ATRF_ASPFU_prepared_Milbemycin_pocket5_complex_recombined_complex_explicit_stripped_initial_frame,Hydrophobic,240LYS,2.87,,ATRF_ASPFU,pocket5,replica_1
ATRF_ASPFU_prepared_Milbemycin_pocket5_complex_recombined_complex_explicit_stripped_final_frame,HydrogenBond,1029LEU,2.65,O2->O3,ATRF_ASPFU,pocket5,replica_1
ATRF_ASPFU_prepared_Milbemycin_pocket5_complex_recombined_complex_explicit_stripped_final_frame,HydrogenBond,237THR,3.82,O3->O3,ATRF_ASPFU,pocket5,replica_1
ATRF_ASPFU_prepared_Milbemycin_pocket5_complex_recombined_complex_explicit_stripped_final_frame,HydrogenBond,232GLY,4.02,O3->Nam,ATRF_ASPFU,pocket5,replica_1
ATRF_ASPFU_prepared_Milbemycin_pocket5_complex_recombined_complex_explicit_stripped_final_frame,HydrogenBond,1034LYS,2.86,O3->N3+,ATRF_ASPFU,pocket5,replica_1
ATRF_ASPFU_prepared_Milbemycin_pocket5_complex_recombined_complex_explicit_stripped_final_frame,Hydrophobic,211LEU,3.88,,ATRF_ASPFU,pocket5,replica_1
ATRF_ASPFU_prepared_Milbemycin_pocket5_complex_recombined_complex_explicit_stripped_final_frame,Hydrophobic,169THR,3.64,,ATRF_ASPFU,pocket5,replica_1
ATRF_ASPFU_prepared_Milbemycin_pocket5_complex_recombined_complex_explicit_stripped_final_frame,Hydrophobic,248ALA,3.41,,ATRF_ASPFU,pocket5,replica_1
ATRF_ASPFU_prepared_Milbemycin_pocket3_complex_recombined_complex_explicit_stripped_final_frame,HydrogenBond,1471TYR,3.77,O3->O3,ATRF_ASPFU,pocket3,replica_1
ATRF_ASPFU_prepared_Milbemycin_pocket3_complex_recombined_complex_explicit_stripped_final_frame,HydrogenBond,756GLN,3.08,O3->Nam,ATRF_ASPFU,pocket3,replica_1
ATRF_ASPFU_prepared_Milbemycin_pocket3_complex_recombined_complex_explicit_stripped_final_frame,HydrogenBond,1389ARG,3.99,O3->Ng+,ATRF_ASPFU,pocket3,replica_1
ATRF_ASPFU_prepared_Milbemycin_pocket3_complex_recombined_complex_explicit_stripped_final_frame,HydrogenBond,1389ARG,3.01,O3->Ng+,ATRF_ASPFU,pocket3,replica_1
ATRF_ASPFU_prepared_Milbemycin_pocket3_complex_recombined_complex_explicit_stripped_final_frame,HydrogenBond,1471TYR,3.77,O3->O3,ATRF_ASPFU,pocket3,replica_1
ATRF_ASPFU_prepared_Milbemycin_pocket3_complex_recombined_complex_explicit_stripped_final_frame,Hydrophobic,774PRO,3.64,,ATRF_ASPFU,pocket3,replica_1
ATRF_ASPFU_prepared_Milbemycin_pocket3_complex_recombined_complex_explicit_stripped_final_frame,Hydrophobic,1257MET,3.6,,ATRF_ASPFU,pocket3,replica_1
ATRF_ASPFU_prepared_Milbemycin_pocket3_complex_recombined_complex_explicit_stripped_final_frame,Hydrophobic,1258PHE,3.7,,ATRF_ASPFU,pocket3,replica_1
ATRF_ASPFU_prepared_Milbemycin_pocket3_complex_recombined_complex_explicit_stripped_final_frame,Hydrophobic,1384ILE,3.88,,ATRF_ASPFU,pocket3,replica_1
ATRF_ASPFU_prepared_Milbemycin_pocket3_complex_recombined_complex_explicit_stripped_final_frame,Hydrophobic,1387PRO,3.8,,ATRF_ASPFU,pocket3,replica_1
ATRF_ASPFU_prepared_Milbemycin_pocket3_complex_recombined_complex_explicit_stripped_final_frame,Hydrophobic,1481LEU,3.63,,ATRF_ASPFU,pocket3,replica_1
ATRF_ASPFU_prepared_Milbemycin_pocket3_complex_recombined_complex_explicit_stripped_final_frame,Hydrophobic,581PHE,3.5,,ATRF_ASPFU,pocket3,replica_1
ATRF_ASPFU_prepared_Milbemycin_pocket3_complex_recombined_complex_explicit_stripped_initial_frame,HydrogenBond,756GLN,3.68,O3->Nam,ATRF_ASPFU,pocket3,replica_1
ATRF_ASPFU_prepared_Milbemycin_pocket3_complex_recombined_complex_explicit_stripped_initial_frame,HydrogenBond,1480THR,3.99,O3->O3,ATRF_ASPFU,pocket3,replica_1
ATRF_ASPFU_prepared_Milbemycin_pocket3_complex_recombined_complex_explicit_stripped_initial_frame,HydrogenBond,1471TYR,2.62,O3->O3,ATRF_ASPFU,pocket3,replica_1
ATRF_ASPFU_prepared_Milbemycin_pocket3_complex_recombined_complex_explicit_stripped_initial_frame,Hydrophobic,580ALA,3.59,,ATRF_ASPFU,pocket3,replica_1
ATRF_ASPFU_prepared_Milbemycin_pocket3_complex_recombined_complex_explicit_stripped_initial_frame,Hydrophobic,581PHE,3.44,,ATRF_ASPFU,pocket3,replica_1
ATRF_ASPFU_prepared_Milbemycin_pocket3_complex_recombined_complex_explicit_stripped_initial_frame,Hydrophobic,788TYR,2.94,,ATRF_ASPFU,pocket3,replica_1
ATRF_ASPFU_prepared_Milbemycin_pocket3_complex_recombined_complex_explicit_stripped_initial_frame,Hydrophobic,581PHE,2.06,,ATRF_ASPFU,pocket3,replica_1
ATRF_ASPFU_prepared_Milbemycin_pocket3_complex_recombined_complex_explicit_stripped_initial_frame,Hydrophobic,581PHE,3.18,,ATRF_ASPFU,pocket3,replica_1
ATRF_ASPFU_prepared_Milbemycin_pocket3_complex_recombined_complex_explicit_stripped_initial_frame,Hydrophobic,773LEU,1.09,,ATRF_ASPFU,pocket3,replica_1
ATRF_ASPFU_prepared_Milbemycin_pocket3_complex_recombined_complex_explicit_stripped_initial_frame,Hydrophobic,1477TYR,3.67,,ATRF_ASPFU,pocket3,replica_1
ATRF_ASPFU_prepared_Milbemycin_pocket12_complex_recombined_complex_explicit_stripped_final_frame,HydrogenBond,168GLU,2.85,O2->O3,ATRF_ASPFU,pocket12,replica_1
ATRF_ASPFU_prepared_Milbemycin_pocket12_complex_recombined_complex_explicit_stripped_final_frame,Hydrophobic,471GLU,3.81,,ATRF_ASPFU,pocket12,replica_1
ATRF_ASPFU_prepared_Milbemycin_pocket12_complex_recombined_complex_explicit_stripped_final_frame,Hydrophobic,856GLU,3.96,,ATRF_ASPFU,pocket12,replica_1
ATRF_ASPFU_prepared_Milbemycin_pocket12_complex_recombined_complex_explicit_stripped_final_frame,Hydrophobic,862VAL,3.65,,ATRF_ASPFU,pocket12,replica_1
ATRF_ASPFU_prepared_Milbemycin_pocket12_complex_recombined_complex_explicit_stripped_final_frame,Hydrophobic,168GLU,3.63,,ATRF_ASPFU,pocket12,replica_1
ATRF_ASPFU_prepared_Milbemycin_pocket12_complex_recombined_complex_explicit_stripped_final_frame,SaltBridge,209ARG,5.28,A↔A,ATRF_ASPFU,pocket12,replica_1
ATRF_ASPFU_prepared_Milbemycin_pocket12_complex_recombined_complex_explicit_stripped_initial_frame,HydrogenBond,850THR,2.86,O2->O3,ATRF_ASPFU,pocket12,replica_1
ATRF_ASPFU_prepared_Milbemycin_pocket12_complex_recombined_complex_explicit_stripped_initial_frame,HydrogenBond,210GLU,4.05,O3->Nam,ATRF_ASPFU,pocket12,replica_1
ATRF_ASPFU_prepared_Milbemycin_pocket12_complex_recombined_complex_explicit_stripped_initial_frame,Hydrophobic,165LYS,3.84,,ATRF_ASPFU,pocket12,replica_1
ATRF_ASPFU_prepared_Milbemycin_pocket12_complex_recombined_complex_explicit_stripped_initial_frame,Hydrophobic,168GLU,2.96,,ATRF_ASPFU,pocket12,replica_1
ATRF_ASPFU_prepared_Milbemycin_pocket12_complex_recombined_complex_explicit_stripped_initial_frame,Hydrophobic,209ARG,3.51,,ATRF_ASPFU,pocket12,replica_1
ATRF_ASPFU_prepared_Milbemycin_pocket12_complex_recombined_complex_explicit_stripped_initial_frame,Hydrophobic,210GLU,2.99,,ATRF_ASPFU,pocket12,replica_1
ATRF_ASPFU_prepared_Milbemycin_pocket12_complex_recombined_complex_explicit_stripped_initial_frame,Hydrophobic,210GLU,0.97,,ATRF_ASPFU,pocket12,replica_1
ATRF_ASPFU_prepared_Milbemycin_pocket12_complex_recombined_complex_explicit_stripped_initial_frame,Hydrophobic,862VAL,1.94,,ATRF_ASPFU,pocket12,replica_1
ATRF_ASPFU_prepared_Milbemycin_pocket12_complex_recombined_complex_explicit_stripped_initial_frame,SaltBridge,209ARG,5.13,A↔A,ATRF_ASPFU,pocket12,replica_1
ATRF_ASPFU_prepared_Milbemycin_pocket14_complex_recombined_complex_explicit_stripped_initial_frame,HydrogenBond,129GLY,4.01,O3->Nam,ATRF_ASPFU,pocket14,replica_1
ATRF_ASPFU_prepared_Milbemycin_pocket14_complex_recombined_complex_explicit_stripped_initial_frame,HydrogenBond,55ARG,3.72,O3->Ng+,ATRF_ASPFU,pocket14,replica_1
ATRF_ASPFU_prepared_Milbemycin_pocket14_complex_recombined_complex_explicit_stripped_initial_frame,Hydrophobic,127TYR,0.94,,ATRF_ASPFU,pocket14,replica_1
ATRF_ASPFU_prepared_Milbemycin_pocket14_complex_recombined_complex_explicit_stripped_initial_frame,Hydrophobic,128GLN,3.81,,ATRF_ASPFU,pocket14,replica_1
ATRF_ASPFU_prepared_Milbemycin_pocket14_complex_recombined_complex_explicit_stripped_initial_frame,Hydrophobic,127TYR,2.61,,ATRF_ASPFU,pocket14,replica_1
ATRF_ASPFU_prepared_Milbemycin_pocket14_complex_recombined_complex_explicit_stripped_initial_frame,Hydrophobic,127TYR,2.28,,ATRF_ASPFU,pocket14,replica_1
ATRF_ASPFU_prepared_Milbemycin_pocket14_complex_recombined_complex_explicit_stripped_final_frame,HydrogenBond,55ARG,3.43,O3->Nam,ATRF_ASPFU,pocket14,replica_1
ATRF_ASPFU_prepared_Milbemycin_pocket14_complex_recombined_complex_explicit_stripped_final_frame,Hydrophobic,131PHE,3.59,,ATRF_ASPFU,pocket14,replica_1
ATRF_ASPFU_prepared_Milbemycin_pocket14_complex_recombined_complex_explicit_stripped_final_frame,Hydrophobic,131PHE,3.44,,ATRF_ASPFU,pocket14,replica_1
ATRF_ASPFU_prepared_Milbemycin_pocket14_complex_recombined_complex_explicit_stripped_final_frame,Hydrophobic,318LYS,3.93,,ATRF_ASPFU,pocket14,replica_1
ATRF_ASPFU_prepared_Milbemycin_pocket14_complex_recombined_complex_explicit_stripped_final_frame,Hydrophobic,131PHE,3.84,,ATRF_ASPFU,pocket14,replica_1
ATRF_ASPFU_prepared_Milbemycin_pocket2_complex_recombined_complex_explicit_stripped_initial_frame,Hydrophobic,1356TRP,3.69,,ATRF_ASPFU,pocket2,replica_1
ATRF_ASPFU_prepared_Milbemycin_pocket2_complex_recombined_complex_explicit_stripped_initial_frame,Hydrophobic,1373PHE,2.18,,ATRF_ASPFU,pocket2,replica_1
ATRF_ASPFU_prepared_Milbemycin_pocket2_complex_recombined_complex_explicit_stripped_initial_frame,Hydrophobic,1505LEU,3.36,,ATRF_ASPFU,pocket2,replica_1
ATRF_ASPFU_prepared_Milbemycin_pocket2_complex_recombined_complex_explicit_stripped_initial_frame,Hydrophobic,1356TRP,1.43,,ATRF_ASPFU,pocket2,replica_1
ATRF_ASPFU_prepared_Milbemycin_pocket2_complex_recombined_complex_explicit_stripped_initial_frame,Hydrophobic,1373PHE,1.68,,ATRF_ASPFU,pocket2,replica_1
ATRF_ASPFU_prepared_Milbemycin_pocket2_complex_recombined_complex_explicit_stripped_initial_frame,Hydrophobic,1402VAL,3.01,,ATRF_ASPFU,pocket2,replica_1
ATRF_ASPFU_prepared_Milbemycin_pocket2_complex_recombined_complex_explicit_stripped_initial_frame,Hydrophobic,1505LEU,2.38,,ATRF_ASPFU,pocket2,replica_1
ATRF_ASPFU_prepared_Milbemycin_pocket2_complex_recombined_complex_explicit_stripped_initial_frame,Hydrophobic,1509PHE,1.91,,ATRF_ASPFU,pocket2,replica_1
ATRF_ASPFU_prepared_Milbemycin_pocket2_complex_recombined_complex_explicit_stripped_initial_frame,Hydrophobic,1509PHE,2.13,,ATRF_ASPFU,pocket2,replica_1
ATRF_ASPFU_prepared_Milbemycin_pocket2_complex_recombined_complex_explicit_stripped_final_frame,Hydrophobic,1356TRP,3.89,,ATRF_ASPFU,pocket2,replica_1
ATRF_ASPFU_prepared_Milbemycin_pocket2_complex_recombined_complex_explicit_stripped_final_frame,Hydrophobic,1374PHE,3.61,,ATRF_ASPFU,pocket2,replica_1
ATRF_ASPFU_prepared_Milbemycin_pocket2_complex_recombined_complex_explicit_stripped_final_frame,Hydrophobic,1402VAL,3.85,,ATRF_ASPFU,pocket2,replica_1
ATRF_ASPFU_prepared_Milbemycin_pocket2_complex_recombined_complex_explicit_stripped_final_frame,Hydrophobic,1404PRO,3.81,,ATRF_ASPFU,pocket2,replica_1
ATRF_ASPFU_prepared_Milbemycin_pocket2_complex_recombined_complex_explicit_stripped_final_frame,Hydrophobic,1498PHE,3.85,,ATRF_ASPFU,pocket2,replica_1
ATRF_ASPFU_prepared_Milbemycin_pocket2_complex_recombined_complex_explicit_stripped_final_frame,Hydrophobic,1501ILE,3.59,,ATRF_ASPFU,pocket2,replica_1
MDR1_TRIRC_prepared_Milbemycin_pocket10_complex_recombined_complex_explicit_stripped_initial_frame,Hydrophobic,111LEU,3.7,,MDR1_TRIRC,pocket10,replica_1
MDR1_TRIRC_prepared_Milbemycin_pocket10_complex_recombined_complex_explicit_stripped_initial_frame,Hydrophobic,114VAL,3.26,,MDR1_TRIRC,pocket10,replica_1
MDR1_TRIRC_prepared_Milbemycin_pocket10_complex_recombined_complex_explicit_stripped_initial_frame,Hydrophobic,116ILE,3.04,,MDR1_TRIRC,pocket10,replica_1
MDR1_TRIRC_prepared_Milbemycin_pocket10_complex_recombined_complex_explicit_stripped_initial_frame,Hydrophobic,71TRP,1.39,,MDR1_TRIRC,pocket10,replica_1
MDR1_TRIRC_prepared_Milbemycin_pocket10_complex_recombined_complex_explicit_stripped_initial_frame,Hydrophobic,112ALA,2.02,,MDR1_TRIRC,pocket10,replica_1
MDR1_TRIRC_prepared_Milbemycin_pocket10_complex_recombined_complex_explicit_stripped_initial_frame,Hydrophobic,115LYS,3.22,,MDR1_TRIRC,pocket10,replica_1
MDR1_TRIRC_prepared_Milbemycin_pocket10_complex_recombined_complex_explicit_stripped_initial_frame,Hydrophobic,115LYS,2.94,,MDR1_TRIRC,pocket10,replica_1
MDR1_TRIRC_prepared_Milbemycin_pocket10_complex_recombined_complex_explicit_stripped_final_frame,Hydrophobic,71TRP,3.49,,MDR1_TRIRC,pocket10,replica_1
MDR1_TRIRC_prepared_Milbemycin_pocket10_complex_recombined_complex_explicit_stripped_final_frame,Hydrophobic,71TRP,3.67,,MDR1_TRIRC,pocket10,replica_1
MDR1_TRIRC_prepared_Milbemycin_pocket10_complex_recombined_complex_explicit_stripped_final_frame,Hydrophobic,71TRP,3.86,,MDR1_TRIRC,pocket10,replica_1
MDR1_TRIRC_prepared_Milbemycin_pocket10_complex_recombined_complex_explicit_stripped_final_frame,Hydrophobic,78GLU,3.65,,MDR1_TRIRC,pocket10,replica_1
MDR1_TRIRC_prepared_Milbemycin_pocket10_complex_recombined_complex_explicit_stripped_final_frame,Hydrophobic,79LEU,3.61,,MDR1_TRIRC,pocket10,replica_1
MDR1_TRIRC_prepared_Milbemycin_pocket10_complex_recombined_complex_explicit_stripped_final_frame,Hydrophobic,82ILE,3.65,,MDR1_TRIRC,pocket10,replica_1
MDR1_TRIRC_prepared_Milbemycin_pocket10_complex_recombined_complex_explicit_stripped_final_frame,Hydrophobic,112ALA,3.94,,MDR1_TRIRC,pocket10,replica_1
MDR1_TRIRC_prepared_Milbemycin_pocket4_complex_recombined_complex_explicit_stripped_final_frame,Hydrophobic,573PHE,3.65,,MDR1_TRIRC,pocket4,replica_1
MDR1_TRIRC_prepared_Milbemycin_pocket4_complex_recombined_complex_explicit_stripped_final_frame,Hydrophobic,743THR,3.93,,MDR1_TRIRC,pocket4,replica_1
MDR1_TRIRC_prepared_Milbemycin_pocket4_complex_recombined_complex_explicit_stripped_final_frame,Hydrophobic,1466PRO,3.66,,MDR1_TRIRC,pocket4,replica_1
MDR1_TRIRC_prepared_Milbemycin_pocket4_complex_recombined_complex_explicit_stripped_final_frame,Hydrophobic,1467LEU,3.78,,MDR1_TRIRC,pocket4,replica_1
MDR1_TRIRC_prepared_Milbemycin_pocket4_complex_recombined_complex_explicit_stripped_final_frame,Hydrophobic,1473PHE,3.55,,MDR1_TRIRC,pocket4,replica_1
MDR1_TRIRC_prepared_Milbemycin_pocket4_complex_recombined_complex_explicit_stripped_final_frame,SaltBridge,1385LYS,3.56,A↔A,MDR1_TRIRC,pocket4,replica_1
MDR1_TRIRC_prepared_Milbemycin_pocket4_complex_recombined_complex_explicit_stripped_initial_frame,HydrogenBond,743THR,4.04,O3->O3,MDR1_TRIRC,pocket4,replica_1
MDR1_TRIRC_prepared_Milbemycin_pocket4_complex_recombined_complex_explicit_stripped_initial_frame,Hydrophobic,1450PRO,4.0,,MDR1_TRIRC,pocket4,replica_1
MDR1_TRIRC_prepared_Milbemycin_pocket4_complex_recombined_complex_explicit_stripped_initial_frame,Hydrophobic,1466PRO,3.82,,MDR1_TRIRC,pocket4,replica_1
MDR1_TRIRC_prepared_Milbemycin_pocket4_complex_recombined_complex_explicit_stripped_initial_frame,Hydrophobic,1467LEU,2.38,,MDR1_TRIRC,pocket4,replica_1
MDR1_TRIRC_prepared_Milbemycin_pocket4_complex_recombined_complex_explicit_stripped_initial_frame,Hydrophobic,1473PHE,3.95,,MDR1_TRIRC,pocket4,replica_1
MDR1_TRIRC_prepared_Milbemycin_pocket4_complex_recombined_complex_explicit_stripped_initial_frame,Hydrophobic,569THR,3.49,,MDR1_TRIRC,pocket4,replica_1
MDR1_TRIRC_prepared_Milbemycin_pocket4_complex_recombined_complex_explicit_stripped_initial_frame,Hydrophobic,758VAL,1.43,,MDR1_TRIRC,pocket4,replica_1
MDR1_TRIRC_prepared_Milbemycin_pocket4_complex_recombined_complex_explicit_stripped_initial_frame,Hydrophobic,1467LEU,2.4,,MDR1_TRIRC,pocket4,replica_1
MDR1_TRIRC_prepared_Milbemycin_pocket4_complex_recombined_complex_explicit_stripped_initial_frame,Hydrophobic,1473PHE,1.9,,MDR1_TRIRC,pocket4,replica_1
MDR1_TRIRC_prepared_Milbemycin_pocket8_complex_recombined_complex_explicit_stripped_initial_frame,HydrogenBond,816SER,3.45,O2->O3,MDR1_TRIRC,pocket8,replica_1
MDR1_TRIRC_prepared_Milbemycin_pocket8_complex_recombined_complex_explicit_stripped_initial_frame,HydrogenBond,816SER,3.83,O3->O3,MDR1_TRIRC,pocket8,replica_1
MDR1_TRIRC_prepared_Milbemycin_pocket8_complex_recombined_complex_explicit_stripped_initial_frame,HydrogenBond,816SER,2.69,O3->O3,MDR1_TRIRC,pocket8,replica_1
MDR1_TRIRC_prepared_Milbemycin_pocket8_complex_recombined_complex_explicit_stripped_initial_frame,HydrogenBond,816SER,3.13,O3->Nam,MDR1_TRIRC,pocket8,replica_1
MDR1_TRIRC_prepared_Milbemycin_pocket8_complex_recombined_complex_explicit_stripped_initial_frame,Hydrophobic,263TYR,3.2,,MDR1_TRIRC,pocket8,replica_1
MDR1_TRIRC_prepared_Milbemycin_pocket8_complex_recombined_complex_explicit_stripped_initial_frame,Hydrophobic,605VAL,3.94,,MDR1_TRIRC,pocket8,replica_1
MDR1_TRIRC_prepared_Milbemycin_pocket8_complex_recombined_complex_explicit_stripped_initial_frame,Hydrophobic,263TYR,3.71,,MDR1_TRIRC,pocket8,replica_1
MDR1_TRIRC_prepared_Milbemycin_pocket8_complex_recombined_complex_explicit_stripped_final_frame,HydrogenBond,816SER,3.3,O3->O3,MDR1_TRIRC,pocket8,replica_1
MDR1_TRIRC_prepared_Milbemycin_pocket8_complex_recombined_complex_explicit_stripped_final_frame,HydrogenBond,1021GLU,2.84,O3->O3,MDR1_TRIRC,pocket8,replica_1
MDR1_TRIRC_prepared_Milbemycin_pocket8_complex_recombined_complex_explicit_stripped_final_frame,HydrogenBond,226LYS,3.91,O3->N3+,MDR1_TRIRC,pocket8,replica_1
MDR1_TRIRC_prepared_Milbemycin_pocket8_complex_recombined_complex_explicit_stripped_final_frame,HydrogenBond,816SER,3.32,O3->Nam,MDR1_TRIRC,pocket8,replica_1
MDR1_TRIRC_prepared_Milbemycin_pocket8_complex_recombined_complex_explicit_stripped_final_frame,Hydrophobic,1019PRO,3.53,,MDR1_TRIRC,pocket8,replica_1
MDR1_TRIRC_prepared_Milbemycin_pocket7_complex_recombined_complex_explicit_stripped_final_frame,Hydrophobic,695ALA,3.95,,MDR1_TRIRC,pocket7,replica_1
MDR1_TRIRC_prepared_Milbemycin_pocket7_complex_recombined_complex_explicit_stripped_final_frame,Hydrophobic,713PHE,3.69,,MDR1_TRIRC,pocket7,replica_1
MDR1_TRIRC_prepared_Milbemycin_pocket7_complex_recombined_complex_explicit_stripped_final_frame,Hydrophobic,715TRP,3.9,,MDR1_TRIRC,pocket7,replica_1
MDR1_TRIRC_prepared_Milbemycin_pocket7_complex_recombined_complex_explicit_stripped_final_frame,Hydrophobic,798PHE,3.84,,MDR1_TRIRC,pocket7,replica_1
MDR1_TRIRC_prepared_Milbemycin_pocket7_complex_recombined_complex_explicit_stripped_final_frame,Hydrophobic,1235PHE,3.95,,MDR1_TRIRC,pocket7,replica_1
MDR1_TRIRC_prepared_Milbemycin_pocket7_complex_recombined_complex_explicit_stripped_initial_frame,Hydrophobic,674THR,3.37,,MDR1_TRIRC,pocket7,replica_1
MDR1_TRIRC_prepared_Milbemycin_pocket7_complex_recombined_complex_explicit_stripped_initial_frame,Hydrophobic,678ALA,3.99,,MDR1_TRIRC,pocket7,replica_1
MDR1_TRIRC_prepared_Milbemycin_pocket7_complex_recombined_complex_explicit_stripped_initial_frame,Hydrophobic,719ILE,3.08,,MDR1_TRIRC,pocket7,replica_1
MDR1_TRIRC_prepared_Milbemycin_pocket7_complex_recombined_complex_explicit_stripped_initial_frame,Hydrophobic,798PHE,0.99,,MDR1_TRIRC,pocket7,replica_1
MDR1_TRIRC_prepared_Milbemycin_pocket7_complex_recombined_complex_explicit_stripped_initial_frame,Hydrophobic,802VAL,2.79,,MDR1_TRIRC,pocket7,replica_1
MDR1_TRIRC_prepared_Milbemycin_pocket7_complex_recombined_complex_explicit_stripped_initial_frame,Hydrophobic,798PHE,0.93,,MDR1_TRIRC,pocket7,replica_1
MDR1_TRIRC_prepared_Milbemycin_pocket7_complex_recombined_complex_explicit_stripped_initial_frame,Hydrophobic,798PHE,2.16,,MDR1_TRIRC,pocket7,replica_1
MDR1_TRIRC_prepared_Milbemycin_pocket7_complex_recombined_complex_explicit_stripped_initial_frame,Hydrophobic,799PHE,2.29,,MDR1_TRIRC,pocket7,replica_1
MDR1_TRIRC_prepared_Milbemycin_pocket7_complex_recombined_complex_explicit_stripped_initial_frame,Hydrophobic,802VAL,3.51,,MDR1_TRIRC,pocket7,replica_1
MDR1_TRIRC_prepared_Milbemycin_pocket1_complex_recombined_complex_explicit_stripped_initial_frame,HydrogenBond,148ARG,3.61,O2->O3,MDR1_TRIRC,pocket1,replica_1
MDR1_TRIRC_prepared_Milbemycin_pocket1_complex_recombined_complex_explicit_stripped_initial_frame,HydrogenBond,150ARG,3.61,O2->O3,MDR1_TRIRC,pocket1,replica_1
MDR1_TRIRC_prepared_Milbemycin_pocket1_complex_recombined_complex_explicit_stripped_initial_frame,HydrogenBond,148ARG,3.81,O3->Nam,MDR1_TRIRC,pocket1,replica_1
MDR1_TRIRC_prepared_Milbemycin_pocket1_complex_recombined_complex_explicit_stripped_initial_frame,HydrogenBond,150ARG,2.99,O3->Nam,MDR1_TRIRC,pocket1,replica_1
MDR1_TRIRC_prepared_Milbemycin_pocket1_complex_recombined_complex_explicit_stripped_initial_frame,Hydrophobic,147LYS,3.46,,MDR1_TRIRC,pocket1,replica_1
MDR1_TRIRC_prepared_Milbemycin_pocket1_complex_recombined_complex_explicit_stripped_initial_frame,Hydrophobic,150ARG,3.25,,MDR1_TRIRC,pocket1,replica_1
MDR1_TRIRC_prepared_Milbemycin_pocket1_complex_recombined_complex_explicit_stripped_initial_frame,Hydrophobic,503THR,3.16,,MDR1_TRIRC,pocket1,replica_1
MDR1_TRIRC_prepared_Milbemycin_pocket1_complex_recombined_complex_explicit_stripped_initial_frame,Hydrophobic,148ARG,2.93,,MDR1_TRIRC,pocket1,replica_1
MDR1_TRIRC_prepared_Milbemycin_pocket1_complex_recombined_complex_explicit_stripped_initial_frame,Hydrophobic,149ASN,2.89,,MDR1_TRIRC,pocket1,replica_1
MDR1_TRIRC_prepared_Milbemycin_pocket1_complex_recombined_complex_explicit_stripped_initial_frame,Hydrophobic,150ARG,2.11,,MDR1_TRIRC,pocket1,replica_1
MDR1_TRIRC_prepared_Milbemycin_pocket1_complex_recombined_complex_explicit_stripped_initial_frame,SaltBridge,150ARG,5.39,A↔A,MDR1_TRIRC,pocket1,replica_1
MDR1_TRIRC_prepared_Milbemycin_pocket1_complex_recombined_complex_explicit_stripped_final_frame,HydrogenBond,150ARG,2.69,O2->O3,MDR1_TRIRC,pocket1,replica_1
MDR1_TRIRC_prepared_Milbemycin_pocket1_complex_recombined_complex_explicit_stripped_final_frame,Hydrophobic,147LYS,3.72,,MDR1_TRIRC,pocket1,replica_1
MDR1_TRIRC_prepared_Milbemycin_pocket1_complex_recombined_complex_explicit_stripped_final_frame,SaltBridge,147LYS,4.82,A↔A,MDR1_TRIRC,pocket1,replica_1
MDR1_TRIRC_prepared_Milbemycin_pocket1_complex_recombined_complex_explicit_stripped_final_frame,SaltBridge,150ARG,4.61,A↔A,MDR1_TRIRC,pocket1,replica_1
MDR1_TRIRC_prepared_Milbemycin_pocket11_complex_recombined_complex_explicit_stripped_initial_frame,HydrogenBond,1086ILE,4.02,O2->O3,MDR1_TRIRC,pocket11,replica_1
MDR1_TRIRC_prepared_Milbemycin_pocket11_complex_recombined_complex_explicit_stripped_initial_frame,HydrogenBond,1090GLN,4.0,O3->Nam,MDR1_TRIRC,pocket11,replica_1
MDR1_TRIRC_prepared_Milbemycin_pocket11_complex_recombined_complex_explicit_stripped_initial_frame,Hydrophobic,431PRO,1.97,,MDR1_TRIRC,pocket11,replica_1
MDR1_TRIRC_prepared_Milbemycin_pocket11_complex_recombined_complex_explicit_stripped_initial_frame,Hydrophobic,1086ILE,2.8,,MDR1_TRIRC,pocket11,replica_1
MDR1_TRIRC_prepared_Milbemycin_pocket11_complex_recombined_complex_explicit_stripped_initial_frame,Hydrophobic,1086ILE,1.76,,MDR1_TRIRC,pocket11,replica_1
MDR1_TRIRC_prepared_Milbemycin_pocket11_complex_recombined_complex_explicit_stripped_initial_frame,Hydrophobic,434GLN,2.8,,MDR1_TRIRC,pocket11,replica_1
MDR1_TRIRC_prepared_Milbemycin_pocket11_complex_recombined_complex_explicit_stripped_initial_frame,Hydrophobic,1060TRP,2.48,,MDR1_TRIRC,pocket11,replica_1
MDR1_TRIRC_prepared_Milbemycin_pocket11_complex_recombined_complex_explicit_stripped_initial_frame,Hydrophobic,1086ILE,1.24,,MDR1_TRIRC,pocket11,replica_1
MDR1_TRIRC_prepared_Milbemycin_pocket11_complex_recombined_complex_explicit_stripped_initial_frame,Hydrophobic,1090GLN,3.02,,MDR1_TRIRC,pocket11,replica_1
MDR1_TRIRC_prepared_Milbemycin_pocket11_complex_recombined_complex_explicit_stripped_final_frame,Hydrophobic,450ILE,3.87,,MDR1_TRIRC,pocket11,replica_1
MDR1_TRIRC_prepared_Milbemycin_pocket13_complex_recombined_complex_explicit_stripped_initial_frame,HydrogenBond,547THR,2.68,O3->O3,MDR1_TRIRC,pocket13,replica_1
MDR1_TRIRC_prepared_Milbemycin_pocket13_complex_recombined_complex_explicit_stripped_initial_frame,HydrogenBond,592THR,3.88,O3->O3,MDR1_TRIRC,pocket13,replica_1
MDR1_TRIRC_prepared_Milbemycin_pocket13_complex_recombined_complex_explicit_stripped_initial_frame,Hydrophobic,544THR,3.73,,MDR1_TRIRC,pocket13,replica_1
MDR1_TRIRC_prepared_Milbemycin_pocket13_complex_recombined_complex_explicit_stripped_initial_frame,Hydrophobic,1363GLU,3.28,,MDR1_TRIRC,pocket13,replica_1
MDR1_TRIRC_prepared_Milbemycin_pocket13_complex_recombined_complex_explicit_stripped_initial_frame,Hydrophobic,547THR,2.15,,MDR1_TRIRC,pocket13,replica_1
MDR1_TRIRC_prepared_Milbemycin_pocket13_complex_recombined_complex_explicit_stripped_initial_frame,Hydrophobic,629ILE,3.09,,MDR1_TRIRC,pocket13,replica_1
MDR1_TRIRC_prepared_Milbemycin_pocket13_complex_recombined_complex_explicit_stripped_final_frame,HydrogenBond,547THR,3.71,O3->O3,MDR1_TRIRC,pocket13,replica_1
MDR1_TRIRC_prepared_Milbemycin_pocket13_complex_recombined_complex_explicit_stripped_final_frame,HydrogenBond,600GLN,2.79,O3->Nam,MDR1_TRIRC,pocket13,replica_1
MDR1_TRIRC_prepared_Milbemycin_pocket13_complex_recombined_complex_explicit_stripped_final_frame,HydrogenBond,592THR,2.74,O3->O3,MDR1_TRIRC,pocket13,replica_1
MDR1_TRIRC_prepared_Milbemycin_pocket13_complex_recombined_complex_explicit_stripped_final_frame,Hydrophobic,540ASP,3.96,,MDR1_TRIRC,pocket13,replica_1
MDR1_TRIRC_prepared_Milbemycin_pocket13_complex_recombined_complex_explicit_stripped_final_frame,Hydrophobic,593GLU,3.71,,MDR1_TRIRC,pocket13,replica_1
MDR1_TRIRC_prepared_Milbemycin_pocket13_complex_recombined_complex_explicit_stripped_final_frame,Hydrophobic,599ALA,3.73,,MDR1_TRIRC,pocket13,replica_1
MDR1_TRIRC_prepared_Milbemycin_pocket13_complex_recombined_complex_explicit_stripped_final_frame,Hydrophobic,803TYR,3.84,,MDR1_TRIRC,pocket13,replica_1
MDR1_TRIRC_prepared_Milbemycin_pocket13_complex_recombined_complex_explicit_stripped_final_frame,Hydrophobic,1363GLU,3.63,,MDR1_TRIRC,pocket13,replica_1
MDR1_TRIRC_prepared_Milbemycin_pocket13_complex_recombined_complex_explicit_stripped_final_frame,Hydrophobic,1364THR,4.0,,MDR1_TRIRC,pocket13,replica_1
MDR1_TRIRC_prepared_Milbemycin_pocket15_complex_recombined_complex_explicit_stripped_final_frame,HydrogenBond,1168GLN,3.09,O3->Nam,MDR1_TRIRC,pocket15,replica_1
MDR1_TRIRC_prepared_Milbemycin_pocket15_complex_recombined_complex_explicit_stripped_final_frame,HydrogenBond,886ASN,2.84,O3->Nam,MDR1_TRIRC,pocket15,replica_1
MDR1_TRIRC_prepared_Milbemycin_pocket15_complex_recombined_complex_explicit_stripped_final_frame,Hydrophobic,1168GLN,3.83,,MDR1_TRIRC,pocket15,replica_1
MDR1_TRIRC_prepared_Milbemycin_pocket15_complex_recombined_complex_explicit_stripped_initial_frame,HydrogenBond,885ARG,3.96,O3->Ng+,MDR1_TRIRC,pocket15,replica_1
MDR1_TRIRC_prepared_Milbemycin_pocket15_complex_recombined_complex_explicit_stripped_initial_frame,Hydrophobic,1159LYS,2.8,,MDR1_TRIRC,pocket15,replica_1
MDR1_TRIRC_prepared_Milbemycin_pocket15_complex_recombined_complex_explicit_stripped_initial_frame,Hydrophobic,1160GLU,3.4,,MDR1_TRIRC,pocket15,replica_1
MDR1_TRIRC_prepared_Milbemycin_pocket15_complex_recombined_complex_explicit_stripped_initial_frame,Hydrophobic,1165ARG,1.57,,MDR1_TRIRC,pocket15,replica_1
MDR1_TRIRC_prepared_Milbemycin_pocket15_complex_recombined_complex_explicit_stripped_initial_frame,Hydrophobic,1165ARG,1.07,,MDR1_TRIRC,pocket15,replica_1
MDR1_TRIRC_prepared_Milbemycin_pocket15_complex_recombined_complex_explicit_stripped_initial_frame,Hydrophobic,1168GLN,3.2,,MDR1_TRIRC,pocket15,replica_1
MDR1_TRIRC_prepared_Milbemycin_pocket9_complex_recombined_complex_explicit_stripped_initial_frame,Hydrophobic,1497PHE,1.33,,MDR1_TRIRC,pocket9,replica_1
MDR1_TRIRC_prepared_Milbemycin_pocket9_complex_recombined_complex_explicit_stripped_initial_frame,Hydrophobic,1497PHE,3.63,,MDR1_TRIRC,pocket9,replica_1
MDR1_TRIRC_prepared_Milbemycin_pocket9_complex_recombined_complex_explicit_stripped_initial_frame,Hydrophobic,1500PHE,3.42,,MDR1_TRIRC,pocket9,replica_1
MDR1_TRIRC_prepared_Milbemycin_pocket9_complex_recombined_complex_explicit_stripped_initial_frame,Hydrophobic,1399VAL,2.28,,MDR1_TRIRC,pocket9,replica_1
MDR1_TRIRC_prepared_Milbemycin_pocket9_complex_recombined_complex_explicit_stripped_initial_frame,Hydrophobic,1497PHE,0.62,,MDR1_TRIRC,pocket9,replica_1
MDR1_TRIRC_prepared_Milbemycin_pocket9_complex_recombined_complex_explicit_stripped_initial_frame,Hydrophobic,1497PHE,0.54,,MDR1_TRIRC,pocket9,replica_1
MDR1_TRIRC_prepared_Milbemycin_pocket9_complex_recombined_complex_explicit_stripped_final_frame,Hydrophobic,1493ALA,3.97,,MDR1_TRIRC,pocket9,replica_1
MDR1_TRIRC_prepared_Milbemycin_pocket9_complex_recombined_complex_explicit_stripped_final_frame,Hydrophobic,1494TYR,3.37,,MDR1_TRIRC,pocket9,replica_1
MDR1_TRIRC_prepared_Milbemycin_pocket9_complex_recombined_complex_explicit_stripped_final_frame,Hydrophobic,1494TYR,3.47,,MDR1_TRIRC,pocket9,replica_1
MDR1_TRIRC_prepared_Milbemycin_pocket9_complex_recombined_complex_explicit_stripped_final_frame,Hydrophobic,1521ILE,3.87,,MDR1_TRIRC,pocket9,replica_1
MDR1_TRIRC_prepared_Milbemycin_pocket5_complex_recombined_complex_explicit_stripped_initial_frame,HydrogenBond,592THR,3.99,O3->O3,MDR1_TRIRC,pocket5,replica_1
MDR1_TRIRC_prepared_Milbemycin_pocket5_complex_recombined_complex_explicit_stripped_initial_frame,HydrogenBond,547THR,2.94,O3->O3,MDR1_TRIRC,pocket5,replica_1
MDR1_TRIRC_prepared_Milbemycin_pocket5_complex_recombined_complex_explicit_stripped_initial_frame,Hydrophobic,537LEU,3.31,,MDR1_TRIRC,pocket5,replica_1
MDR1_TRIRC_prepared_Milbemycin_pocket5_complex_recombined_complex_explicit_stripped_initial_frame,Hydrophobic,544THR,3.72,,MDR1_TRIRC,pocket5,replica_1
MDR1_TRIRC_prepared_Milbemycin_pocket5_complex_recombined_complex_explicit_stripped_initial_frame,Hydrophobic,626ASP,3.83,,MDR1_TRIRC,pocket5,replica_1
MDR1_TRIRC_prepared_Milbemycin_pocket5_complex_recombined_complex_explicit_stripped_initial_frame,Hydrophobic,1363GLU,3.64,,MDR1_TRIRC,pocket5,replica_1
MDR1_TRIRC_prepared_Milbemycin_pocket5_complex_recombined_complex_explicit_stripped_initial_frame,Hydrophobic,547THR,2.02,,MDR1_TRIRC,pocket5,replica_1
MDR1_TRIRC_prepared_Milbemycin_pocket5_complex_recombined_complex_explicit_stripped_final_frame,HydrogenBond,592THR,4.08,O2->O3,MDR1_TRIRC,pocket5,replica_1
MDR1_TRIRC_prepared_Milbemycin_pocket5_complex_recombined_complex_explicit_stripped_final_frame,HydrogenBond,1363GLU,2.99,O2->O3,MDR1_TRIRC,pocket5,replica_1
MDR1_TRIRC_prepared_Milbemycin_pocket5_complex_recombined_complex_explicit_stripped_final_frame,HydrogenBond,543SER,2.87,O3->O3,MDR1_TRIRC,pocket5,replica_1
MDR1_TRIRC_prepared_Milbemycin_pocket5_complex_recombined_complex_explicit_stripped_final_frame,HydrogenBond,1367GLY,3.67,O3->Nam,MDR1_TRIRC,pocket5,replica_1
MDR1_TRIRC_prepared_Milbemycin_pocket5_complex_recombined_complex_explicit_stripped_final_frame,Hydrophobic,537LEU,3.82,,MDR1_TRIRC,pocket5,replica_1
MDR1_TRIRC_prepared_Milbemycin_pocket5_complex_recombined_complex_explicit_stripped_final_frame,Hydrophobic,544THR,3.92,,MDR1_TRIRC,pocket5,replica_1
MDR1_TRIRC_prepared_Milbemycin_pocket5_complex_recombined_complex_explicit_stripped_final_frame,Hydrophobic,547THR,3.99,,MDR1_TRIRC,pocket5,replica_1
MDR1_TRIRC_prepared_Milbemycin_pocket5_complex_recombined_complex_explicit_stripped_final_frame,Hydrophobic,600GLN,3.73,,MDR1_TRIRC,pocket5,replica_1
MDR1_TRIRC_prepared_Milbemycin_pocket5_complex_recombined_complex_explicit_stripped_final_frame,Hydrophobic,625ALA,3.71,,MDR1_TRIRC,pocket5,replica_1
MDR1_TRIRC_prepared_Milbemycin_pocket5_complex_recombined_complex_explicit_stripped_final_frame,Hydrophobic,629ILE,3.85,,MDR1_TRIRC,pocket5,replica_1
MDR1_TRIRC_prepared_Milbemycin_pocket5_complex_recombined_complex_explicit_stripped_final_frame,Hydrophobic,629ILE,3.9,,MDR1_TRIRC,pocket5,replica_1
MDR1_TRIRC_prepared_Milbemycin_pocket5_complex_recombined_complex_explicit_stripped_final_frame,Hydrophobic,630LYS,3.72,,MDR1_TRIRC,pocket5,replica_1
MDR1_TRIRC_prepared_Milbemycin_pocket5_complex_recombined_complex_explicit_stripped_final_frame,Hydrophobic,1364THR,3.69,,MDR1_TRIRC,pocket5,replica_1
MDR1_TRIRC_prepared_Milbemycin_pocket3_complex_recombined_complex_explicit_stripped_initial_frame,Hydrophobic,114VAL,3.45,,MDR1_TRIRC,pocket3,replica_1
MDR1_TRIRC_prepared_Milbemycin_pocket3_complex_recombined_complex_explicit_stripped_initial_frame,Hydrophobic,116ILE,3.34,,MDR1_TRIRC,pocket3,replica_1
MDR1_TRIRC_prepared_Milbemycin_pocket3_complex_recombined_complex_explicit_stripped_initial_frame,Hydrophobic,71TRP,1.81,,MDR1_TRIRC,pocket3,replica_1
MDR1_TRIRC_prepared_Milbemycin_pocket3_complex_recombined_complex_explicit_stripped_initial_frame,Hydrophobic,112ALA,1.97,,MDR1_TRIRC,pocket3,replica_1
MDR1_TRIRC_prepared_Milbemycin_pocket3_complex_recombined_complex_explicit_stripped_initial_frame,Hydrophobic,115LYS,2.64,,MDR1_TRIRC,pocket3,replica_1
MDR1_TRIRC_prepared_Milbemycin_pocket3_complex_recombined_complex_explicit_stripped_initial_frame,Hydrophobic,115LYS,2.34,,MDR1_TRIRC,pocket3,replica_1
MDR1_TRIRC_prepared_Milbemycin_pocket3_complex_recombined_complex_explicit_stripped_initial_frame,SaltBridge,115LYS,5.36,A↔A,MDR1_TRIRC,pocket3,replica_1
MDR1_TRIRC_prepared_Milbemycin_pocket3_complex_recombined_complex_explicit_stripped_final_frame,HydrogenBond,71TRP,2.99,O3->Nar,MDR1_TRIRC,pocket3,replica_1
MDR1_TRIRC_prepared_Milbemycin_pocket3_complex_recombined_complex_explicit_stripped_final_frame,Hydrophobic,71TRP,3.38,,MDR1_TRIRC,pocket3,replica_1
MDR1_TRIRC_prepared_Milbemycin_pocket3_complex_recombined_complex_explicit_stripped_final_frame,Hydrophobic,71TRP,3.7,,MDR1_TRIRC,pocket3,replica_1
MDR1_TRIRC_prepared_Milbemycin_pocket3_complex_recombined_complex_explicit_stripped_final_frame,Hydrophobic,78GLU,3.6,,MDR1_TRIRC,pocket3,replica_1
MDR1_TRIRC_prepared_Milbemycin_pocket12_complex_recombined_complex_explicit_stripped_initial_frame,HydrogenBond,592THR,4.06,O3->O3,MDR1_TRIRC,pocket12,replica_1
MDR1_TRIRC_prepared_Milbemycin_pocket12_complex_recombined_complex_explicit_stripped_initial_frame,HydrogenBond,547THR,2.95,O3->O3,MDR1_TRIRC,pocket12,replica_1
MDR1_TRIRC_prepared_Milbemycin_pocket12_complex_recombined_complex_explicit_stripped_initial_frame,Hydrophobic,537LEU,3.24,,MDR1_TRIRC,pocket12,replica_1
MDR1_TRIRC_prepared_Milbemycin_pocket12_complex_recombined_complex_explicit_stripped_initial_frame,Hydrophobic,544THR,3.66,,MDR1_TRIRC,pocket12,replica_1
MDR1_TRIRC_prepared_Milbemycin_pocket12_complex_recombined_complex_explicit_stripped_initial_frame,Hydrophobic,626ASP,3.88,,MDR1_TRIRC,pocket12,replica_1
MDR1_TRIRC_prepared_Milbemycin_pocket12_complex_recombined_complex_explicit_stripped_initial_frame,Hydrophobic,1363GLU,3.62,,MDR1_TRIRC,pocket12,replica_1
MDR1_TRIRC_prepared_Milbemycin_pocket12_complex_recombined_complex_explicit_stripped_initial_frame,Hydrophobic,547THR,2.03,,MDR1_TRIRC,pocket12,replica_1
MDR1_TRIRC_prepared_Milbemycin_pocket12_complex_recombined_complex_explicit_stripped_final_frame,HydrogenBond,540ASP,2.65,O2->O3,MDR1_TRIRC,pocket12,replica_1
MDR1_TRIRC_prepared_Milbemycin_pocket12_complex_recombined_complex_explicit_stripped_final_frame,HydrogenBond,543SER,3.21,O3->O3,MDR1_TRIRC,pocket12,replica_1
MDR1_TRIRC_prepared_Milbemycin_pocket12_complex_recombined_complex_explicit_stripped_final_frame,HydrogenBond,595ASN,3.57,O3->Nam,MDR1_TRIRC,pocket12,replica_1
MDR1_TRIRC_prepared_Milbemycin_pocket12_complex_recombined_complex_explicit_stripped_final_frame,Hydrophobic,536ARG,3.86,,MDR1_TRIRC,pocket12,replica_1
MDR1_TRIRC_prepared_Milbemycin_pocket12_complex_recombined_complex_explicit_stripped_final_frame,Hydrophobic,537LEU,3.57,,MDR1_TRIRC,pocket12,replica_1
MDR1_TRIRC_prepared_Milbemycin_pocket12_complex_recombined_complex_explicit_stripped_final_frame,Hydrophobic,540ASP,3.98,,MDR1_TRIRC,pocket12,replica_1
MDR1_TRIRC_prepared_Milbemycin_pocket12_complex_recombined_complex_explicit_stripped_final_frame,Hydrophobic,600GLN,3.75,,MDR1_TRIRC,pocket12,replica_1
MDR1_TRIRC_prepared_Milbemycin_pocket14_complex_recombined_complex_explicit_stripped_final_frame,HydrogenBond,922ALA,3.95,O3->Nam,MDR1_TRIRC,pocket14,replica_1
MDR1_TRIRC_prepared_Milbemycin_pocket14_complex_recombined_complex_explicit_stripped_final_frame,Hydrophobic,365THR,3.6,,MDR1_TRIRC,pocket14,replica_1
MDR1_TRIRC_prepared_Milbemycin_pocket14_complex_recombined_complex_explicit_stripped_final_frame,Hydrophobic,1099LYS,4.0,,MDR1_TRIRC,pocket14,replica_1
MDR1_TRIRC_prepared_Milbemycin_pocket14_complex_recombined_complex_explicit_stripped_final_frame,Hydrophobic,1099LYS,3.76,,MDR1_TRIRC,pocket14,replica_1
MDR1_TRIRC_prepared_Milbemycin_pocket14_complex_recombined_complex_explicit_stripped_final_frame,Hydrophobic,919VAL,3.7,,MDR1_TRIRC,pocket14,replica_1
MDR1_TRIRC_prepared_Milbemycin_pocket14_complex_recombined_complex_explicit_stripped_initial_frame,HydrogenBond,920SER,3.96,O3->O3,MDR1_TRIRC,pocket14,replica_1
MDR1_TRIRC_prepared_Milbemycin_pocket14_complex_recombined_complex_explicit_stripped_initial_frame,HydrogenBond,922ALA,3.5,O3->Nam,MDR1_TRIRC,pocket14,replica_1
MDR1_TRIRC_prepared_Milbemycin_pocket14_complex_recombined_complex_explicit_stripped_initial_frame,Hydrophobic,364ALA,3.65,,MDR1_TRIRC,pocket14,replica_1
MDR1_TRIRC_prepared_Milbemycin_pocket14_complex_recombined_complex_explicit_stripped_initial_frame,Hydrophobic,919VAL,3.77,,MDR1_TRIRC,pocket14,replica_1
MDR1_TRIRC_prepared_Milbemycin_pocket14_complex_recombined_complex_explicit_stripped_initial_frame,Hydrophobic,919VAL,3.97,,MDR1_TRIRC,pocket14,replica_1
MDR1_TRIRC_prepared_Milbemycin_pocket14_complex_recombined_complex_explicit_stripped_initial_frame,Hydrophobic,919VAL,2.43,,MDR1_TRIRC,pocket14,replica_1
MDR1_TRIRC_prepared_Milbemycin_pocket14_complex_recombined_complex_explicit_stripped_initial_frame,Hydrophobic,1144ALA,1.57,,MDR1_TRIRC,pocket14,replica_1
MDR1_TRIRC_prepared_Milbemycin_pocket14_complex_recombined_complex_explicit_stripped_initial_frame,SaltBridge,1099LYS,3.73,A↔A,MDR1_TRIRC,pocket14,replica_1
MDR1_TRIRC_prepared_Milbemycin_pocket2_complex_recombined_complex_explicit_stripped_initial_frame,HydrogenBond,592THR,2.47,O3->O3,MDR1_TRIRC,pocket2,replica_1
MDR1_TRIRC_prepared_Milbemycin_pocket2_complex_recombined_complex_explicit_stripped_initial_frame,HydrogenBond,592THR,3.4,O3->O3,MDR1_TRIRC,pocket2,replica_1
MDR1_TRIRC_prepared_Milbemycin_pocket2_complex_recombined_complex_explicit_stripped_initial_frame,HydrogenBond,547THR,2.25,O3->O3,MDR1_TRIRC,pocket2,replica_1
MDR1_TRIRC_prepared_Milbemycin_pocket2_complex_recombined_complex_explicit_stripped_initial_frame,Hydrophobic,537LEU,3.77,,MDR1_TRIRC,pocket2,replica_1
MDR1_TRIRC_prepared_Milbemycin_pocket2_complex_recombined_complex_explicit_stripped_initial_frame,Hydrophobic,630LYS,3.98,,MDR1_TRIRC,pocket2,replica_1
MDR1_TRIRC_prepared_Milbemycin_pocket2_complex_recombined_complex_explicit_stripped_initial_frame,Hydrophobic,1363GLU,3.17,,MDR1_TRIRC,pocket2,replica_1
MDR1_TRIRC_prepared_Milbemycin_pocket2_complex_recombined_complex_explicit_stripped_initial_frame,Hydrophobic,547THR,1.96,,MDR1_TRIRC,pocket2,replica_1
MDR1_TRIRC_prepared_Milbemycin_pocket2_complex_recombined_complex_explicit_stripped_initial_frame,Hydrophobic,629ILE,3.04,,MDR1_TRIRC,pocket2,replica_1
MDR1_TRIRC_prepared_Milbemycin_pocket2_complex_recombined_complex_explicit_stripped_final_frame,HydrogenBond,544THR,3.2,O3->O3,MDR1_TRIRC,pocket2,replica_1
MDR1_TRIRC_prepared_Milbemycin_pocket2_complex_recombined_complex_explicit_stripped_final_frame,Hydrophobic,544THR,3.95,,MDR1_TRIRC,pocket2,replica_1
MDR1_TRIRC_prepared_Milbemycin_pocket2_complex_recombined_complex_explicit_stripped_final_frame,Hydrophobic,600GLN,3.88,,MDR1_TRIRC,pocket2,replica_1
MDR1_TRIRC_prepared_Milbemycin_pocket2_complex_recombined_complex_explicit_stripped_final_frame,Hydrophobic,537LEU,3.69,,MDR1_TRIRC,pocket2,replica_1
MDR1_TRIRC_prepared_Milbemycin_pocket2_complex_recombined_complex_explicit_stripped_final_frame,Hydrophobic,599ALA,3.57,,MDR1_TRIRC,pocket2,replica_1
MDR1_TRIRC_prepared_Milbemycin_pocket2_complex_recombined_complex_explicit_stripped_final_frame,Hydrophobic,629ILE,3.63,,MDR1_TRIRC,pocket2,replica_1
CIMG_09093_prepared_Milbemycin_pocket10_complex_recombined_complex_explicit_stripped_final_frame,HydrogenBond,175TYR,3.07,O2->O3,CIMG_09093,pocket10,replica_1
CIMG_09093_prepared_Milbemycin_pocket10_complex_recombined_complex_explicit_stripped_final_frame,HydrogenBond,168LYS,2.73,O3->N3+,CIMG_09093,pocket10,replica_1
CIMG_09093_prepared_Milbemycin_pocket10_complex_recombined_complex_explicit_stripped_final_frame,HydrogenBond,765GLU,3.58,O3->Nam,CIMG_09093,pocket10,replica_1
CIMG_09093_prepared_Milbemycin_pocket10_complex_recombined_complex_explicit_stripped_final_frame,Hydrophobic,137ILE,3.68,,CIMG_09093,pocket10,replica_1
CIMG_09093_prepared_Milbemycin_pocket10_complex_recombined_complex_explicit_stripped_final_frame,Hydrophobic,177LEU,3.96,,CIMG_09093,pocket10,replica_1
CIMG_09093_prepared_Milbemycin_pocket10_complex_recombined_complex_explicit_stripped_final_frame,Hydrophobic,765GLU,3.94,,CIMG_09093,pocket10,replica_1
CIMG_09093_prepared_Milbemycin_pocket10_complex_recombined_complex_explicit_stripped_final_frame,Hydrophobic,767LEU,3.63,,CIMG_09093,pocket10,replica_1
CIMG_09093_prepared_Milbemycin_pocket10_complex_recombined_complex_explicit_stripped_final_frame,Hydrophobic,956VAL,3.93,,CIMG_09093,pocket10,replica_1
CIMG_09093_prepared_Milbemycin_pocket10_complex_recombined_complex_explicit_stripped_final_frame,Hydrophobic,955ASN,3.71,,CIMG_09093,pocket10,replica_1
CIMG_09093_prepared_Milbemycin_pocket10_complex_recombined_complex_explicit_stripped_initial_frame,HydrogenBond,175TYR,3.84,O2->O3,CIMG_09093,pocket10,replica_1
CIMG_09093_prepared_Milbemycin_pocket10_complex_recombined_complex_explicit_stripped_initial_frame,HydrogenBond,763LYS,3.9,O2->O3,CIMG_09093,pocket10,replica_1
CIMG_09093_prepared_Milbemycin_pocket10_complex_recombined_complex_explicit_stripped_initial_frame,HydrogenBond,765GLU,2.78,O3->Nam,CIMG_09093,pocket10,replica_1
CIMG_09093_prepared_Milbemycin_pocket10_complex_recombined_complex_explicit_stripped_initial_frame,HydrogenBond,765GLU,3.36,O3->O3,CIMG_09093,pocket10,replica_1
CIMG_09093_prepared_Milbemycin_pocket10_complex_recombined_complex_explicit_stripped_initial_frame,HydrogenBond,168LYS,2.59,O3->N3+,CIMG_09093,pocket10,replica_1
CIMG_09093_prepared_Milbemycin_pocket10_complex_recombined_complex_explicit_stripped_initial_frame,Hydrophobic,168LYS,3.89,,CIMG_09093,pocket10,replica_1
CIMG_09093_prepared_Milbemycin_pocket10_complex_recombined_complex_explicit_stripped_initial_frame,Hydrophobic,765GLU,2.97,,CIMG_09093,pocket10,replica_1
CIMG_09093_prepared_Milbemycin_pocket10_complex_recombined_complex_explicit_stripped_initial_frame,Hydrophobic,766ILE,3.79,,CIMG_09093,pocket10,replica_1
CIMG_09093_prepared_Milbemycin_pocket10_complex_recombined_complex_explicit_stripped_initial_frame,Hydrophobic,955ASN,2.98,,CIMG_09093,pocket10,replica_1
CIMG_09093_prepared_Milbemycin_pocket10_complex_recombined_complex_explicit_stripped_initial_frame,Hydrophobic,765GLU,1.73,,CIMG_09093,pocket10,replica_1
CIMG_09093_prepared_Milbemycin_pocket4_complex_recombined_complex_explicit_stripped_initial_frame,HydrogenBond,705THR,3.54,O2->O3,CIMG_09093,pocket4,replica_1
CIMG_09093_prepared_Milbemycin_pocket4_complex_recombined_complex_explicit_stripped_initial_frame,HydrogenBond,706VAL,2.97,O3->Nam,CIMG_09093,pocket4,replica_1
CIMG_09093_prepared_Milbemycin_pocket4_complex_recombined_complex_explicit_stripped_initial_frame,HydrogenBond,704SER,3.0,O3->O3,CIMG_09093,pocket4,replica_1
CIMG_09093_prepared_Milbemycin_pocket4_complex_recombined_complex_explicit_stripped_initial_frame,Hydrophobic,515PHE,3.0,,CIMG_09093,pocket4,replica_1
CIMG_09093_prepared_Milbemycin_pocket4_complex_recombined_complex_explicit_stripped_initial_frame,Hydrophobic,1408ILE,2.5,,CIMG_09093,pocket4,replica_1
CIMG_09093_prepared_Milbemycin_pocket4_complex_recombined_complex_explicit_stripped_initial_frame,Hydrophobic,1370LEU,2.05,,CIMG_09093,pocket4,replica_1
CIMG_09093_prepared_Milbemycin_pocket4_complex_recombined_complex_explicit_stripped_initial_frame,Hydrophobic,1407PRO,3.09,,CIMG_09093,pocket4,replica_1
CIMG_09093_prepared_Milbemycin_pocket4_complex_recombined_complex_explicit_stripped_initial_frame,Hydrophobic,1408ILE,2.94,,CIMG_09093,pocket4,replica_1
CIMG_09093_prepared_Milbemycin_pocket4_complex_recombined_complex_explicit_stripped_initial_frame,Hydrophobic,1413VAL,1.78,,CIMG_09093,pocket4,replica_1
CIMG_09093_prepared_Milbemycin_pocket4_complex_recombined_complex_explicit_stripped_final_frame,HydrogenBond,704SER,3.32,O3->O3,CIMG_09093,pocket4,replica_1
CIMG_09093_prepared_Milbemycin_pocket4_complex_recombined_complex_explicit_stripped_final_frame,HydrogenBond,706VAL,3.09,O3->Nam,CIMG_09093,pocket4,replica_1
CIMG_09093_prepared_Milbemycin_pocket4_complex_recombined_complex_explicit_stripped_final_frame,HydrogenBond,1188GLN,3.61,O3->Nam,CIMG_09093,pocket4,replica_1
CIMG_09093_prepared_Milbemycin_pocket4_complex_recombined_complex_explicit_stripped_final_frame,Hydrophobic,515PHE,3.92,,CIMG_09093,pocket4,replica_1
CIMG_09093_prepared_Milbemycin_pocket4_complex_recombined_complex_explicit_stripped_final_frame,Hydrophobic,515PHE,3.88,,CIMG_09093,pocket4,replica_1
CIMG_09093_prepared_Milbemycin_pocket4_complex_recombined_complex_explicit_stripped_final_frame,Hydrophobic,687VAL,3.99,,CIMG_09093,pocket4,replica_1
CIMG_09093_prepared_Milbemycin_pocket4_complex_recombined_complex_explicit_stripped_final_frame,Hydrophobic,515PHE,3.86,,CIMG_09093,pocket4,replica_1
CIMG_09093_prepared_Milbemycin_pocket8_complex_recombined_complex_explicit_stripped_final_frame,HydrogenBond,267ASN,3.34,O3->Nam,CIMG_09093,pocket8,replica_1
CIMG_09093_prepared_Milbemycin_pocket8_complex_recombined_complex_explicit_stripped_final_frame,Hydrophobic,269PHE,3.72,,CIMG_09093,pocket8,replica_1
CIMG_09093_prepared_Milbemycin_pocket8_complex_recombined_complex_explicit_stripped_final_frame,Hydrophobic,540TYR,3.71,,CIMG_09093,pocket8,replica_1
CIMG_09093_prepared_Milbemycin_pocket8_complex_recombined_complex_explicit_stripped_final_frame,Hydrophobic,545ILE,3.83,,CIMG_09093,pocket8,replica_1
CIMG_09093_prepared_Milbemycin_pocket8_complex_recombined_complex_explicit_stripped_final_frame,Hydrophobic,624LEU,3.56,,CIMG_09093,pocket8,replica_1
CIMG_09093_prepared_Milbemycin_pocket8_complex_recombined_complex_explicit_stripped_final_frame,Hydrophobic,1213VAL,3.68,,CIMG_09093,pocket8,replica_1
CIMG_09093_prepared_Milbemycin_pocket8_complex_recombined_complex_explicit_stripped_final_frame,Hydrophobic,1214ALA,3.58,,CIMG_09093,pocket8,replica_1
CIMG_09093_prepared_Milbemycin_pocket8_complex_recombined_complex_explicit_stripped_final_frame,Hydrophobic,1305ALA,3.7,,CIMG_09093,pocket8,replica_1
CIMG_09093_prepared_Milbemycin_pocket8_complex_recombined_complex_explicit_stripped_initial_frame,HydrogenBond,1216ARG,3.96,O3->Ng+,CIMG_09093,pocket8,replica_1
CIMG_09093_prepared_Milbemycin_pocket8_complex_recombined_complex_explicit_stripped_initial_frame,HydrogenBond,1306GLU,2.55,O3->O3,CIMG_09093,pocket8,replica_1
CIMG_09093_prepared_Milbemycin_pocket8_complex_recombined_complex_explicit_stripped_initial_frame,Hydrophobic,267ASN,3.87,,CIMG_09093,pocket8,replica_1
CIMG_09093_prepared_Milbemycin_pocket8_complex_recombined_complex_explicit_stripped_initial_frame,Hydrophobic,537LEU,3.4,,CIMG_09093,pocket8,replica_1
CIMG_09093_prepared_Milbemycin_pocket8_complex_recombined_complex_explicit_stripped_initial_frame,Hydrophobic,541ALA,3.69,,CIMG_09093,pocket8,replica_1
CIMG_09093_prepared_Milbemycin_pocket8_complex_recombined_complex_explicit_stripped_initial_frame,Hydrophobic,1217ALA,3.74,,CIMG_09093,pocket8,replica_1
CIMG_09093_prepared_Milbemycin_pocket8_complex_recombined_complex_explicit_stripped_initial_frame,Hydrophobic,1304THR,3.72,,CIMG_09093,pocket8,replica_1
CIMG_09093_prepared_Milbemycin_pocket8_complex_recombined_complex_explicit_stripped_initial_frame,Hydrophobic,214PRO,2.64,,CIMG_09093,pocket8,replica_1
CIMG_09093_prepared_Milbemycin_pocket8_complex_recombined_complex_explicit_stripped_initial_frame,Hydrophobic,269PHE,1.72,,CIMG_09093,pocket8,replica_1
CIMG_09093_prepared_Milbemycin_pocket8_complex_recombined_complex_explicit_stripped_initial_frame,Hydrophobic,270VAL,1.79,,CIMG_09093,pocket8,replica_1
CIMG_09093_prepared_Milbemycin_pocket8_complex_recombined_complex_explicit_stripped_initial_frame,Hydrophobic,1213VAL,0.61,,CIMG_09093,pocket8,replica_1
CIMG_09093_prepared_Milbemycin_pocket8_complex_recombined_complex_explicit_stripped_initial_frame,Hydrophobic,1306GLU,2.46,,CIMG_09093,pocket8,replica_1
CIMG_09093_prepared_Milbemycin_pocket6_complex_recombined_complex_explicit_stripped_final_frame,Hydrophobic,613PHE,4.0,,CIMG_09093,pocket6,replica_1
CIMG_09093_prepared_Milbemycin_pocket6_complex_recombined_complex_explicit_stripped_final_frame,Hydrophobic,633ILE,3.78,,CIMG_09093,pocket6,replica_1
CIMG_09093_prepared_Milbemycin_pocket6_complex_recombined_complex_explicit_stripped_final_frame,Hydrophobic,638LEU,3.78,,CIMG_09093,pocket6,replica_1
CIMG_09093_prepared_Milbemycin_pocket6_complex_recombined_complex_explicit_stripped_final_frame,Hydrophobic,657TRP,3.87,,CIMG_09093,pocket6,replica_1
CIMG_09093_prepared_Milbemycin_pocket6_complex_recombined_complex_explicit_stripped_final_frame,Hydrophobic,658ILE,3.76,,CIMG_09093,pocket6,replica_1
CIMG_09093_prepared_Milbemycin_pocket6_complex_recombined_complex_explicit_stripped_final_frame,Hydrophobic,661ILE,3.82,,CIMG_09093,pocket6,replica_1
CIMG_09093_prepared_Milbemycin_pocket6_complex_recombined_complex_explicit_stripped_initial_frame,HydrogenBond,657TRP,2.09,O3->Nar,CIMG_09093,pocket6,replica_1
CIMG_09093_prepared_Milbemycin_pocket6_complex_recombined_complex_explicit_stripped_initial_frame,Hydrophobic,633ILE,3.23,,CIMG_09093,pocket6,replica_1
CIMG_09093_prepared_Milbemycin_pocket6_complex_recombined_complex_explicit_stripped_initial_frame,Hydrophobic,654TRP,3.16,,CIMG_09093,pocket6,replica_1
CIMG_09093_prepared_Milbemycin_pocket6_complex_recombined_complex_explicit_stripped_initial_frame,Hydrophobic,654TRP,1.49,,CIMG_09093,pocket6,replica_1
CIMG_09093_prepared_Milbemycin_pocket6_complex_recombined_complex_explicit_stripped_initial_frame,Hydrophobic,657TRP,2.93,,CIMG_09093,pocket6,replica_1
CIMG_09093_prepared_Milbemycin_pocket6_complex_recombined_complex_explicit_stripped_initial_frame,Hydrophobic,1171LEU,1.91,,CIMG_09093,pocket6,replica_1
CIMG_09093_prepared_Milbemycin_pocket6_complex_recombined_complex_explicit_stripped_initial_frame,Hydrophobic,1175PHE,2.32,,CIMG_09093,pocket6,replica_1
CIMG_09093_prepared_Milbemycin_pocket7_complex_recombined_complex_explicit_stripped_initial_frame,HydrogenBond,271ARG,3.98,O2->O3,CIMG_09093,pocket7,replica_1
CIMG_09093_prepared_Milbemycin_pocket7_complex_recombined_complex_explicit_stripped_initial_frame,HydrogenBond,272GLY,3.45,O3->Nam,CIMG_09093,pocket7,replica_1
CIMG_09093_prepared_Milbemycin_pocket7_complex_recombined_complex_explicit_stripped_initial_frame,Hydrophobic,271ARG,3.49,,CIMG_09093,pocket7,replica_1
CIMG_09093_prepared_Milbemycin_pocket7_complex_recombined_complex_explicit_stripped_initial_frame,Hydrophobic,857THR,3.48,,CIMG_09093,pocket7,replica_1
CIMG_09093_prepared_Milbemycin_pocket7_complex_recombined_complex_explicit_stripped_initial_frame,Hydrophobic,1225LEU,2.58,,CIMG_09093,pocket7,replica_1
CIMG_09093_prepared_Milbemycin_pocket7_complex_recombined_complex_explicit_stripped_initial_frame,Hydrophobic,271ARG,3.32,,CIMG_09093,pocket7,replica_1
CIMG_09093_prepared_Milbemycin_pocket7_complex_recombined_complex_explicit_stripped_initial_frame,Hydrophobic,856THR,3.71,,CIMG_09093,pocket7,replica_1
CIMG_09093_prepared_Milbemycin_pocket7_complex_recombined_complex_explicit_stripped_initial_frame,Hydrophobic,860ASP,3.17,,CIMG_09093,pocket7,replica_1
CIMG_09093_prepared_Milbemycin_pocket7_complex_recombined_complex_explicit_stripped_initial_frame,Hydrophobic,865ARG,3.01,,CIMG_09093,pocket7,replica_1
CIMG_09093_prepared_Milbemycin_pocket7_complex_recombined_complex_explicit_stripped_initial_frame,Hydrophobic,1225LEU,2.5,,CIMG_09093,pocket7,replica_1
CIMG_09093_prepared_Milbemycin_pocket7_complex_recombined_complex_explicit_stripped_final_frame,HydrogenBond,267ASN,2.76,O2->O3,CIMG_09093,pocket7,replica_1
CIMG_09093_prepared_Milbemycin_pocket7_complex_recombined_complex_explicit_stripped_final_frame,HydrogenBond,896GLN,2.53,O2->O3,CIMG_09093,pocket7,replica_1
CIMG_09093_prepared_Milbemycin_pocket7_complex_recombined_complex_explicit_stripped_final_frame,HydrogenBond,865ARG,2.87,O3->Ng+,CIMG_09093,pocket7,replica_1
CIMG_09093_prepared_Milbemycin_pocket7_complex_recombined_complex_explicit_stripped_final_frame,HydrogenBond,894GLN,3.01,O3->Nam,CIMG_09093,pocket7,replica_1
CIMG_09093_prepared_Milbemycin_pocket7_complex_recombined_complex_explicit_stripped_final_frame,HydrogenBond,896GLN,4.08,O3->Nam,CIMG_09093,pocket7,replica_1
CIMG_09093_prepared_Milbemycin_pocket7_complex_recombined_complex_explicit_stripped_final_frame,HydrogenBond,272GLY,3.04,O3->Nam,CIMG_09093,pocket7,replica_1
CIMG_09093_prepared_Milbemycin_pocket7_complex_recombined_complex_explicit_stripped_final_frame,HydrogenBond,896GLN,3.95,O3->Nam,CIMG_09093,pocket7,replica_1
CIMG_09093_prepared_Milbemycin_pocket7_complex_recombined_complex_explicit_stripped_final_frame,Hydrophobic,856THR,3.92,,CIMG_09093,pocket7,replica_1
CIMG_09093_prepared_Milbemycin_pocket7_complex_recombined_complex_explicit_stripped_final_frame,Hydrophobic,857THR,3.92,,CIMG_09093,pocket7,replica_1
CIMG_09093_prepared_Milbemycin_pocket7_complex_recombined_complex_explicit_stripped_final_frame,Hydrophobic,860ASP,3.74,,CIMG_09093,pocket7,replica_1
CIMG_09093_prepared_Milbemycin_pocket7_complex_recombined_complex_explicit_stripped_final_frame,Hydrophobic,898LEU,3.83,,CIMG_09093,pocket7,replica_1
CIMG_09093_prepared_Milbemycin_pocket7_complex_recombined_complex_explicit_stripped_final_frame,Hydrophobic,1221ALA,3.9,,CIMG_09093,pocket7,replica_1
CIMG_09093_prepared_Milbemycin_pocket7_complex_recombined_complex_explicit_stripped_final_frame,Hydrophobic,1225LEU,3.78,,CIMG_09093,pocket7,replica_1
CIMG_09093_prepared_Milbemycin_pocket1_complex_recombined_complex_explicit_stripped_final_frame,Hydrophobic,214PRO,3.95,,CIMG_09093,pocket1,replica_1
CIMG_09093_prepared_Milbemycin_pocket1_complex_recombined_complex_explicit_stripped_final_frame,Hydrophobic,269PHE,3.44,,CIMG_09093,pocket1,replica_1
CIMG_09093_prepared_Milbemycin_pocket1_complex_recombined_complex_explicit_stripped_final_frame,Hydrophobic,269PHE,3.81,,CIMG_09093,pocket1,replica_1
CIMG_09093_prepared_Milbemycin_pocket1_complex_recombined_complex_explicit_stripped_final_frame,Hydrophobic,1213VAL,3.88,,CIMG_09093,pocket1,replica_1
CIMG_09093_prepared_Milbemycin_pocket1_complex_recombined_complex_explicit_stripped_final_frame,Hydrophobic,1217ALA,3.84,,CIMG_09093,pocket1,replica_1
CIMG_09093_prepared_Milbemycin_pocket1_complex_recombined_complex_explicit_stripped_initial_frame,HydrogenBond,624LEU,3.94,O3->Nam,CIMG_09093,pocket1,replica_1
CIMG_09093_prepared_Milbemycin_pocket1_complex_recombined_complex_explicit_stripped_initial_frame,Hydrophobic,269PHE,3.84,,CIMG_09093,pocket1,replica_1
CIMG_09093_prepared_Milbemycin_pocket1_complex_recombined_complex_explicit_stripped_initial_frame,Hydrophobic,624LEU,3.0,,CIMG_09093,pocket1,replica_1
CIMG_09093_prepared_Milbemycin_pocket1_complex_recombined_complex_explicit_stripped_initial_frame,Hydrophobic,624LEU,3.1,,CIMG_09093,pocket1,replica_1
CIMG_09093_prepared_Milbemycin_pocket1_complex_recombined_complex_explicit_stripped_initial_frame,Hydrophobic,624LEU,3.89,,CIMG_09093,pocket1,replica_1
CIMG_09093_prepared_Milbemycin_pocket1_complex_recombined_complex_explicit_stripped_initial_frame,Hydrophobic,628LEU,3.39,,CIMG_09093,pocket1,replica_1
CIMG_09093_prepared_Milbemycin_pocket1_complex_recombined_complex_explicit_stripped_initial_frame,Hydrophobic,1210PRO,3.91,,CIMG_09093,pocket1,replica_1
CIMG_09093_prepared_Milbemycin_pocket1_complex_recombined_complex_explicit_stripped_initial_frame,Hydrophobic,625VAL,2.93,,CIMG_09093,pocket1,replica_1
CIMG_09093_prepared_Milbemycin_pocket1_complex_recombined_complex_explicit_stripped_initial_frame,Hydrophobic,1211HIS,2.22,,CIMG_09093,pocket1,replica_1
CIMG_09093_prepared_Milbemycin_pocket1_complex_recombined_complex_explicit_stripped_initial_frame,Hydrophobic,1214ALA,3.31,,CIMG_09093,pocket1,replica_1
CIMG_09093_prepared_Milbemycin_pocket11_complex_recombined_complex_explicit_stripped_initial_frame,HydrogenBond,175TYR,3.85,O2->O3,CIMG_09093,pocket11,replica_1
CIMG_09093_prepared_Milbemycin_pocket11_complex_recombined_complex_explicit_stripped_initial_frame,HydrogenBond,763LYS,3.96,O2->O3,CIMG_09093,pocket11,replica_1
CIMG_09093_prepared_Milbemycin_pocket11_complex_recombined_complex_explicit_stripped_initial_frame,HydrogenBond,765GLU,2.85,O3->Nam,CIMG_09093,pocket11,replica_1
CIMG_09093_prepared_Milbemycin_pocket11_complex_recombined_complex_explicit_stripped_initial_frame,HydrogenBond,765GLU,3.36,O3->O3,CIMG_09093,pocket11,replica_1
CIMG_09093_prepared_Milbemycin_pocket11_complex_recombined_complex_explicit_stripped_initial_frame,HydrogenBond,168LYS,2.55,O3->N3+,CIMG_09093,pocket11,replica_1
CIMG_09093_prepared_Milbemycin_pocket11_complex_recombined_complex_explicit_stripped_initial_frame,Hydrophobic,168LYS,3.87,,CIMG_09093,pocket11,replica_1
CIMG_09093_prepared_Milbemycin_pocket11_complex_recombined_complex_explicit_stripped_initial_frame,Hydrophobic,765GLU,2.97,,CIMG_09093,pocket11,replica_1
CIMG_09093_prepared_Milbemycin_pocket11_complex_recombined_complex_explicit_stripped_initial_frame,Hydrophobic,766ILE,3.82,,CIMG_09093,pocket11,replica_1
CIMG_09093_prepared_Milbemycin_pocket11_complex_recombined_complex_explicit_stripped_initial_frame,Hydrophobic,955ASN,2.96,,CIMG_09093,pocket11,replica_1
CIMG_09093_prepared_Milbemycin_pocket11_complex_recombined_complex_explicit_stripped_initial_frame,Hydrophobic,765GLU,1.68,,CIMG_09093,pocket11,replica_1
CIMG_09093_prepared_Milbemycin_pocket11_complex_recombined_complex_explicit_stripped_final_frame,HydrogenBond,106SER,3.61,O3->O3,CIMG_09093,pocket11,replica_1
CIMG_09093_prepared_Milbemycin_pocket11_complex_recombined_complex_explicit_stripped_final_frame,HydrogenBond,175TYR,3.01,O2->O3,CIMG_09093,pocket11,replica_1
CIMG_09093_prepared_Milbemycin_pocket11_complex_recombined_complex_explicit_stripped_final_frame,Hydrophobic,765GLU,3.97,,CIMG_09093,pocket11,replica_1
CIMG_09093_prepared_Milbemycin_pocket11_complex_recombined_complex_explicit_stripped_final_frame,Hydrophobic,765GLU,3.89,,CIMG_09093,pocket11,replica_1
CIMG_09093_prepared_Milbemycin_pocket11_complex_recombined_complex_explicit_stripped_final_frame,Hydrophobic,139ILE,3.67,,CIMG_09093,pocket11,replica_1
CIMG_09093_prepared_Milbemycin_pocket13_complex_recombined_complex_explicit_stripped_initial_frame,Hydrophobic,626GLN,3.95,,CIMG_09093,pocket13,replica_1
CIMG_09093_prepared_Milbemycin_pocket13_complex_recombined_complex_explicit_stripped_initial_frame,Hydrophobic,1157THR,3.12,,CIMG_09093,pocket13,replica_1
CIMG_09093_prepared_Milbemycin_pocket13_complex_recombined_complex_explicit_stripped_initial_frame,Hydrophobic,1163THR,3.12,,CIMG_09093,pocket13,replica_1
CIMG_09093_prepared_Milbemycin_pocket13_complex_recombined_complex_explicit_stripped_initial_frame,Hydrophobic,1164ALA,3.98,,CIMG_09093,pocket13,replica_1
CIMG_09093_prepared_Milbemycin_pocket13_complex_recombined_complex_explicit_stripped_initial_frame,Hydrophobic,119TRP,2.94,,CIMG_09093,pocket13,replica_1
CIMG_09093_prepared_Milbemycin_pocket13_complex_recombined_complex_explicit_stripped_initial_frame,Hydrophobic,1160TYR,3.65,,CIMG_09093,pocket13,replica_1
CIMG_09093_prepared_Milbemycin_pocket13_complex_recombined_complex_explicit_stripped_initial_frame,Hydrophobic,1160TYR,3.1,,CIMG_09093,pocket13,replica_1
CIMG_09093_prepared_Milbemycin_pocket13_complex_recombined_complex_explicit_stripped_initial_frame,Hydrophobic,1160TYR,1.9,,CIMG_09093,pocket13,replica_1
CIMG_09093_prepared_Milbemycin_pocket13_complex_recombined_complex_explicit_stripped_final_frame,Hydrophobic,626GLN,3.84,,CIMG_09093,pocket13,replica_1
CIMG_09093_prepared_Milbemycin_pocket13_complex_recombined_complex_explicit_stripped_final_frame,Hydrophobic,629VAL,3.92,,CIMG_09093,pocket13,replica_1
CIMG_09093_prepared_Milbemycin_pocket13_complex_recombined_complex_explicit_stripped_final_frame,Hydrophobic,629VAL,3.79,,CIMG_09093,pocket13,replica_1
CIMG_09093_prepared_Milbemycin_pocket13_complex_recombined_complex_explicit_stripped_final_frame,Hydrophobic,1160TYR,3.57,,CIMG_09093,pocket13,replica_1
CIMG_09093_prepared_Milbemycin_pocket13_complex_recombined_complex_explicit_stripped_final_frame,Hydrophobic,1164ALA,3.84,,CIMG_09093,pocket13,replica_1
CIMG_09093_prepared_Milbemycin_pocket15_complex_recombined_complex_explicit_stripped_initial_frame,HydrogenBond,464TYR,3.88,O3->O3,CIMG_09093,pocket15,replica_1
CIMG_09093_prepared_Milbemycin_pocket15_complex_recombined_complex_explicit_stripped_initial_frame,Hydrophobic,464TYR,3.25,,CIMG_09093,pocket15,replica_1
CIMG_09093_prepared_Milbemycin_pocket15_complex_recombined_complex_explicit_stripped_initial_frame,Hydrophobic,464TYR,1.78,,CIMG_09093,pocket15,replica_1
CIMG_09093_prepared_Milbemycin_pocket15_complex_recombined_complex_explicit_stripped_initial_frame,Hydrophobic,464TYR,2.98,,CIMG_09093,pocket15,replica_1
CIMG_09093_prepared_Milbemycin_pocket15_complex_recombined_complex_explicit_stripped_initial_frame,Hydrophobic,556HIS,2.99,,CIMG_09093,pocket15,replica_1
CIMG_09093_prepared_Milbemycin_pocket15_complex_recombined_complex_explicit_stripped_initial_frame,Hydrophobic,751LEU,2.09,,CIMG_09093,pocket15,replica_1
CIMG_09093_prepared_Milbemycin_pocket15_complex_recombined_complex_explicit_stripped_initial_frame,Hydrophobic,752VAL,3.5,,CIMG_09093,pocket15,replica_1
CIMG_09093_prepared_Milbemycin_pocket15_complex_recombined_complex_explicit_stripped_final_frame,Hydrophobic,455ARG,4.0,,CIMG_09093,pocket15,replica_1
CIMG_09093_prepared_Milbemycin_pocket15_complex_recombined_complex_explicit_stripped_final_frame,Hydrophobic,465VAL,3.8,,CIMG_09093,pocket15,replica_1
CIMG_09093_prepared_Milbemycin_pocket15_complex_recombined_complex_explicit_stripped_final_frame,Hydrophobic,751LEU,3.77,,CIMG_09093,pocket15,replica_1
CIMG_09093_prepared_Milbemycin_pocket15_complex_recombined_complex_explicit_stripped_final_frame,Hydrophobic,752VAL,3.92,,CIMG_09093,pocket15,replica_1
CIMG_09093_prepared_Milbemycin_pocket9_complex_recombined_complex_explicit_stripped_final_frame,HydrogenBond,766ILE,3.92,O3->Nam,CIMG_09093,pocket9,replica_1
CIMG_09093_prepared_Milbemycin_pocket9_complex_recombined_complex_explicit_stripped_final_frame,HydrogenBond,168LYS,2.94,O3->N3+,CIMG_09093,pocket9,replica_1
CIMG_09093_prepared_Milbemycin_pocket9_complex_recombined_complex_explicit_stripped_final_frame,Hydrophobic,177LEU,3.94,,CIMG_09093,pocket9,replica_1
CIMG_09093_prepared_Milbemycin_pocket9_complex_recombined_complex_explicit_stripped_final_frame,Hydrophobic,765GLU,3.43,,CIMG_09093,pocket9,replica_1
CIMG_09093_prepared_Milbemycin_pocket9_complex_recombined_complex_explicit_stripped_final_frame,Hydrophobic,765GLU,3.69,,CIMG_09093,pocket9,replica_1
CIMG_09093_prepared_Milbemycin_pocket9_complex_recombined_complex_explicit_stripped_final_frame,Hydrophobic,955ASN,4.0,,CIMG_09093,pocket9,replica_1
CIMG_09093_prepared_Milbemycin_pocket9_complex_recombined_complex_explicit_stripped_final_frame,Hydrophobic,159PRO,3.96,,CIMG_09093,pocket9,replica_1
CIMG_09093_prepared_Milbemycin_pocket9_complex_recombined_complex_explicit_stripped_initial_frame,HydrogenBond,175TYR,3.81,O2->O3,CIMG_09093,pocket9,replica_1
CIMG_09093_prepared_Milbemycin_pocket9_complex_recombined_complex_explicit_stripped_initial_frame,HydrogenBond,763LYS,3.89,O2->O3,CIMG_09093,pocket9,replica_1
CIMG_09093_prepared_Milbemycin_pocket9_complex_recombined_complex_explicit_stripped_initial_frame,HydrogenBond,765GLU,2.77,O3->Nam,CIMG_09093,pocket9,replica_1
CIMG_09093_prepared_Milbemycin_pocket9_complex_recombined_complex_explicit_stripped_initial_frame,HydrogenBond,765GLU,3.36,O3->O3,CIMG_09093,pocket9,replica_1
CIMG_09093_prepared_Milbemycin_pocket9_complex_recombined_complex_explicit_stripped_initial_frame,HydrogenBond,168LYS,2.57,O3->N3+,CIMG_09093,pocket9,replica_1
CIMG_09093_prepared_Milbemycin_pocket9_complex_recombined_complex_explicit_stripped_initial_frame,Hydrophobic,168LYS,3.86,,CIMG_09093,pocket9,replica_1
CIMG_09093_prepared_Milbemycin_pocket9_complex_recombined_complex_explicit_stripped_initial_frame,Hydrophobic,765GLU,2.98,,CIMG_09093,pocket9,replica_1
CIMG_09093_prepared_Milbemycin_pocket9_complex_recombined_complex_explicit_stripped_initial_frame,Hydrophobic,766ILE,3.81,,CIMG_09093,pocket9,replica_1
CIMG_09093_prepared_Milbemycin_pocket9_complex_recombined_complex_explicit_stripped_initial_frame,Hydrophobic,955ASN,2.99,,CIMG_09093,pocket9,replica_1
CIMG_09093_prepared_Milbemycin_pocket9_complex_recombined_complex_explicit_stripped_initial_frame,Hydrophobic,765GLU,1.71,,CIMG_09093,pocket9,replica_1
CIMG_09093_prepared_Milbemycin_pocket5_complex_recombined_complex_explicit_stripped_final_frame,Hydrophobic,1322PHE,3.88,,CIMG_09093,pocket5,replica_1
CIMG_09093_prepared_Milbemycin_pocket5_complex_recombined_complex_explicit_stripped_final_frame,Hydrophobic,1322PHE,3.9,,CIMG_09093,pocket5,replica_1
CIMG_09093_prepared_Milbemycin_pocket5_complex_recombined_complex_explicit_stripped_final_frame,Hydrophobic,1342VAL,3.57,,CIMG_09093,pocket5,replica_1
CIMG_09093_prepared_Milbemycin_pocket5_complex_recombined_complex_explicit_stripped_final_frame,Hydrophobic,1435TYR,3.88,,CIMG_09093,pocket5,replica_1
CIMG_09093_prepared_Milbemycin_pocket5_complex_recombined_complex_explicit_stripped_final_frame,Hydrophobic,1438PHE,3.94,,CIMG_09093,pocket5,replica_1
CIMG_09093_prepared_Milbemycin_pocket5_complex_recombined_complex_explicit_stripped_initial_frame,HydrogenBond,1342VAL,3.1,O2->O3,CIMG_09093,pocket5,replica_1
CIMG_09093_prepared_Milbemycin_pocket5_complex_recombined_complex_explicit_stripped_initial_frame,Hydrophobic,1339MET,3.7,,CIMG_09093,pocket5,replica_1
CIMG_09093_prepared_Milbemycin_pocket5_complex_recombined_complex_explicit_stripped_initial_frame,Hydrophobic,1342VAL,2.83,,CIMG_09093,pocket5,replica_1
CIMG_09093_prepared_Milbemycin_pocket5_complex_recombined_complex_explicit_stripped_initial_frame,Hydrophobic,1435TYR,3.63,,CIMG_09093,pocket5,replica_1
CIMG_09093_prepared_Milbemycin_pocket5_complex_recombined_complex_explicit_stripped_initial_frame,Hydrophobic,1315LEU,3.02,,CIMG_09093,pocket5,replica_1
CIMG_09093_prepared_Milbemycin_pocket5_complex_recombined_complex_explicit_stripped_initial_frame,Hydrophobic,1342VAL,1.83,,CIMG_09093,pocket5,replica_1
CIMG_09093_prepared_Milbemycin_pocket5_complex_recombined_complex_explicit_stripped_initial_frame,Hydrophobic,1438PHE,2.42,,CIMG_09093,pocket5,replica_1
CIMG_09093_prepared_Milbemycin_pocket3_complex_recombined_complex_explicit_stripped_final_frame,HydrogenBond,865ARG,3.96,O3->Ng+,CIMG_09093,pocket3,replica_1
CIMG_09093_prepared_Milbemycin_pocket3_complex_recombined_complex_explicit_stripped_final_frame,HydrogenBond,894GLN,3.31,O3->Nam,CIMG_09093,pocket3,replica_1
CIMG_09093_prepared_Milbemycin_pocket3_complex_recombined_complex_explicit_stripped_final_frame,HydrogenBond,271ARG,3.51,O3->Nam,CIMG_09093,pocket3,replica_1
CIMG_09093_prepared_Milbemycin_pocket3_complex_recombined_complex_explicit_stripped_initial_frame,HydrogenBond,270VAL,3.12,O2->O3,CIMG_09093,pocket3,replica_1
CIMG_09093_prepared_Milbemycin_pocket3_complex_recombined_complex_explicit_stripped_initial_frame,Hydrophobic,271ARG,3.94,,CIMG_09093,pocket3,replica_1
CIMG_09093_prepared_Milbemycin_pocket3_complex_recombined_complex_explicit_stripped_initial_frame,Hydrophobic,860ASP,3.79,,CIMG_09093,pocket3,replica_1
CIMG_09093_prepared_Milbemycin_pocket3_complex_recombined_complex_explicit_stripped_initial_frame,Hydrophobic,865ARG,2.43,,CIMG_09093,pocket3,replica_1
CIMG_09093_prepared_Milbemycin_pocket3_complex_recombined_complex_explicit_stripped_initial_frame,Hydrophobic,271ARG,2.6,,CIMG_09093,pocket3,replica_1
CIMG_09093_prepared_Milbemycin_pocket3_complex_recombined_complex_explicit_stripped_initial_frame,Hydrophobic,1225LEU,1.7,,CIMG_09093,pocket3,replica_1
CIMG_09093_prepared_Milbemycin_pocket12_complex_recombined_complex_explicit_stripped_initial_frame,HydrogenBond,705THR,3.42,O2->O3,CIMG_09093,pocket12,replica_1
CIMG_09093_prepared_Milbemycin_pocket12_complex_recombined_complex_explicit_stripped_initial_frame,HydrogenBond,706VAL,2.9,O3->Nam,CIMG_09093,pocket12,replica_1
CIMG_09093_prepared_Milbemycin_pocket12_complex_recombined_complex_explicit_stripped_initial_frame,HydrogenBond,704SER,2.91,O3->O3,CIMG_09093,pocket12,replica_1
CIMG_09093_prepared_Milbemycin_pocket12_complex_recombined_complex_explicit_stripped_initial_frame,Hydrophobic,515PHE,2.94,,CIMG_09093,pocket12,replica_1
CIMG_09093_prepared_Milbemycin_pocket12_complex_recombined_complex_explicit_stripped_initial_frame,Hydrophobic,705THR,3.9,,CIMG_09093,pocket12,replica_1
CIMG_09093_prepared_Milbemycin_pocket12_complex_recombined_complex_explicit_stripped_initial_frame,Hydrophobic,1408ILE,2.57,,CIMG_09093,pocket12,replica_1
CIMG_09093_prepared_Milbemycin_pocket12_complex_recombined_complex_explicit_stripped_initial_frame,Hydrophobic,1370LEU,1.99,,CIMG_09093,pocket12,replica_1
CIMG_09093_prepared_Milbemycin_pocket12_complex_recombined_complex_explicit_stripped_initial_frame,Hydrophobic,1407PRO,3.21,,CIMG_09093,pocket12,replica_1
CIMG_09093_prepared_Milbemycin_pocket12_complex_recombined_complex_explicit_stripped_initial_frame,Hydrophobic,1408ILE,2.96,,CIMG_09093,pocket12,replica_1
CIMG_09093_prepared_Milbemycin_pocket12_complex_recombined_complex_explicit_stripped_initial_frame,Hydrophobic,1413VAL,1.9,,CIMG_09093,pocket12,replica_1
CIMG_09093_prepared_Milbemycin_pocket12_complex_recombined_complex_explicit_stripped_final_frame,HydrogenBond,704SER,2.8,O3->O3,CIMG_09093,pocket12,replica_1
CIMG_09093_prepared_Milbemycin_pocket12_complex_recombined_complex_explicit_stripped_final_frame,HydrogenBond,1386TYR,3.95,O3->O3,CIMG_09093,pocket12,replica_1
CIMG_09093_prepared_Milbemycin_pocket12_complex_recombined_complex_explicit_stripped_final_frame,Hydrophobic,1407PRO,3.84,,CIMG_09093,pocket12,replica_1
CIMG_09093_prepared_Milbemycin_pocket12_complex_recombined_complex_explicit_stripped_final_frame,Hydrophobic,1414PHE,3.68,,CIMG_09093,pocket12,replica_1
CIMG_09093_prepared_Milbemycin_pocket12_complex_recombined_complex_explicit_stripped_final_frame,Hydrophobic,1414PHE,3.65,,CIMG_09093,pocket12,replica_1
CIMG_09093_prepared_Milbemycin_pocket14_complex_recombined_complex_explicit_stripped_final_frame,Hydrophobic,389LEU,3.72,,CIMG_09093,pocket14,replica_1
CIMG_09093_prepared_Milbemycin_pocket14_complex_recombined_complex_explicit_stripped_final_frame,Hydrophobic,398GLU,3.9,,CIMG_09093,pocket14,replica_1
CIMG_09093_prepared_Milbemycin_pocket14_complex_recombined_complex_explicit_stripped_initial_frame,HydrogenBond,403ARG,3.1,O2->O3,CIMG_09093,pocket14,replica_1
CIMG_09093_prepared_Milbemycin_pocket14_complex_recombined_complex_explicit_stripped_initial_frame,HydrogenBond,786GLU,3.41,O2->O3,CIMG_09093,pocket14,replica_1
CIMG_09093_prepared_Milbemycin_pocket14_complex_recombined_complex_explicit_stripped_initial_frame,HydrogenBond,391ARG,3.24,O3->Ng+,CIMG_09093,pocket14,replica_1
CIMG_09093_prepared_Milbemycin_pocket14_complex_recombined_complex_explicit_stripped_initial_frame,Hydrophobic,393VAL,3.11,,CIMG_09093,pocket14,replica_1
CIMG_09093_prepared_Milbemycin_pocket14_complex_recombined_complex_explicit_stripped_initial_frame,Hydrophobic,401VAL,3.8,,CIMG_09093,pocket14,replica_1
CIMG_09093_prepared_Milbemycin_pocket14_complex_recombined_complex_explicit_stripped_initial_frame,Hydrophobic,404THR,3.81,,CIMG_09093,pocket14,replica_1
CIMG_09093_prepared_Milbemycin_pocket14_complex_recombined_complex_explicit_stripped_initial_frame,Hydrophobic,403ARG,2.52,,CIMG_09093,pocket14,replica_1
CIMG_09093_prepared_Milbemycin_pocket2_complex_recombined_complex_explicit_stripped_initial_frame,HydrogenBond,46SER,3.72,O3->O3,CIMG_09093,pocket2,replica_1
CIMG_09093_prepared_Milbemycin_pocket2_complex_recombined_complex_explicit_stripped_initial_frame,HydrogenBond,60ALA,2.92,O3->Nam,CIMG_09093,pocket2,replica_1
CIMG_09093_prepared_Milbemycin_pocket2_complex_recombined_complex_explicit_stripped_initial_frame,HydrogenBond,52ARG,2.46,O3->Ng+,CIMG_09093,pocket2,replica_1
CIMG_09093_prepared_Milbemycin_pocket2_complex_recombined_complex_explicit_stripped_initial_frame,HydrogenBond,52ARG,3.05,O3->Ng+,CIMG_09093,pocket2,replica_1
CIMG_09093_prepared_Milbemycin_pocket2_complex_recombined_complex_explicit_stripped_initial_frame,Hydrophobic,61LEU,3.44,,CIMG_09093,pocket2,replica_1
CIMG_09093_prepared_Milbemycin_pocket2_complex_recombined_complex_explicit_stripped_initial_frame,Hydrophobic,61LEU,3.43,,CIMG_09093,pocket2,replica_1
CIMG_09093_prepared_Milbemycin_pocket2_complex_recombined_complex_explicit_stripped_initial_frame,Hydrophobic,69ASN,3.99,,CIMG_09093,pocket2,replica_1
CIMG_09093_prepared_Milbemycin_pocket2_complex_recombined_complex_explicit_stripped_initial_frame,Hydrophobic,52ARG,1.58,,CIMG_09093,pocket2,replica_1
CIMG_09093_prepared_Milbemycin_pocket2_complex_recombined_complex_explicit_stripped_initial_frame,Hydrophobic,60ALA,1.35,,CIMG_09093,pocket2,replica_1
CIMG_09093_prepared_Milbemycin_pocket2_complex_recombined_complex_explicit_stripped_initial_frame,Hydrophobic,61LEU,2.54,,CIMG_09093,pocket2,replica_1
CIMG_09093_prepared_Milbemycin_pocket2_complex_recombined_complex_explicit_stripped_initial_frame,Hydrophobic,72ALA,3.66,,CIMG_09093,pocket2,replica_1
CIMG_09093_prepared_Milbemycin_pocket2_complex_recombined_complex_explicit_stripped_final_frame,HydrogenBond,46SER,3.0,O2->O3,CIMG_09093,pocket2,replica_1
CIMG_09093_prepared_Milbemycin_pocket2_complex_recombined_complex_explicit_stripped_final_frame,HydrogenBond,49VAL,2.75,O2->O3,CIMG_09093,pocket2,replica_1
CIMG_09093_prepared_Milbemycin_pocket2_complex_recombined_complex_explicit_stripped_final_frame,Hydrophobic,45TYR,3.82,,CIMG_09093,pocket2,replica_1
CIMG_09093_prepared_Milbemycin_pocket2_complex_recombined_complex_explicit_stripped_final_frame,Hydrophobic,45TYR,3.83,,CIMG_09093,pocket2,replica_1
CIMG_00780_prepared_Milbemycin_pocket10_complex_recombined_complex_explicit_stripped_final_frame,HydrogenBond,657ASP,2.53,O2->O3,CIMG_00780,pocket10,replica_1
CIMG_00780_prepared_Milbemycin_pocket10_complex_recombined_complex_explicit_stripped_final_frame,Hydrophobic,657ASP,3.94,,CIMG_00780,pocket10,replica_1
CIMG_00780_prepared_Milbemycin_pocket10_complex_recombined_complex_explicit_stripped_final_frame,Hydrophobic,663THR,3.55,,CIMG_00780,pocket10,replica_1
CIMG_00780_prepared_Milbemycin_pocket10_complex_recombined_complex_explicit_stripped_final_frame,Hydrophobic,1249GLN,3.79,,CIMG_00780,pocket10,replica_1
CIMG_00780_prepared_Milbemycin_pocket10_complex_recombined_complex_explicit_stripped_final_frame,SaltBridge,1268HIS,4.77,A↔A,CIMG_00780,pocket10,replica_1
CIMG_00780_prepared_Milbemycin_pocket10_complex_recombined_complex_explicit_stripped_initial_frame,HydrogenBond,1286SER,3.72,O2->O3,CIMG_00780,pocket10,replica_1
CIMG_00780_prepared_Milbemycin_pocket10_complex_recombined_complex_explicit_stripped_initial_frame,HydrogenBond,1287LEU,2.94,O3->Nam,CIMG_00780,pocket10,replica_1
CIMG_00780_prepared_Milbemycin_pocket10_complex_recombined_complex_explicit_stripped_initial_frame,HydrogenBond,1286SER,1.73,O3->O3,CIMG_00780,pocket10,replica_1
CIMG_00780_prepared_Milbemycin_pocket10_complex_recombined_complex_explicit_stripped_initial_frame,Hydrophobic,1272LEU,3.16,,CIMG_00780,pocket10,replica_1
CIMG_00780_prepared_Milbemycin_pocket10_complex_recombined_complex_explicit_stripped_initial_frame,Hydrophobic,654THR,3.24,,CIMG_00780,pocket10,replica_1
CIMG_00780_prepared_Milbemycin_pocket10_complex_recombined_complex_explicit_stripped_initial_frame,Hydrophobic,657ASP,1.88,,CIMG_00780,pocket10,replica_1
CIMG_00780_prepared_Milbemycin_pocket4_complex_recombined_complex_explicit_stripped_final_frame,HydrogenBond,897ASN,3.14,O3->Nam,CIMG_00780,pocket4,replica_1
CIMG_00780_prepared_Milbemycin_pocket4_complex_recombined_complex_explicit_stripped_final_frame,Hydrophobic,894GLN,3.98,,CIMG_00780,pocket4,replica_1
CIMG_00780_prepared_Milbemycin_pocket4_complex_recombined_complex_explicit_stripped_final_frame,Hydrophobic,901TYR,3.89,,CIMG_00780,pocket4,replica_1
CIMG_00780_prepared_Milbemycin_pocket4_complex_recombined_complex_explicit_stripped_final_frame,Hydrophobic,902LEU,3.8,,CIMG_00780,pocket4,replica_1
CIMG_00780_prepared_Milbemycin_pocket4_complex_recombined_complex_explicit_stripped_final_frame,Hydrophobic,1011LYS,3.81,,CIMG_00780,pocket4,replica_1
CIMG_00780_prepared_Milbemycin_pocket4_complex_recombined_complex_explicit_stripped_final_frame,Hydrophobic,1015ALA,3.75,,CIMG_00780,pocket4,replica_1
CIMG_00780_prepared_Milbemycin_pocket4_complex_recombined_complex_explicit_stripped_final_frame,Hydrophobic,898ALA,3.83,,CIMG_00780,pocket4,replica_1
CIMG_00780_prepared_Milbemycin_pocket4_complex_recombined_complex_explicit_stripped_initial_frame,HydrogenBond,194GLN,2.55,O3->Nam,CIMG_00780,pocket4,replica_1
CIMG_00780_prepared_Milbemycin_pocket4_complex_recombined_complex_explicit_stripped_initial_frame,Hydrophobic,897ASN,3.94,,CIMG_00780,pocket4,replica_1
CIMG_00780_prepared_Milbemycin_pocket4_complex_recombined_complex_explicit_stripped_initial_frame,Hydrophobic,1015ALA,3.93,,CIMG_00780,pocket4,replica_1
CIMG_00780_prepared_Milbemycin_pocket4_complex_recombined_complex_explicit_stripped_initial_frame,Hydrophobic,834ALA,2.51,,CIMG_00780,pocket4,replica_1
CIMG_00780_prepared_Milbemycin_pocket4_complex_recombined_complex_explicit_stripped_initial_frame,Hydrophobic,898ALA,2.59,,CIMG_00780,pocket4,replica_1
CIMG_00780_prepared_Milbemycin_pocket4_complex_recombined_complex_explicit_stripped_initial_frame,Hydrophobic,901TYR,2.59,,CIMG_00780,pocket4,replica_1
CIMG_00780_prepared_Milbemycin_pocket4_complex_recombined_complex_explicit_stripped_initial_frame,Hydrophobic,901TYR,2.23,,CIMG_00780,pocket4,replica_1
CIMG_00780_prepared_Milbemycin_pocket4_complex_recombined_complex_explicit_stripped_initial_frame,Hydrophobic,1011LYS,2.96,,CIMG_00780,pocket4,replica_1
CIMG_00780_prepared_Milbemycin_pocket4_complex_recombined_complex_explicit_stripped_initial_frame,Hydrophobic,1011LYS,2.65,,CIMG_00780,pocket4,replica_1
CIMG_00780_prepared_Milbemycin_pocket4_complex_recombined_complex_explicit_stripped_initial_frame,SaltBridge,1011LYS,4.84,A↔A,CIMG_00780,pocket4,replica_1
CIMG_00780_prepared_Milbemycin_pocket8_complex_recombined_complex_explicit_stripped_initial_frame,HydrogenBond,486GLN,3.31,O3->Nam,CIMG_00780,pocket8,replica_1
CIMG_00780_prepared_Milbemycin_pocket8_complex_recombined_complex_explicit_stripped_initial_frame,HydrogenBond,916ARG,2.24,O3->Ng+,CIMG_00780,pocket8,replica_1
CIMG_00780_prepared_Milbemycin_pocket8_complex_recombined_complex_explicit_stripped_initial_frame,Hydrophobic,487GLN,3.28,,CIMG_00780,pocket8,replica_1
CIMG_00780_prepared_Milbemycin_pocket8_complex_recombined_complex_explicit_stripped_initial_frame,Hydrophobic,577GLU,3.86,,CIMG_00780,pocket8,replica_1
CIMG_00780_prepared_Milbemycin_pocket8_complex_recombined_complex_explicit_stripped_initial_frame,Hydrophobic,1192ARG,3.78,,CIMG_00780,pocket8,replica_1
CIMG_00780_prepared_Milbemycin_pocket8_complex_recombined_complex_explicit_stripped_initial_frame,Hydrophobic,1185LEU,3.44,,CIMG_00780,pocket8,replica_1
CIMG_00780_prepared_Milbemycin_pocket8_complex_recombined_complex_explicit_stripped_initial_frame,SaltBridge,916ARG,5.25,A↔A,CIMG_00780,pocket8,replica_1
CIMG_00780_prepared_Milbemycin_pocket8_complex_recombined_complex_explicit_stripped_final_frame,HydrogenBond,486GLN,2.76,O2->O3,CIMG_00780,pocket8,replica_1
CIMG_00780_prepared_Milbemycin_pocket8_complex_recombined_complex_explicit_stripped_final_frame,HydrogenBond,488GLU,2.91,O2->O3,CIMG_00780,pocket8,replica_1
CIMG_00780_prepared_Milbemycin_pocket8_complex_recombined_complex_explicit_stripped_final_frame,HydrogenBond,488GLU,3.33,O3->Nam,CIMG_00780,pocket8,replica_1
CIMG_00780_prepared_Milbemycin_pocket8_complex_recombined_complex_explicit_stripped_final_frame,Hydrophobic,577GLU,3.83,,CIMG_00780,pocket8,replica_1
CIMG_00780_prepared_Milbemycin_pocket8_complex_recombined_complex_explicit_stripped_final_frame,Hydrophobic,577GLU,3.92,,CIMG_00780,pocket8,replica_1
CIMG_00780_prepared_Milbemycin_pocket8_complex_recombined_complex_explicit_stripped_final_frame,SaltBridge,916ARG,5.41,A↔A,CIMG_00780,pocket8,replica_1
CIMG_00780_prepared_Milbemycin_pocket6_complex_recombined_complex_explicit_stripped_initial_frame,HydrogenBond,310TYR,3.57,O3->O3,CIMG_00780,pocket6,replica_1
CIMG_00780_prepared_Milbemycin_pocket6_complex_recombined_complex_explicit_stripped_initial_frame,HydrogenBond,842ASN,3.18,O3->Nam,CIMG_00780,pocket6,replica_1
CIMG_00780_prepared_Milbemycin_pocket6_complex_recombined_complex_explicit_stripped_initial_frame,HydrogenBond,841SER,3.62,O3->O3,CIMG_00780,pocket6,replica_1
CIMG_00780_prepared_Milbemycin_pocket6_complex_recombined_complex_explicit_stripped_initial_frame,HydrogenBond,842ASN,3.88,O3->Nam,CIMG_00780,pocket6,replica_1
CIMG_00780_prepared_Milbemycin_pocket6_complex_recombined_complex_explicit_stripped_initial_frame,HydrogenBond,200LYS,2.46,O3->N3+,CIMG_00780,pocket6,replica_1
CIMG_00780_prepared_Milbemycin_pocket6_complex_recombined_complex_explicit_stripped_initial_frame,Hydrophobic,306LEU,3.89,,CIMG_00780,pocket6,replica_1
CIMG_00780_prepared_Milbemycin_pocket6_complex_recombined_complex_explicit_stripped_initial_frame,Hydrophobic,362PRO,1.19,,CIMG_00780,pocket6,replica_1
CIMG_00780_prepared_Milbemycin_pocket6_complex_recombined_complex_explicit_stripped_initial_frame,Hydrophobic,310TYR,2.54,,CIMG_00780,pocket6,replica_1
CIMG_00780_prepared_Milbemycin_pocket6_complex_recombined_complex_explicit_stripped_initial_frame,Hydrophobic,362PRO,1.05,,CIMG_00780,pocket6,replica_1
CIMG_00780_prepared_Milbemycin_pocket6_complex_recombined_complex_explicit_stripped_initial_frame,Hydrophobic,837ASP,2.24,,CIMG_00780,pocket6,replica_1
CIMG_00780_prepared_Milbemycin_pocket6_complex_recombined_complex_explicit_stripped_final_frame,HydrogenBond,842ASN,3.2,O3->Nam,CIMG_00780,pocket6,replica_1
CIMG_00780_prepared_Milbemycin_pocket6_complex_recombined_complex_explicit_stripped_final_frame,HydrogenBond,200LYS,3.14,O3->N3+,CIMG_00780,pocket6,replica_1
CIMG_00780_prepared_Milbemycin_pocket6_complex_recombined_complex_explicit_stripped_final_frame,Hydrophobic,201VAL,3.56,,CIMG_00780,pocket6,replica_1
CIMG_00780_prepared_Milbemycin_pocket6_complex_recombined_complex_explicit_stripped_final_frame,Hydrophobic,306LEU,3.6,,CIMG_00780,pocket6,replica_1
CIMG_00780_prepared_Milbemycin_pocket6_complex_recombined_complex_explicit_stripped_final_frame,Hydrophobic,362PRO,3.77,,CIMG_00780,pocket6,replica_1
CIMG_00780_prepared_Milbemycin_pocket6_complex_recombined_complex_explicit_stripped_final_frame,Hydrophobic,1001PHE,3.52,,CIMG_00780,pocket6,replica_1
CIMG_00780_prepared_Milbemycin_pocket6_complex_recombined_complex_explicit_stripped_final_frame,Hydrophobic,1005PHE,3.82,,CIMG_00780,pocket6,replica_1
CIMG_00780_prepared_Milbemycin_pocket7_complex_recombined_complex_explicit_stripped_initial_frame,HydrogenBond,310TYR,3.53,O3->O3,CIMG_00780,pocket7,replica_1
CIMG_00780_prepared_Milbemycin_pocket7_complex_recombined_complex_explicit_stripped_initial_frame,HydrogenBond,842ASN,3.15,O3->Nam,CIMG_00780,pocket7,replica_1
CIMG_00780_prepared_Milbemycin_pocket7_complex_recombined_complex_explicit_stripped_initial_frame,HydrogenBond,842ASN,3.85,O3->Nam,CIMG_00780,pocket7,replica_1
CIMG_00780_prepared_Milbemycin_pocket7_complex_recombined_complex_explicit_stripped_initial_frame,HydrogenBond,200LYS,2.42,O3->N3+,CIMG_00780,pocket7,replica_1
CIMG_00780_prepared_Milbemycin_pocket7_complex_recombined_complex_explicit_stripped_initial_frame,Hydrophobic,306LEU,3.95,,CIMG_00780,pocket7,replica_1
CIMG_00780_prepared_Milbemycin_pocket7_complex_recombined_complex_explicit_stripped_initial_frame,Hydrophobic,362PRO,1.26,,CIMG_00780,pocket7,replica_1
CIMG_00780_prepared_Milbemycin_pocket7_complex_recombined_complex_explicit_stripped_initial_frame,Hydrophobic,310TYR,2.5,,CIMG_00780,pocket7,replica_1
CIMG_00780_prepared_Milbemycin_pocket7_complex_recombined_complex_explicit_stripped_initial_frame,Hydrophobic,362PRO,1.11,,CIMG_00780,pocket7,replica_1
CIMG_00780_prepared_Milbemycin_pocket7_complex_recombined_complex_explicit_stripped_initial_frame,Hydrophobic,837ASP,2.28,,CIMG_00780,pocket7,replica_1
CIMG_00780_prepared_Milbemycin_pocket7_complex_recombined_complex_explicit_stripped_final_frame,HydrogenBond,366ASP,2.73,O3->O3,CIMG_00780,pocket7,replica_1
CIMG_00780_prepared_Milbemycin_pocket7_complex_recombined_complex_explicit_stripped_final_frame,HydrogenBond,842ASN,4.04,O2->O3,CIMG_00780,pocket7,replica_1
CIMG_00780_prepared_Milbemycin_pocket7_complex_recombined_complex_explicit_stripped_final_frame,HydrogenBond,1004GLY,2.83,O2->O3,CIMG_00780,pocket7,replica_1
CIMG_00780_prepared_Milbemycin_pocket7_complex_recombined_complex_explicit_stripped_final_frame,HydrogenBond,841SER,3.72,O3->O3,CIMG_00780,pocket7,replica_1
CIMG_00780_prepared_Milbemycin_pocket7_complex_recombined_complex_explicit_stripped_final_frame,HydrogenBond,369LYS,3.19,O3->N3+,CIMG_00780,pocket7,replica_1
CIMG_00780_prepared_Milbemycin_pocket7_complex_recombined_complex_explicit_stripped_final_frame,HydrogenBond,842ASN,3.35,O3->Nam,CIMG_00780,pocket7,replica_1
CIMG_00780_prepared_Milbemycin_pocket7_complex_recombined_complex_explicit_stripped_final_frame,HydrogenBond,363THR,4.05,O3->O3,CIMG_00780,pocket7,replica_1
CIMG_00780_prepared_Milbemycin_pocket7_complex_recombined_complex_explicit_stripped_final_frame,HydrogenBond,200LYS,3.67,O3->N3+,CIMG_00780,pocket7,replica_1
CIMG_00780_prepared_Milbemycin_pocket7_complex_recombined_complex_explicit_stripped_final_frame,Hydrophobic,192LEU,3.94,,CIMG_00780,pocket7,replica_1
CIMG_00780_prepared_Milbemycin_pocket7_complex_recombined_complex_explicit_stripped_final_frame,Hydrophobic,306LEU,3.56,,CIMG_00780,pocket7,replica_1
CIMG_00780_prepared_Milbemycin_pocket7_complex_recombined_complex_explicit_stripped_final_frame,Hydrophobic,369LYS,3.94,,CIMG_00780,pocket7,replica_1
CIMG_00780_prepared_Milbemycin_pocket7_complex_recombined_complex_explicit_stripped_final_frame,Hydrophobic,1005PHE,3.46,,CIMG_00780,pocket7,replica_1
CIMG_00780_prepared_Milbemycin_pocket1_complex_recombined_complex_explicit_stripped_final_frame,HydrogenBond,358THR,3.99,O3->O3,CIMG_00780,pocket1,replica_1
CIMG_00780_prepared_Milbemycin_pocket1_complex_recombined_complex_explicit_stripped_final_frame,HydrogenBond,200LYS,2.86,O3->N3+,CIMG_00780,pocket1,replica_1
CIMG_00780_prepared_Milbemycin_pocket1_complex_recombined_complex_explicit_stripped_final_frame,Hydrophobic,306LEU,3.75,,CIMG_00780,pocket1,replica_1
CIMG_00780_prepared_Milbemycin_pocket1_complex_recombined_complex_explicit_stripped_final_frame,Hydrophobic,1001PHE,3.46,,CIMG_00780,pocket1,replica_1
CIMG_00780_prepared_Milbemycin_pocket1_complex_recombined_complex_explicit_stripped_final_frame,Hydrophobic,1005PHE,3.65,,CIMG_00780,pocket1,replica_1
CIMG_00780_prepared_Milbemycin_pocket1_complex_recombined_complex_explicit_stripped_final_frame,Hydrophobic,200LYS,3.78,,CIMG_00780,pocket1,replica_1
CIMG_00780_prepared_Milbemycin_pocket1_complex_recombined_complex_explicit_stripped_final_frame,Hydrophobic,362PRO,3.61,,CIMG_00780,pocket1,replica_1
CIMG_00780_prepared_Milbemycin_pocket1_complex_recombined_complex_explicit_stripped_initial_frame,HydrogenBond,310TYR,3.55,O3->O3,CIMG_00780,pocket1,replica_1
CIMG_00780_prepared_Milbemycin_pocket1_complex_recombined_complex_explicit_stripped_initial_frame,HydrogenBond,842ASN,3.15,O3->Nam,CIMG_00780,pocket1,replica_1
CIMG_00780_prepared_Milbemycin_pocket1_complex_recombined_complex_explicit_stripped_initial_frame,HydrogenBond,842ASN,3.85,O3->Nam,CIMG_00780,pocket1,replica_1
CIMG_00780_prepared_Milbemycin_pocket1_complex_recombined_complex_explicit_stripped_initial_frame,HydrogenBond,200LYS,2.42,O3->N3+,CIMG_00780,pocket1,replica_1
CIMG_00780_prepared_Milbemycin_pocket1_complex_recombined_complex_explicit_stripped_initial_frame,Hydrophobic,306LEU,3.94,,CIMG_00780,pocket1,replica_1
CIMG_00780_prepared_Milbemycin_pocket1_complex_recombined_complex_explicit_stripped_initial_frame,Hydrophobic,362PRO,1.24,,CIMG_00780,pocket1,replica_1
CIMG_00780_prepared_Milbemycin_pocket1_complex_recombined_complex_explicit_stripped_initial_frame,Hydrophobic,310TYR,2.52,,CIMG_00780,pocket1,replica_1
CIMG_00780_prepared_Milbemycin_pocket1_complex_recombined_complex_explicit_stripped_initial_frame,Hydrophobic,362PRO,1.09,,CIMG_00780,pocket1,replica_1
CIMG_00780_prepared_Milbemycin_pocket1_complex_recombined_complex_explicit_stripped_initial_frame,Hydrophobic,837ASP,2.27,,CIMG_00780,pocket1,replica_1
CIMG_00780_prepared_Milbemycin_pocket11_complex_recombined_complex_explicit_stripped_initial_frame,HydrogenBond,310TYR,3.65,O3->O3,CIMG_00780,pocket11,replica_1
CIMG_00780_prepared_Milbemycin_pocket11_complex_recombined_complex_explicit_stripped_initial_frame,HydrogenBond,842ASN,3.15,O3->Nam,CIMG_00780,pocket11,replica_1
CIMG_00780_prepared_Milbemycin_pocket11_complex_recombined_complex_explicit_stripped_initial_frame,HydrogenBond,842ASN,3.65,O3->Nam,CIMG_00780,pocket11,replica_1
CIMG_00780_prepared_Milbemycin_pocket11_complex_recombined_complex_explicit_stripped_initial_frame,HydrogenBond,200LYS,2.16,O3->N3+,CIMG_00780,pocket11,replica_1
CIMG_00780_prepared_Milbemycin_pocket11_complex_recombined_complex_explicit_stripped_initial_frame,Hydrophobic,362PRO,1.43,,CIMG_00780,pocket11,replica_1
CIMG_00780_prepared_Milbemycin_pocket11_complex_recombined_complex_explicit_stripped_initial_frame,Hydrophobic,310TYR,2.72,,CIMG_00780,pocket11,replica_1
CIMG_00780_prepared_Milbemycin_pocket11_complex_recombined_complex_explicit_stripped_initial_frame,Hydrophobic,362PRO,1.23,,CIMG_00780,pocket11,replica_1
CIMG_00780_prepared_Milbemycin_pocket11_complex_recombined_complex_explicit_stripped_initial_frame,Hydrophobic,837ASP,2.41,,CIMG_00780,pocket11,replica_1
CIMG_00780_prepared_Milbemycin_pocket11_complex_recombined_complex_explicit_stripped_final_frame,HydrogenBond,195ASN,2.65,O2->O3,CIMG_00780,pocket11,replica_1
CIMG_00780_prepared_Milbemycin_pocket11_complex_recombined_complex_explicit_stripped_final_frame,HydrogenBond,366ASP,2.62,O2->O3,CIMG_00780,pocket11,replica_1
CIMG_00780_prepared_Milbemycin_pocket11_complex_recombined_complex_explicit_stripped_final_frame,HydrogenBond,842ASN,2.8,O3->Nam,CIMG_00780,pocket11,replica_1
CIMG_00780_prepared_Milbemycin_pocket11_complex_recombined_complex_explicit_stripped_final_frame,HydrogenBond,195ASN,3.11,O3->Nam,CIMG_00780,pocket11,replica_1
CIMG_00780_prepared_Milbemycin_pocket11_complex_recombined_complex_explicit_stripped_final_frame,Hydrophobic,192LEU,3.67,,CIMG_00780,pocket11,replica_1
CIMG_00780_prepared_Milbemycin_pocket11_complex_recombined_complex_explicit_stripped_final_frame,Hydrophobic,200LYS,3.88,,CIMG_00780,pocket11,replica_1
CIMG_00780_prepared_Milbemycin_pocket11_complex_recombined_complex_explicit_stripped_final_frame,Hydrophobic,204ALA,3.99,,CIMG_00780,pocket11,replica_1
CIMG_00780_prepared_Milbemycin_pocket11_complex_recombined_complex_explicit_stripped_final_frame,Hydrophobic,362PRO,3.66,,CIMG_00780,pocket11,replica_1
CIMG_00780_prepared_Milbemycin_pocket11_complex_recombined_complex_explicit_stripped_final_frame,Hydrophobic,837ASP,3.63,,CIMG_00780,pocket11,replica_1
CIMG_00780_prepared_Milbemycin_pocket11_complex_recombined_complex_explicit_stripped_final_frame,Hydrophobic,845LEU,3.93,,CIMG_00780,pocket11,replica_1
CIMG_00780_prepared_Milbemycin_pocket11_complex_recombined_complex_explicit_stripped_final_frame,Hydrophobic,1005PHE,3.66,,CIMG_00780,pocket11,replica_1
CIMG_00780_prepared_Milbemycin_pocket13_complex_recombined_complex_explicit_stripped_initial_frame,HydrogenBond,194GLN,3.19,O3->Nam,CIMG_00780,pocket13,replica_1
CIMG_00780_prepared_Milbemycin_pocket13_complex_recombined_complex_explicit_stripped_initial_frame,Hydrophobic,831ASP,3.22,,CIMG_00780,pocket13,replica_1
CIMG_00780_prepared_Milbemycin_pocket13_complex_recombined_complex_explicit_stripped_initial_frame,Hydrophobic,902LEU,3.97,,CIMG_00780,pocket13,replica_1
CIMG_00780_prepared_Milbemycin_pocket13_complex_recombined_complex_explicit_stripped_initial_frame,Hydrophobic,1011LYS,3.79,,CIMG_00780,pocket13,replica_1
CIMG_00780_prepared_Milbemycin_pocket13_complex_recombined_complex_explicit_stripped_initial_frame,Hydrophobic,1011LYS,3.56,,CIMG_00780,pocket13,replica_1
CIMG_00780_prepared_Milbemycin_pocket13_complex_recombined_complex_explicit_stripped_initial_frame,Hydrophobic,834ALA,1.76,,CIMG_00780,pocket13,replica_1
CIMG_00780_prepared_Milbemycin_pocket13_complex_recombined_complex_explicit_stripped_initial_frame,Hydrophobic,898ALA,3.62,,CIMG_00780,pocket13,replica_1
CIMG_00780_prepared_Milbemycin_pocket13_complex_recombined_complex_explicit_stripped_initial_frame,Hydrophobic,898ALA,3.29,,CIMG_00780,pocket13,replica_1
CIMG_00780_prepared_Milbemycin_pocket13_complex_recombined_complex_explicit_stripped_initial_frame,Hydrophobic,898ALA,3.19,,CIMG_00780,pocket13,replica_1
CIMG_00780_prepared_Milbemycin_pocket13_complex_recombined_complex_explicit_stripped_initial_frame,Hydrophobic,901TYR,3.37,,CIMG_00780,pocket13,replica_1
CIMG_00780_prepared_Milbemycin_pocket13_complex_recombined_complex_explicit_stripped_initial_frame,Hydrophobic,901TYR,2.65,,CIMG_00780,pocket13,replica_1
CIMG_00780_prepared_Milbemycin_pocket13_complex_recombined_complex_explicit_stripped_initial_frame,Hydrophobic,902LEU,2.87,,CIMG_00780,pocket13,replica_1
CIMG_00780_prepared_Milbemycin_pocket13_complex_recombined_complex_explicit_stripped_initial_frame,SaltBridge,1011LYS,4.72,A↔A,CIMG_00780,pocket13,replica_1
CIMG_00780_prepared_Milbemycin_pocket13_complex_recombined_complex_explicit_stripped_final_frame,HydrogenBond,194GLN,2.74,O2->O3,CIMG_00780,pocket13,replica_1
CIMG_00780_prepared_Milbemycin_pocket13_complex_recombined_complex_explicit_stripped_final_frame,HydrogenBond,942SER,4.01,O3->O3,CIMG_00780,pocket13,replica_1
CIMG_00780_prepared_Milbemycin_pocket13_complex_recombined_complex_explicit_stripped_final_frame,Hydrophobic,191ASN,3.67,,CIMG_00780,pocket13,replica_1
CIMG_00780_prepared_Milbemycin_pocket13_complex_recombined_complex_explicit_stripped_final_frame,Hydrophobic,890GLU,3.65,,CIMG_00780,pocket13,replica_1
CIMG_00780_prepared_Milbemycin_pocket13_complex_recombined_complex_explicit_stripped_final_frame,Hydrophobic,898ALA,3.56,,CIMG_00780,pocket13,replica_1
CIMG_00780_prepared_Milbemycin_pocket13_complex_recombined_complex_explicit_stripped_final_frame,Hydrophobic,902LEU,3.71,,CIMG_00780,pocket13,replica_1
CIMG_00780_prepared_Milbemycin_pocket13_complex_recombined_complex_explicit_stripped_final_frame,Hydrophobic,1007LEU,3.78,,CIMG_00780,pocket13,replica_1
CIMG_00780_prepared_Milbemycin_pocket13_complex_recombined_complex_explicit_stripped_final_frame,SaltBridge,1011LYS,3.02,A↔A,CIMG_00780,pocket13,replica_1
CIMG_00780_prepared_Milbemycin_pocket15_complex_recombined_complex_explicit_stripped_final_frame,HydrogenBond,1211ASP,2.59,O2->O3,CIMG_00780,pocket15,replica_1
CIMG_00780_prepared_Milbemycin_pocket15_complex_recombined_complex_explicit_stripped_final_frame,HydrogenBond,1129GLN,3.12,O3->Nam,CIMG_00780,pocket15,replica_1
CIMG_00780_prepared_Milbemycin_pocket15_complex_recombined_complex_explicit_stripped_final_frame,HydrogenBond,548ARG,3.28,O3->Ng+,CIMG_00780,pocket15,replica_1
CIMG_00780_prepared_Milbemycin_pocket15_complex_recombined_complex_explicit_stripped_final_frame,HydrogenBond,548ARG,3.21,O3->Ng+,CIMG_00780,pocket15,replica_1
CIMG_00780_prepared_Milbemycin_pocket15_complex_recombined_complex_explicit_stripped_final_frame,Hydrophobic,277ALA,3.26,,CIMG_00780,pocket15,replica_1
CIMG_00780_prepared_Milbemycin_pocket15_complex_recombined_complex_explicit_stripped_final_frame,Hydrophobic,1088THR,3.93,,CIMG_00780,pocket15,replica_1
CIMG_00780_prepared_Milbemycin_pocket15_complex_recombined_complex_explicit_stripped_final_frame,Hydrophobic,1097PHE,3.55,,CIMG_00780,pocket15,replica_1
CIMG_00780_prepared_Milbemycin_pocket15_complex_recombined_complex_explicit_stripped_final_frame,Hydrophobic,1097PHE,3.96,,CIMG_00780,pocket15,replica_1
CIMG_00780_prepared_Milbemycin_pocket15_complex_recombined_complex_explicit_stripped_final_frame,Hydrophobic,1130GLU,3.94,,CIMG_00780,pocket15,replica_1
CIMG_00780_prepared_Milbemycin_pocket15_complex_recombined_complex_explicit_stripped_final_frame,Hydrophobic,1209PHE,3.96,,CIMG_00780,pocket15,replica_1
CIMG_00780_prepared_Milbemycin_pocket15_complex_recombined_complex_explicit_stripped_final_frame,Hydrophobic,1091ILE,3.69,,CIMG_00780,pocket15,replica_1
CIMG_00780_prepared_Milbemycin_pocket15_complex_recombined_complex_explicit_stripped_initial_frame,HydrogenBond,549GLY,3.81,O2->O3,CIMG_00780,pocket15,replica_1
CIMG_00780_prepared_Milbemycin_pocket15_complex_recombined_complex_explicit_stripped_initial_frame,HydrogenBond,552LEU,3.72,O2->O3,CIMG_00780,pocket15,replica_1
CIMG_00780_prepared_Milbemycin_pocket15_complex_recombined_complex_explicit_stripped_initial_frame,HydrogenBond,557ARG,2.78,O3->Ng+,CIMG_00780,pocket15,replica_1
CIMG_00780_prepared_Milbemycin_pocket15_complex_recombined_complex_explicit_stripped_initial_frame,Hydrophobic,548ARG,3.61,,CIMG_00780,pocket15,replica_1
CIMG_00780_prepared_Milbemycin_pocket15_complex_recombined_complex_explicit_stripped_initial_frame,Hydrophobic,1092ALA,3.31,,CIMG_00780,pocket15,replica_1
CIMG_00780_prepared_Milbemycin_pocket15_complex_recombined_complex_explicit_stripped_initial_frame,Hydrophobic,1097PHE,3.04,,CIMG_00780,pocket15,replica_1
CIMG_00780_prepared_Milbemycin_pocket15_complex_recombined_complex_explicit_stripped_initial_frame,Hydrophobic,1088THR,2.74,,CIMG_00780,pocket15,replica_1
CIMG_00780_prepared_Milbemycin_pocket9_complex_recombined_complex_explicit_stripped_initial_frame,HydrogenBond,310TYR,3.56,O3->O3,CIMG_00780,pocket9,replica_1
CIMG_00780_prepared_Milbemycin_pocket9_complex_recombined_complex_explicit_stripped_initial_frame,HydrogenBond,842ASN,3.18,O3->Nam,CIMG_00780,pocket9,replica_1
CIMG_00780_prepared_Milbemycin_pocket9_complex_recombined_complex_explicit_stripped_initial_frame,HydrogenBond,842ASN,3.76,O3->Nam,CIMG_00780,pocket9,replica_1
CIMG_00780_prepared_Milbemycin_pocket9_complex_recombined_complex_explicit_stripped_initial_frame,HydrogenBond,200LYS,2.29,O3->N3+,CIMG_00780,pocket9,replica_1
CIMG_00780_prepared_Milbemycin_pocket9_complex_recombined_complex_explicit_stripped_initial_frame,Hydrophobic,362PRO,1.36,,CIMG_00780,pocket9,replica_1
CIMG_00780_prepared_Milbemycin_pocket9_complex_recombined_complex_explicit_stripped_initial_frame,Hydrophobic,310TYR,2.6,,CIMG_00780,pocket9,replica_1
CIMG_00780_prepared_Milbemycin_pocket9_complex_recombined_complex_explicit_stripped_initial_frame,Hydrophobic,362PRO,1.17,,CIMG_00780,pocket9,replica_1
CIMG_00780_prepared_Milbemycin_pocket9_complex_recombined_complex_explicit_stripped_initial_frame,Hydrophobic,837ASP,2.41,,CIMG_00780,pocket9,replica_1
CIMG_00780_prepared_Milbemycin_pocket9_complex_recombined_complex_explicit_stripped_final_frame,HydrogenBond,200LYS,2.78,O2->O3,CIMG_00780,pocket9,replica_1
CIMG_00780_prepared_Milbemycin_pocket9_complex_recombined_complex_explicit_stripped_final_frame,HydrogenBond,366ASP,3.63,O3->O3,CIMG_00780,pocket9,replica_1
CIMG_00780_prepared_Milbemycin_pocket9_complex_recombined_complex_explicit_stripped_final_frame,HydrogenBond,842ASN,3.02,O3->Nam,CIMG_00780,pocket9,replica_1
CIMG_00780_prepared_Milbemycin_pocket9_complex_recombined_complex_explicit_stripped_final_frame,HydrogenBond,369LYS,2.9,O3->N3+,CIMG_00780,pocket9,replica_1
CIMG_00780_prepared_Milbemycin_pocket9_complex_recombined_complex_explicit_stripped_final_frame,HydrogenBond,195ASN,3.73,O3->Nam,CIMG_00780,pocket9,replica_1
CIMG_00780_prepared_Milbemycin_pocket9_complex_recombined_complex_explicit_stripped_final_frame,HydrogenBond,200LYS,2.99,O3->N3+,CIMG_00780,pocket9,replica_1
CIMG_00780_prepared_Milbemycin_pocket9_complex_recombined_complex_explicit_stripped_final_frame,HydrogenBond,1008ASN,2.93,O3->Nam,CIMG_00780,pocket9,replica_1
CIMG_00780_prepared_Milbemycin_pocket9_complex_recombined_complex_explicit_stripped_final_frame,Hydrophobic,192LEU,3.73,,CIMG_00780,pocket9,replica_1
CIMG_00780_prepared_Milbemycin_pocket9_complex_recombined_complex_explicit_stripped_final_frame,Hydrophobic,195ASN,3.46,,CIMG_00780,pocket9,replica_1
CIMG_00780_prepared_Milbemycin_pocket9_complex_recombined_complex_explicit_stripped_final_frame,Hydrophobic,792PHE,3.93,,CIMG_00780,pocket9,replica_1
CIMG_00780_prepared_Milbemycin_pocket9_complex_recombined_complex_explicit_stripped_final_frame,Hydrophobic,363THR,3.6,,CIMG_00780,pocket9,replica_1
CIMG_00780_prepared_Milbemycin_pocket9_complex_recombined_complex_explicit_stripped_final_frame,Hydrophobic,369LYS,3.67,,CIMG_00780,pocket9,replica_1
CIMG_00780_prepared_Milbemycin_pocket5_complex_recombined_complex_explicit_stripped_final_frame,HydrogenBond,893SER,2.74,O3->O3,CIMG_00780,pocket5,replica_1
CIMG_00780_prepared_Milbemycin_pocket5_complex_recombined_complex_explicit_stripped_final_frame,HydrogenBond,897ASN,3.95,O3->Nam,CIMG_00780,pocket5,replica_1
CIMG_00780_prepared_Milbemycin_pocket5_complex_recombined_complex_explicit_stripped_final_frame,Hydrophobic,191ASN,3.87,,CIMG_00780,pocket5,replica_1
CIMG_00780_prepared_Milbemycin_pocket5_complex_recombined_complex_explicit_stripped_final_frame,Hydrophobic,830THR,3.76,,CIMG_00780,pocket5,replica_1
CIMG_00780_prepared_Milbemycin_pocket5_complex_recombined_complex_explicit_stripped_final_frame,Hydrophobic,894GLN,3.89,,CIMG_00780,pocket5,replica_1
CIMG_00780_prepared_Milbemycin_pocket5_complex_recombined_complex_explicit_stripped_final_frame,Hydrophobic,899LYS,3.66,,CIMG_00780,pocket5,replica_1
CIMG_00780_prepared_Milbemycin_pocket5_complex_recombined_complex_explicit_stripped_final_frame,Hydrophobic,1007LEU,3.98,,CIMG_00780,pocket5,replica_1
CIMG_00780_prepared_Milbemycin_pocket5_complex_recombined_complex_explicit_stripped_final_frame,Hydrophobic,1011LYS,3.9,,CIMG_00780,pocket5,replica_1
CIMG_00780_prepared_Milbemycin_pocket5_complex_recombined_complex_explicit_stripped_final_frame,Hydrophobic,901TYR,3.84,,CIMG_00780,pocket5,replica_1
CIMG_00780_prepared_Milbemycin_pocket5_complex_recombined_complex_explicit_stripped_final_frame,SaltBridge,1011LYS,4.13,A↔A,CIMG_00780,pocket5,replica_1
CIMG_00780_prepared_Milbemycin_pocket5_complex_recombined_complex_explicit_stripped_initial_frame,HydrogenBond,194GLN,3.31,O3->Nam,CIMG_00780,pocket5,replica_1
CIMG_00780_prepared_Milbemycin_pocket5_complex_recombined_complex_explicit_stripped_initial_frame,Hydrophobic,831ASP,3.07,,CIMG_00780,pocket5,replica_1
CIMG_00780_prepared_Milbemycin_pocket5_complex_recombined_complex_explicit_stripped_initial_frame,Hydrophobic,902LEU,3.99,,CIMG_00780,pocket5,replica_1
CIMG_00780_prepared_Milbemycin_pocket5_complex_recombined_complex_explicit_stripped_initial_frame,Hydrophobic,834ALA,1.69,,CIMG_00780,pocket5,replica_1
CIMG_00780_prepared_Milbemycin_pocket5_complex_recombined_complex_explicit_stripped_initial_frame,Hydrophobic,898ALA,3.25,,CIMG_00780,pocket5,replica_1
CIMG_00780_prepared_Milbemycin_pocket5_complex_recombined_complex_explicit_stripped_initial_frame,Hydrophobic,898ALA,3.23,,CIMG_00780,pocket5,replica_1
CIMG_00780_prepared_Milbemycin_pocket5_complex_recombined_complex_explicit_stripped_initial_frame,Hydrophobic,901TYR,3.51,,CIMG_00780,pocket5,replica_1
CIMG_00780_prepared_Milbemycin_pocket5_complex_recombined_complex_explicit_stripped_initial_frame,Hydrophobic,901TYR,2.77,,CIMG_00780,pocket5,replica_1
CIMG_00780_prepared_Milbemycin_pocket5_complex_recombined_complex_explicit_stripped_initial_frame,Hydrophobic,902LEU,2.85,,CIMG_00780,pocket5,replica_1
CIMG_00780_prepared_Milbemycin_pocket5_complex_recombined_complex_explicit_stripped_initial_frame,SaltBridge,1011LYS,4.69,A↔A,CIMG_00780,pocket5,replica_1
CIMG_00780_prepared_Milbemycin_pocket3_complex_recombined_complex_explicit_stripped_final_frame,Hydrophobic,273ARG,3.42,,CIMG_00780,pocket3,replica_1
CIMG_00780_prepared_Milbemycin_pocket3_complex_recombined_complex_explicit_stripped_final_frame,Hydrophobic,1088THR,3.69,,CIMG_00780,pocket3,replica_1
CIMG_00780_prepared_Milbemycin_pocket3_complex_recombined_complex_explicit_stripped_final_frame,Hydrophobic,1129GLN,3.79,,CIMG_00780,pocket3,replica_1
CIMG_00780_prepared_Milbemycin_pocket3_complex_recombined_complex_explicit_stripped_final_frame,Hydrophobic,1130GLU,3.91,,CIMG_00780,pocket3,replica_1
CIMG_00780_prepared_Milbemycin_pocket3_complex_recombined_complex_explicit_stripped_final_frame,Hydrophobic,1097PHE,3.99,,CIMG_00780,pocket3,replica_1
CIMG_00780_prepared_Milbemycin_pocket3_complex_recombined_complex_explicit_stripped_initial_frame,HydrogenBond,549GLY,3.81,O2->O3,CIMG_00780,pocket3,replica_1
CIMG_00780_prepared_Milbemycin_pocket3_complex_recombined_complex_explicit_stripped_initial_frame,HydrogenBond,552LEU,3.67,O2->O3,CIMG_00780,pocket3,replica_1
CIMG_00780_prepared_Milbemycin_pocket3_complex_recombined_complex_explicit_stripped_initial_frame,HydrogenBond,557ARG,2.73,O3->Ng+,CIMG_00780,pocket3,replica_1
CIMG_00780_prepared_Milbemycin_pocket3_complex_recombined_complex_explicit_stripped_initial_frame,Hydrophobic,548ARG,3.52,,CIMG_00780,pocket3,replica_1
CIMG_00780_prepared_Milbemycin_pocket3_complex_recombined_complex_explicit_stripped_initial_frame,Hydrophobic,1092ALA,3.41,,CIMG_00780,pocket3,replica_1
CIMG_00780_prepared_Milbemycin_pocket3_complex_recombined_complex_explicit_stripped_initial_frame,Hydrophobic,1097PHE,3.14,,CIMG_00780,pocket3,replica_1
CIMG_00780_prepared_Milbemycin_pocket3_complex_recombined_complex_explicit_stripped_initial_frame,Hydrophobic,1088THR,2.86,,CIMG_00780,pocket3,replica_1
CIMG_00780_prepared_Milbemycin_pocket12_complex_recombined_complex_explicit_stripped_initial_frame,HydrogenBond,549GLY,3.85,O2->O3,CIMG_00780,pocket12,replica_1
CIMG_00780_prepared_Milbemycin_pocket12_complex_recombined_complex_explicit_stripped_initial_frame,HydrogenBond,552LEU,3.71,O2->O3,CIMG_00780,pocket12,replica_1
CIMG_00780_prepared_Milbemycin_pocket12_complex_recombined_complex_explicit_stripped_initial_frame,HydrogenBond,557ARG,2.7,O3->Ng+,CIMG_00780,pocket12,replica_1
CIMG_00780_prepared_Milbemycin_pocket12_complex_recombined_complex_explicit_stripped_initial_frame,Hydrophobic,548ARG,3.59,,CIMG_00780,pocket12,replica_1
CIMG_00780_prepared_Milbemycin_pocket12_complex_recombined_complex_explicit_stripped_initial_frame,Hydrophobic,1092ALA,3.39,,CIMG_00780,pocket12,replica_1
CIMG_00780_prepared_Milbemycin_pocket12_complex_recombined_complex_explicit_stripped_initial_frame,Hydrophobic,1097PHE,3.07,,CIMG_00780,pocket12,replica_1
CIMG_00780_prepared_Milbemycin_pocket12_complex_recombined_complex_explicit_stripped_initial_frame,Hydrophobic,1088THR,2.79,,CIMG_00780,pocket12,replica_1
CIMG_00780_prepared_Milbemycin_pocket12_complex_recombined_complex_explicit_stripped_final_frame,HydrogenBond,1211ASP,2.65,O2->O3,CIMG_00780,pocket12,replica_1
CIMG_00780_prepared_Milbemycin_pocket12_complex_recombined_complex_explicit_stripped_final_frame,HydrogenBond,1088THR,3.45,O3->O3,CIMG_00780,pocket12,replica_1
CIMG_00780_prepared_Milbemycin_pocket12_complex_recombined_complex_explicit_stripped_final_frame,HydrogenBond,1128SER,3.13,O3->O3,CIMG_00780,pocket12,replica_1
CIMG_00780_prepared_Milbemycin_pocket12_complex_recombined_complex_explicit_stripped_final_frame,HydrogenBond,1129GLN,4.02,O3->Nam,CIMG_00780,pocket12,replica_1
CIMG_00780_prepared_Milbemycin_pocket12_complex_recombined_complex_explicit_stripped_final_frame,Hydrophobic,1092ALA,3.84,,CIMG_00780,pocket12,replica_1
CIMG_00780_prepared_Milbemycin_pocket12_complex_recombined_complex_explicit_stripped_final_frame,Hydrophobic,1097PHE,3.64,,CIMG_00780,pocket12,replica_1
CIMG_00780_prepared_Milbemycin_pocket14_complex_recombined_complex_explicit_stripped_final_frame,Hydrophobic,273ARG,3.37,,CIMG_00780,pocket14,replica_1
CIMG_00780_prepared_Milbemycin_pocket14_complex_recombined_complex_explicit_stripped_final_frame,Hydrophobic,274VAL,3.58,,CIMG_00780,pocket14,replica_1
CIMG_00780_prepared_Milbemycin_pocket14_complex_recombined_complex_explicit_stripped_final_frame,Hydrophobic,488GLU,3.72,,CIMG_00780,pocket14,replica_1
CIMG_00780_prepared_Milbemycin_pocket14_complex_recombined_complex_explicit_stripped_final_frame,Hydrophobic,1097PHE,3.63,,CIMG_00780,pocket14,replica_1
CIMG_00780_prepared_Milbemycin_pocket14_complex_recombined_complex_explicit_stripped_initial_frame,HydrogenBond,548ARG,2.69,O2->O3,CIMG_00780,pocket14,replica_1
CIMG_00780_prepared_Milbemycin_pocket14_complex_recombined_complex_explicit_stripped_initial_frame,Hydrophobic,1097PHE,3.72,,CIMG_00780,pocket14,replica_1
CIMG_00780_prepared_Milbemycin_pocket14_complex_recombined_complex_explicit_stripped_initial_frame,Hydrophobic,1088THR,3.76,,CIMG_00780,pocket14,replica_1
CIMG_00780_prepared_Milbemycin_pocket14_complex_recombined_complex_explicit_stripped_initial_frame,Hydrophobic,1212GLU,3.77,,CIMG_00780,pocket14,replica_1
CIMG_00780_prepared_Milbemycin_pocket2_complex_recombined_complex_explicit_stripped_initial_frame,HydrogenBond,194GLN,3.21,O3->Nam,CIMG_00780,pocket2,replica_1
CIMG_00780_prepared_Milbemycin_pocket2_complex_recombined_complex_explicit_stripped_initial_frame,Hydrophobic,831ASP,3.33,,CIMG_00780,pocket2,replica_1
CIMG_00780_prepared_Milbemycin_pocket2_complex_recombined_complex_explicit_stripped_initial_frame,Hydrophobic,902LEU,2.97,,CIMG_00780,pocket2,replica_1
CIMG_00780_prepared_Milbemycin_pocket2_complex_recombined_complex_explicit_stripped_initial_frame,Hydrophobic,834ALA,1.81,,CIMG_00780,pocket2,replica_1
CIMG_00780_prepared_Milbemycin_pocket2_complex_recombined_complex_explicit_stripped_initial_frame,Hydrophobic,898ALA,3.04,,CIMG_00780,pocket2,replica_1
CIMG_00780_prepared_Milbemycin_pocket2_complex_recombined_complex_explicit_stripped_initial_frame,Hydrophobic,901TYR,3.35,,CIMG_00780,pocket2,replica_1
CIMG_00780_prepared_Milbemycin_pocket2_complex_recombined_complex_explicit_stripped_initial_frame,Hydrophobic,901TYR,2.69,,CIMG_00780,pocket2,replica_1
CIMG_00780_prepared_Milbemycin_pocket2_complex_recombined_complex_explicit_stripped_initial_frame,SaltBridge,1011LYS,4.67,A↔A,CIMG_00780,pocket2,replica_1
CIMG_00780_prepared_Milbemycin_pocket2_complex_recombined_complex_explicit_stripped_final_frame,HydrogenBond,894GLN,3.17,O2->O3,CIMG_00780,pocket2,replica_1
CIMG_00780_prepared_Milbemycin_pocket2_complex_recombined_complex_explicit_stripped_final_frame,HydrogenBond,194GLN,3.92,O3->Nam,CIMG_00780,pocket2,replica_1
CIMG_00780_prepared_Milbemycin_pocket2_complex_recombined_complex_explicit_stripped_final_frame,Hydrophobic,195ASN,3.82,,CIMG_00780,pocket2,replica_1
CIMG_00780_prepared_Milbemycin_pocket2_complex_recombined_complex_explicit_stripped_final_frame,Hydrophobic,834ALA,3.74,,CIMG_00780,pocket2,replica_1
CIMG_00780_prepared_Milbemycin_pocket2_complex_recombined_complex_explicit_stripped_final_frame,Hydrophobic,898ALA,3.68,,CIMG_00780,pocket2,replica_1
CIMG_00780_prepared_Milbemycin_pocket2_complex_recombined_complex_explicit_stripped_final_frame,Hydrophobic,901TYR,3.94,,CIMG_00780,pocket2,replica_1
CIMG_00780_prepared_Milbemycin_pocket2_complex_recombined_complex_explicit_stripped_final_frame,Hydrophobic,1007LEU,3.46,,CIMG_00780,pocket2,replica_1
CIMG_00780_prepared_Milbemycin_pocket2_complex_recombined_complex_explicit_stripped_final_frame,Hydrophobic,830THR,3.69,,CIMG_00780,pocket2,replica_1
CIMG_00780_prepared_Milbemycin_pocket2_complex_recombined_complex_explicit_stripped_final_frame,Hydrophobic,901TYR,3.9,,CIMG_00780,pocket2,replica_1
SNQ2_CANGA_prepared_Milbemycin_pocket10_complex_recombined_complex_explicit_stripped_initial_frame,Hydrophobic,652LEU,3.95,,SNQ2_CANGA,pocket10,replica_1
SNQ2_CANGA_prepared_Milbemycin_pocket10_complex_recombined_complex_explicit_stripped_initial_frame,Hydrophobic,786LEU,3.14,,SNQ2_CANGA,pocket10,replica_1
SNQ2_CANGA_prepared_Milbemycin_pocket10_complex_recombined_complex_explicit_stripped_initial_frame,Hydrophobic,666ILE,2.47,,SNQ2_CANGA,pocket10,replica_1
SNQ2_CANGA_prepared_Milbemycin_pocket10_complex_recombined_complex_explicit_stripped_initial_frame,Hydrophobic,670VAL,2.59,,SNQ2_CANGA,pocket10,replica_1
SNQ2_CANGA_prepared_Milbemycin_pocket10_complex_recombined_complex_explicit_stripped_initial_frame,Hydrophobic,783TYR,2.89,,SNQ2_CANGA,pocket10,replica_1
SNQ2_CANGA_prepared_Milbemycin_pocket10_complex_recombined_complex_explicit_stripped_final_frame,HydrogenBond,697ILE,3.05,O2->O3,SNQ2_CANGA,pocket10,replica_1
SNQ2_CANGA_prepared_Milbemycin_pocket10_complex_recombined_complex_explicit_stripped_final_frame,HydrogenBond,783TYR,2.91,O3->O3,SNQ2_CANGA,pocket10,replica_1
SNQ2_CANGA_prepared_Milbemycin_pocket10_complex_recombined_complex_explicit_stripped_final_frame,Hydrophobic,694ILE,3.8,,SNQ2_CANGA,pocket10,replica_1
SNQ2_CANGA_prepared_Milbemycin_pocket10_complex_recombined_complex_explicit_stripped_final_frame,Hydrophobic,779PHE,3.76,,SNQ2_CANGA,pocket10,replica_1
SNQ2_CANGA_prepared_Milbemycin_pocket10_complex_recombined_complex_explicit_stripped_final_frame,Hydrophobic,783TYR,3.72,,SNQ2_CANGA,pocket10,replica_1
SNQ2_CANGA_prepared_Milbemycin_pocket10_complex_recombined_complex_explicit_stripped_final_frame,Hydrophobic,652LEU,3.38,,SNQ2_CANGA,pocket10,replica_1
SNQ2_CANGA_prepared_Milbemycin_pocket4_complex_recombined_complex_explicit_stripped_final_frame,HydrogenBond,798LYS,2.72,O2->O3,SNQ2_CANGA,pocket4,replica_1
SNQ2_CANGA_prepared_Milbemycin_pocket4_complex_recombined_complex_explicit_stripped_final_frame,HydrogenBond,993VAL,2.87,O2->O3,SNQ2_CANGA,pocket4,replica_1
SNQ2_CANGA_prepared_Milbemycin_pocket4_complex_recombined_complex_explicit_stripped_final_frame,HydrogenBond,214GLN,3.39,O3->Nam,SNQ2_CANGA,pocket4,replica_1
SNQ2_CANGA_prepared_Milbemycin_pocket4_complex_recombined_complex_explicit_stripped_final_frame,HydrogenBond,247GLN,2.92,O3->Nam,SNQ2_CANGA,pocket4,replica_1
SNQ2_CANGA_prepared_Milbemycin_pocket4_complex_recombined_complex_explicit_stripped_final_frame,HydrogenBond,800GLY,3.4,O3->Nam,SNQ2_CANGA,pocket4,replica_1
SNQ2_CANGA_prepared_Milbemycin_pocket4_complex_recombined_complex_explicit_stripped_final_frame,HydrogenBond,995ARG,3.93,O3->Nam,SNQ2_CANGA,pocket4,replica_1
SNQ2_CANGA_prepared_Milbemycin_pocket4_complex_recombined_complex_explicit_stripped_final_frame,HydrogenBond,993VAL,3.87,O3->Nam,SNQ2_CANGA,pocket4,replica_1
SNQ2_CANGA_prepared_Milbemycin_pocket4_complex_recombined_complex_explicit_stripped_final_frame,Hydrophobic,243TYR,3.61,,SNQ2_CANGA,pocket4,replica_1
SNQ2_CANGA_prepared_Milbemycin_pocket4_complex_recombined_complex_explicit_stripped_final_frame,Hydrophobic,583GLN,3.64,,SNQ2_CANGA,pocket4,replica_1
SNQ2_CANGA_prepared_Milbemycin_pocket4_complex_recombined_complex_explicit_stripped_initial_frame,HydrogenBond,214GLN,3.76,O3->Nam,SNQ2_CANGA,pocket4,replica_1
SNQ2_CANGA_prepared_Milbemycin_pocket4_complex_recombined_complex_explicit_stripped_initial_frame,HydrogenBond,247GLN,3.17,O3->Nam,SNQ2_CANGA,pocket4,replica_1
SNQ2_CANGA_prepared_Milbemycin_pocket4_complex_recombined_complex_explicit_stripped_initial_frame,Hydrophobic,797VAL,3.87,,SNQ2_CANGA,pocket4,replica_1
SNQ2_CANGA_prepared_Milbemycin_pocket4_complex_recombined_complex_explicit_stripped_initial_frame,Hydrophobic,583GLN,1.87,,SNQ2_CANGA,pocket4,replica_1
SNQ2_CANGA_prepared_Milbemycin_pocket8_complex_recombined_complex_explicit_stripped_initial_frame,HydrogenBond,895SER,3.97,O2->O3,SNQ2_CANGA,pocket8,replica_1
SNQ2_CANGA_prepared_Milbemycin_pocket8_complex_recombined_complex_explicit_stripped_initial_frame,HydrogenBond,1073LYS,3.55,O3->N3+,SNQ2_CANGA,pocket8,replica_1
SNQ2_CANGA_prepared_Milbemycin_pocket8_complex_recombined_complex_explicit_stripped_initial_frame,Hydrophobic,74MET,2.48,,SNQ2_CANGA,pocket8,replica_1
SNQ2_CANGA_prepared_Milbemycin_pocket8_complex_recombined_complex_explicit_stripped_initial_frame,Hydrophobic,1120ALA,2.16,,SNQ2_CANGA,pocket8,replica_1
SNQ2_CANGA_prepared_Milbemycin_pocket8_complex_recombined_complex_explicit_stripped_initial_frame,SaltBridge,1073LYS,4.69,A↔A,SNQ2_CANGA,pocket8,replica_1
SNQ2_CANGA_prepared_Milbemycin_pocket8_complex_recombined_complex_explicit_stripped_final_frame,HydrogenBond,894GLU,2.54,O2->O3,SNQ2_CANGA,pocket8,replica_1
SNQ2_CANGA_prepared_Milbemycin_pocket8_complex_recombined_complex_explicit_stripped_final_frame,HydrogenBond,895SER,3.17,O2->O3,SNQ2_CANGA,pocket8,replica_1
SNQ2_CANGA_prepared_Milbemycin_pocket8_complex_recombined_complex_explicit_stripped_final_frame,HydrogenBond,318ARG,3.53,O3->Ng+,SNQ2_CANGA,pocket8,replica_1
SNQ2_CANGA_prepared_Milbemycin_pocket8_complex_recombined_complex_explicit_stripped_final_frame,Hydrophobic,295LEU,3.95,,SNQ2_CANGA,pocket8,replica_1
SNQ2_CANGA_prepared_Milbemycin_pocket8_complex_recombined_complex_explicit_stripped_final_frame,Hydrophobic,296ARG,3.57,,SNQ2_CANGA,pocket8,replica_1
SNQ2_CANGA_prepared_Milbemycin_pocket8_complex_recombined_complex_explicit_stripped_final_frame,Hydrophobic,315GLU,3.91,,SNQ2_CANGA,pocket8,replica_1
SNQ2_CANGA_prepared_Milbemycin_pocket8_complex_recombined_complex_explicit_stripped_final_frame,SaltBridge,297HIS,4.76,A↔A,SNQ2_CANGA,pocket8,replica_1
SNQ2_CANGA_prepared_Milbemycin_pocket8_complex_recombined_complex_explicit_stripped_final_frame,SaltBridge,1073LYS,4.31,A↔A,SNQ2_CANGA,pocket8,replica_1
SNQ2_CANGA_prepared_Milbemycin_pocket7_complex_recombined_complex_explicit_stripped_initial_frame,HydrogenBond,1246ARG,2.57,O2->O3,SNQ2_CANGA,pocket7,replica_1
SNQ2_CANGA_prepared_Milbemycin_pocket7_complex_recombined_complex_explicit_stripped_initial_frame,HydrogenBond,1248ILE,2.16,O3->Nam,SNQ2_CANGA,pocket7,replica_1
SNQ2_CANGA_prepared_Milbemycin_pocket7_complex_recombined_complex_explicit_stripped_initial_frame,HydrogenBond,1249ALA,3.73,O3->Nam,SNQ2_CANGA,pocket7,replica_1
SNQ2_CANGA_prepared_Milbemycin_pocket7_complex_recombined_complex_explicit_stripped_initial_frame,HydrogenBond,1250ALA,3.72,O3->Nam,SNQ2_CANGA,pocket7,replica_1
SNQ2_CANGA_prepared_Milbemycin_pocket7_complex_recombined_complex_explicit_stripped_initial_frame,Hydrophobic,660ILE,3.36,,SNQ2_CANGA,pocket7,replica_1
SNQ2_CANGA_prepared_Milbemycin_pocket7_complex_recombined_complex_explicit_stripped_initial_frame,Hydrophobic,1334LEU,3.14,,SNQ2_CANGA,pocket7,replica_1
SNQ2_CANGA_prepared_Milbemycin_pocket7_complex_recombined_complex_explicit_stripped_initial_frame,Hydrophobic,1334LEU,3.38,,SNQ2_CANGA,pocket7,replica_1
SNQ2_CANGA_prepared_Milbemycin_pocket7_complex_recombined_complex_explicit_stripped_initial_frame,Hydrophobic,577GLU,2.93,,SNQ2_CANGA,pocket7,replica_1
SNQ2_CANGA_prepared_Milbemycin_pocket7_complex_recombined_complex_explicit_stripped_initial_frame,Hydrophobic,1245ALA,2.83,,SNQ2_CANGA,pocket7,replica_1
SNQ2_CANGA_prepared_Milbemycin_pocket7_complex_recombined_complex_explicit_stripped_initial_frame,Hydrophobic,1248ILE,1.91,,SNQ2_CANGA,pocket7,replica_1
SNQ2_CANGA_prepared_Milbemycin_pocket7_complex_recombined_complex_explicit_stripped_initial_frame,Hydrophobic,1249ALA,1.68,,SNQ2_CANGA,pocket7,replica_1
SNQ2_CANGA_prepared_Milbemycin_pocket7_complex_recombined_complex_explicit_stripped_final_frame,Hydrophobic,249VAL,3.6,,SNQ2_CANGA,pocket7,replica_1
SNQ2_CANGA_prepared_Milbemycin_pocket7_complex_recombined_complex_explicit_stripped_final_frame,Hydrophobic,576PHE,3.84,,SNQ2_CANGA,pocket7,replica_1
SNQ2_CANGA_prepared_Milbemycin_pocket7_complex_recombined_complex_explicit_stripped_final_frame,Hydrophobic,941ILE,3.44,,SNQ2_CANGA,pocket7,replica_1
SNQ2_CANGA_prepared_Milbemycin_pocket7_complex_recombined_complex_explicit_stripped_final_frame,Hydrophobic,992ASP,3.7,,SNQ2_CANGA,pocket7,replica_1
SNQ2_CANGA_prepared_Milbemycin_pocket7_complex_recombined_complex_explicit_stripped_final_frame,Hydrophobic,1334LEU,3.96,,SNQ2_CANGA,pocket7,replica_1
SNQ2_CANGA_prepared_Milbemycin_pocket1_complex_recombined_complex_explicit_stripped_final_frame,HydrogenBond,89THR,2.76,O3->O3,SNQ2_CANGA,pocket1,replica_1
SNQ2_CANGA_prepared_Milbemycin_pocket1_complex_recombined_complex_explicit_stripped_final_frame,Hydrophobic,85LEU,3.97,,SNQ2_CANGA,pocket1,replica_1
SNQ2_CANGA_prepared_Milbemycin_pocket1_complex_recombined_complex_explicit_stripped_final_frame,Hydrophobic,98LEU,3.83,,SNQ2_CANGA,pocket1,replica_1
SNQ2_CANGA_prepared_Milbemycin_pocket1_complex_recombined_complex_explicit_stripped_final_frame,Hydrophobic,111ARG,3.53,,SNQ2_CANGA,pocket1,replica_1
SNQ2_CANGA_prepared_Milbemycin_pocket1_complex_recombined_complex_explicit_stripped_final_frame,Hydrophobic,276VAL,3.89,,SNQ2_CANGA,pocket1,replica_1
SNQ2_CANGA_prepared_Milbemycin_pocket1_complex_recombined_complex_explicit_stripped_initial_frame,HydrogenBond,284SER,3.42,O2->O3,SNQ2_CANGA,pocket1,replica_1
SNQ2_CANGA_prepared_Milbemycin_pocket1_complex_recombined_complex_explicit_stripped_initial_frame,HydrogenBond,119ASP,3.95,O3->O3,SNQ2_CANGA,pocket1,replica_1
SNQ2_CANGA_prepared_Milbemycin_pocket1_complex_recombined_complex_explicit_stripped_initial_frame,HydrogenBond,274ASN,3.48,O3->Nam,SNQ2_CANGA,pocket1,replica_1
SNQ2_CANGA_prepared_Milbemycin_pocket1_complex_recombined_complex_explicit_stripped_initial_frame,Hydrophobic,112ILE,3.78,,SNQ2_CANGA,pocket1,replica_1
SNQ2_CANGA_prepared_Milbemycin_pocket1_complex_recombined_complex_explicit_stripped_initial_frame,Hydrophobic,112ILE,3.91,,SNQ2_CANGA,pocket1,replica_1
SNQ2_CANGA_prepared_Milbemycin_pocket1_complex_recombined_complex_explicit_stripped_initial_frame,Hydrophobic,85LEU,1.92,,SNQ2_CANGA,pocket1,replica_1
SNQ2_CANGA_prepared_Milbemycin_pocket1_complex_recombined_complex_explicit_stripped_initial_frame,Hydrophobic,89THR,1.9,,SNQ2_CANGA,pocket1,replica_1
SNQ2_CANGA_prepared_Milbemycin_pocket1_complex_recombined_complex_explicit_stripped_initial_frame,Hydrophobic,96ILE,3.13,,SNQ2_CANGA,pocket1,replica_1
SNQ2_CANGA_prepared_Milbemycin_pocket1_complex_recombined_complex_explicit_stripped_initial_frame,Hydrophobic,112ILE,2.66,,SNQ2_CANGA,pocket1,replica_1
SNQ2_CANGA_prepared_Milbemycin_pocket1_complex_recombined_complex_explicit_stripped_initial_frame,Hydrophobic,274ASN,3.06,,SNQ2_CANGA,pocket1,replica_1
SNQ2_CANGA_prepared_Milbemycin_pocket11_complex_recombined_complex_explicit_stripped_initial_frame,HydrogenBond,939GLN,4.01,O2->O3,SNQ2_CANGA,pocket11,replica_1
SNQ2_CANGA_prepared_Milbemycin_pocket11_complex_recombined_complex_explicit_stripped_initial_frame,HydrogenBond,316ARG,2.48,O3->Ng+,SNQ2_CANGA,pocket11,replica_1
SNQ2_CANGA_prepared_Milbemycin_pocket11_complex_recombined_complex_explicit_stripped_initial_frame,HydrogenBond,316ARG,3.46,O3->Ng+,SNQ2_CANGA,pocket11,replica_1
SNQ2_CANGA_prepared_Milbemycin_pocket11_complex_recombined_complex_explicit_stripped_initial_frame,Hydrophobic,311VAL,3.4,,SNQ2_CANGA,pocket11,replica_1
SNQ2_CANGA_prepared_Milbemycin_pocket11_complex_recombined_complex_explicit_stripped_initial_frame,Hydrophobic,316ARG,2.86,,SNQ2_CANGA,pocket11,replica_1
SNQ2_CANGA_prepared_Milbemycin_pocket11_complex_recombined_complex_explicit_stripped_initial_frame,Hydrophobic,938GLN,2.79,,SNQ2_CANGA,pocket11,replica_1
SNQ2_CANGA_prepared_Milbemycin_pocket11_complex_recombined_complex_explicit_stripped_final_frame,HydrogenBond,904ASN,2.81,O2->O3,SNQ2_CANGA,pocket11,replica_1
SNQ2_CANGA_prepared_Milbemycin_pocket11_complex_recombined_complex_explicit_stripped_final_frame,HydrogenBond,909ARG,2.94,O3->Ng+,SNQ2_CANGA,pocket11,replica_1
SNQ2_CANGA_prepared_Milbemycin_pocket11_complex_recombined_complex_explicit_stripped_final_frame,HydrogenBond,904ASN,3.51,O3->Nam,SNQ2_CANGA,pocket11,replica_1
SNQ2_CANGA_prepared_Milbemycin_pocket11_complex_recombined_complex_explicit_stripped_final_frame,HydrogenBond,937GLN,3.13,O3->Nam,SNQ2_CANGA,pocket11,replica_1
SNQ2_CANGA_prepared_Milbemycin_pocket11_complex_recombined_complex_explicit_stripped_final_frame,Hydrophobic,938GLN,3.75,,SNQ2_CANGA,pocket11,replica_1
SNQ2_CANGA_prepared_Milbemycin_pocket13_complex_recombined_complex_explicit_stripped_initial_frame,Hydrophobic,1420ARG,3.65,,SNQ2_CANGA,pocket13,replica_1
SNQ2_CANGA_prepared_Milbemycin_pocket13_complex_recombined_complex_explicit_stripped_initial_frame,Hydrophobic,722THR,1.52,,SNQ2_CANGA,pocket13,replica_1
SNQ2_CANGA_prepared_Milbemycin_pocket13_complex_recombined_complex_explicit_stripped_initial_frame,Hydrophobic,1447HIS,1.45,,SNQ2_CANGA,pocket13,replica_1
SNQ2_CANGA_prepared_Milbemycin_pocket13_complex_recombined_complex_explicit_stripped_initial_frame,SaltBridge,1420ARG,4.17,A↔A,SNQ2_CANGA,pocket13,replica_1
SNQ2_CANGA_prepared_Milbemycin_pocket13_complex_recombined_complex_explicit_stripped_final_frame,HydrogenBond,1420ARG,4.02,O3->Ng+,SNQ2_CANGA,pocket13,replica_1
SNQ2_CANGA_prepared_Milbemycin_pocket13_complex_recombined_complex_explicit_stripped_final_frame,Hydrophobic,742PHE,3.81,,SNQ2_CANGA,pocket13,replica_1
SNQ2_CANGA_prepared_Milbemycin_pocket13_complex_recombined_complex_explicit_stripped_final_frame,Hydrophobic,1358VAL,3.74,,SNQ2_CANGA,pocket13,replica_1
SNQ2_CANGA_prepared_Milbemycin_pocket13_complex_recombined_complex_explicit_stripped_final_frame,Hydrophobic,1420ARG,3.93,,SNQ2_CANGA,pocket13,replica_1
SNQ2_CANGA_prepared_Milbemycin_pocket13_complex_recombined_complex_explicit_stripped_final_frame,Hydrophobic,553PHE,3.81,,SNQ2_CANGA,pocket13,replica_1
SNQ2_CANGA_prepared_Milbemycin_pocket15_complex_recombined_complex_explicit_stripped_initial_frame,HydrogenBond,1481HIS,3.89,O2->O3,SNQ2_CANGA,pocket15,replica_1
SNQ2_CANGA_prepared_Milbemycin_pocket15_complex_recombined_complex_explicit_stripped_initial_frame,HydrogenBond,1167LYS,3.54,O3->N3+,SNQ2_CANGA,pocket15,replica_1
SNQ2_CANGA_prepared_Milbemycin_pocket15_complex_recombined_complex_explicit_stripped_initial_frame,Hydrophobic,1482VAL,2.26,,SNQ2_CANGA,pocket15,replica_1
SNQ2_CANGA_prepared_Milbemycin_pocket15_complex_recombined_complex_explicit_stripped_initial_frame,Hydrophobic,1260LYS,0.87,,SNQ2_CANGA,pocket15,replica_1
SNQ2_CANGA_prepared_Milbemycin_pocket15_complex_recombined_complex_explicit_stripped_initial_frame,Hydrophobic,1260LYS,2.56,,SNQ2_CANGA,pocket15,replica_1
SNQ2_CANGA_prepared_Milbemycin_pocket15_complex_recombined_complex_explicit_stripped_final_frame,Hydrophobic,908GLN,3.86,,SNQ2_CANGA,pocket15,replica_1
SNQ2_CANGA_prepared_Milbemycin_pocket15_complex_recombined_complex_explicit_stripped_final_frame,Hydrophobic,911VAL,3.83,,SNQ2_CANGA,pocket15,replica_1
SNQ2_CANGA_prepared_Milbemycin_pocket15_complex_recombined_complex_explicit_stripped_final_frame,Hydrophobic,929PHE,3.82,,SNQ2_CANGA,pocket15,replica_1
SNQ2_CANGA_prepared_Milbemycin_pocket15_complex_recombined_complex_explicit_stripped_final_frame,Hydrophobic,930GLU,4.0,,SNQ2_CANGA,pocket15,replica_1
SNQ2_CANGA_prepared_Milbemycin_pocket9_complex_recombined_complex_explicit_stripped_initial_frame,HydrogenBond,993VAL,3.08,O2->O3,SNQ2_CANGA,pocket9,replica_1
SNQ2_CANGA_prepared_Milbemycin_pocket9_complex_recombined_complex_explicit_stripped_initial_frame,HydrogenBond,247GLN,2.86,O3->Nam,SNQ2_CANGA,pocket9,replica_1
SNQ2_CANGA_prepared_Milbemycin_pocket9_complex_recombined_complex_explicit_stripped_initial_frame,HydrogenBond,993VAL,3.93,O3->Nam,SNQ2_CANGA,pocket9,replica_1
SNQ2_CANGA_prepared_Milbemycin_pocket9_complex_recombined_complex_explicit_stripped_initial_frame,HydrogenBond,995ARG,3.84,O3->Nam,SNQ2_CANGA,pocket9,replica_1
SNQ2_CANGA_prepared_Milbemycin_pocket9_complex_recombined_complex_explicit_stripped_initial_frame,Hydrophobic,587ILE,3.3,,SNQ2_CANGA,pocket9,replica_1
SNQ2_CANGA_prepared_Milbemycin_pocket9_complex_recombined_complex_explicit_stripped_initial_frame,Hydrophobic,797VAL,3.74,,SNQ2_CANGA,pocket9,replica_1
SNQ2_CANGA_prepared_Milbemycin_pocket9_complex_recombined_complex_explicit_stripped_initial_frame,Hydrophobic,797VAL,3.94,,SNQ2_CANGA,pocket9,replica_1
SNQ2_CANGA_prepared_Milbemycin_pocket9_complex_recombined_complex_explicit_stripped_initial_frame,Hydrophobic,583GLN,1.32,,SNQ2_CANGA,pocket9,replica_1
SNQ2_CANGA_prepared_Milbemycin_pocket9_complex_recombined_complex_explicit_stripped_final_frame,HydrogenBond,247GLN,2.96,O3->Nam,SNQ2_CANGA,pocket9,replica_1
SNQ2_CANGA_prepared_Milbemycin_pocket9_complex_recombined_complex_explicit_stripped_final_frame,HydrogenBond,206LYS,3.03,O3->N3+,SNQ2_CANGA,pocket9,replica_1
SNQ2_CANGA_prepared_Milbemycin_pocket9_complex_recombined_complex_explicit_stripped_final_frame,Hydrophobic,206LYS,3.86,,SNQ2_CANGA,pocket9,replica_1
SNQ2_CANGA_prepared_Milbemycin_pocket9_complex_recombined_complex_explicit_stripped_final_frame,Hydrophobic,211GLU,3.7,,SNQ2_CANGA,pocket9,replica_1
SNQ2_CANGA_prepared_Milbemycin_pocket9_complex_recombined_complex_explicit_stripped_final_frame,Hydrophobic,211GLU,3.98,,SNQ2_CANGA,pocket9,replica_1
SNQ2_CANGA_prepared_Milbemycin_pocket9_complex_recombined_complex_explicit_stripped_final_frame,Hydrophobic,214GLN,3.94,,SNQ2_CANGA,pocket9,replica_1
SNQ2_CANGA_prepared_Milbemycin_pocket9_complex_recombined_complex_explicit_stripped_final_frame,Hydrophobic,243TYR,3.7,,SNQ2_CANGA,pocket9,replica_1
SNQ2_CANGA_prepared_Milbemycin_pocket9_complex_recombined_complex_explicit_stripped_final_frame,Hydrophobic,243TYR,3.9,,SNQ2_CANGA,pocket9,replica_1
SNQ2_CANGA_prepared_Milbemycin_pocket9_complex_recombined_complex_explicit_stripped_final_frame,Hydrophobic,247GLN,3.76,,SNQ2_CANGA,pocket9,replica_1
SNQ2_CANGA_prepared_Milbemycin_pocket9_complex_recombined_complex_explicit_stripped_final_frame,Hydrophobic,249VAL,3.93,,SNQ2_CANGA,pocket9,replica_1
SNQ2_CANGA_prepared_Milbemycin_pocket9_complex_recombined_complex_explicit_stripped_final_frame,Hydrophobic,583GLN,3.93,,SNQ2_CANGA,pocket9,replica_1
SNQ2_CANGA_prepared_Milbemycin_pocket9_complex_recombined_complex_explicit_stripped_final_frame,SaltBridge,206LYS,5.35,A↔A,SNQ2_CANGA,pocket9,replica_1
SNQ2_CANGA_prepared_Milbemycin_pocket5_complex_recombined_complex_explicit_stripped_final_frame,Hydrophobic,1323PHE,3.83,,SNQ2_CANGA,pocket5,replica_1
SNQ2_CANGA_prepared_Milbemycin_pocket5_complex_recombined_complex_explicit_stripped_final_frame,Hydrophobic,1343LEU,3.77,,SNQ2_CANGA,pocket5,replica_1
SNQ2_CANGA_prepared_Milbemycin_pocket5_complex_recombined_complex_explicit_stripped_final_frame,Hydrophobic,1347PHE,3.68,,SNQ2_CANGA,pocket5,replica_1
SNQ2_CANGA_prepared_Milbemycin_pocket5_complex_recombined_complex_explicit_stripped_final_frame,Hydrophobic,1348LEU,3.46,,SNQ2_CANGA,pocket5,replica_1
SNQ2_CANGA_prepared_Milbemycin_pocket5_complex_recombined_complex_explicit_stripped_initial_frame,Hydrophobic,1351PHE,3.48,,SNQ2_CANGA,pocket5,replica_1
SNQ2_CANGA_prepared_Milbemycin_pocket5_complex_recombined_complex_explicit_stripped_initial_frame,Hydrophobic,1365TRP,3.71,,SNQ2_CANGA,pocket5,replica_1
SNQ2_CANGA_prepared_Milbemycin_pocket5_complex_recombined_complex_explicit_stripped_initial_frame,Hydrophobic,1367PHE,3.4,,SNQ2_CANGA,pocket5,replica_1
SNQ2_CANGA_prepared_Milbemycin_pocket5_complex_recombined_complex_explicit_stripped_initial_frame,Hydrophobic,1367PHE,3.22,,SNQ2_CANGA,pocket5,replica_1
SNQ2_CANGA_prepared_Milbemycin_pocket5_complex_recombined_complex_explicit_stripped_initial_frame,Hydrophobic,1468PHE,2.53,,SNQ2_CANGA,pocket5,replica_1
SNQ2_CANGA_prepared_Milbemycin_pocket5_complex_recombined_complex_explicit_stripped_initial_frame,Hydrophobic,1347PHE,1.37,,SNQ2_CANGA,pocket5,replica_1
SNQ2_CANGA_prepared_Milbemycin_pocket5_complex_recombined_complex_explicit_stripped_initial_frame,Hydrophobic,1371THR,2.16,,SNQ2_CANGA,pocket5,replica_1
SNQ2_CANGA_prepared_Milbemycin_pocket5_complex_recombined_complex_explicit_stripped_initial_frame,Hydrophobic,1468PHE,2.62,,SNQ2_CANGA,pocket5,replica_1
SNQ2_CANGA_prepared_Milbemycin_pocket3_complex_recombined_complex_explicit_stripped_initial_frame,Hydrophobic,1420ARG,3.85,,SNQ2_CANGA,pocket3,replica_1
SNQ2_CANGA_prepared_Milbemycin_pocket3_complex_recombined_complex_explicit_stripped_initial_frame,Hydrophobic,722THR,1.5,,SNQ2_CANGA,pocket3,replica_1
SNQ2_CANGA_prepared_Milbemycin_pocket3_complex_recombined_complex_explicit_stripped_initial_frame,Hydrophobic,1447HIS,1.57,,SNQ2_CANGA,pocket3,replica_1
SNQ2_CANGA_prepared_Milbemycin_pocket3_complex_recombined_complex_explicit_stripped_initial_frame,SaltBridge,1420ARG,4.37,A↔A,SNQ2_CANGA,pocket3,replica_1
SNQ2_CANGA_prepared_Milbemycin_pocket3_complex_recombined_complex_explicit_stripped_final_frame,Hydrophobic,724VAL,3.6,,SNQ2_CANGA,pocket3,replica_1
SNQ2_CANGA_prepared_Milbemycin_pocket3_complex_recombined_complex_explicit_stripped_final_frame,Hydrophobic,1219TYR,3.53,,SNQ2_CANGA,pocket3,replica_1
SNQ2_CANGA_prepared_Milbemycin_pocket3_complex_recombined_complex_explicit_stripped_final_frame,Hydrophobic,1357PRO,3.94,,SNQ2_CANGA,pocket3,replica_1
SNQ2_CANGA_prepared_Milbemycin_pocket3_complex_recombined_complex_explicit_stripped_final_frame,Hydrophobic,1357PRO,3.85,,SNQ2_CANGA,pocket3,replica_1
SNQ2_CANGA_prepared_Milbemycin_pocket3_complex_recombined_complex_explicit_stripped_final_frame,Hydrophobic,1416PHE,3.87,,SNQ2_CANGA,pocket3,replica_1
SNQ2_CANGA_prepared_Milbemycin_pocket3_complex_recombined_complex_explicit_stripped_final_frame,Hydrophobic,1437ILE,3.77,,SNQ2_CANGA,pocket3,replica_1
SNQ2_CANGA_prepared_Milbemycin_pocket3_complex_recombined_complex_explicit_stripped_final_frame,Hydrophobic,1437ILE,3.96,,SNQ2_CANGA,pocket3,replica_1
SNQ2_CANGA_prepared_Milbemycin_pocket3_complex_recombined_complex_explicit_stripped_final_frame,SaltBridge,1420ARG,4.8,A↔A,SNQ2_CANGA,pocket3,replica_1
SNQ2_CANGA_prepared_Milbemycin_pocket12_complex_recombined_complex_explicit_stripped_initial_frame,HydrogenBond,788ALA,3.11,O2->O3,SNQ2_CANGA,pocket12,replica_1
SNQ2_CANGA_prepared_Milbemycin_pocket12_complex_recombined_complex_explicit_stripped_initial_frame,HydrogenBond,493ARG,2.62,O3->Ng+,SNQ2_CANGA,pocket12,replica_1
SNQ2_CANGA_prepared_Milbemycin_pocket12_complex_recombined_complex_explicit_stripped_initial_frame,Hydrophobic,497TYR,3.59,,SNQ2_CANGA,pocket12,replica_1
SNQ2_CANGA_prepared_Milbemycin_pocket12_complex_recombined_complex_explicit_stripped_initial_frame,Hydrophobic,498TYR,3.98,,SNQ2_CANGA,pocket12,replica_1
SNQ2_CANGA_prepared_Milbemycin_pocket12_complex_recombined_complex_explicit_stripped_initial_frame,Hydrophobic,594ALA,3.97,,SNQ2_CANGA,pocket12,replica_1
SNQ2_CANGA_prepared_Milbemycin_pocket12_complex_recombined_complex_explicit_stripped_initial_frame,Hydrophobic,792GLU,2.4,,SNQ2_CANGA,pocket12,replica_1
SNQ2_CANGA_prepared_Milbemycin_pocket12_complex_recombined_complex_explicit_stripped_initial_frame,SaltBridge,592HIS,4.43,A↔A,SNQ2_CANGA,pocket12,replica_1
SNQ2_CANGA_prepared_Milbemycin_pocket12_complex_recombined_complex_explicit_stripped_final_frame,HydrogenBond,493ARG,2.18,O3->Ng+,SNQ2_CANGA,pocket12,replica_1
SNQ2_CANGA_prepared_Milbemycin_pocket12_complex_recombined_complex_explicit_stripped_final_frame,Hydrophobic,493ARG,3.04,,SNQ2_CANGA,pocket12,replica_1
SNQ2_CANGA_prepared_Milbemycin_pocket12_complex_recombined_complex_explicit_stripped_final_frame,Hydrophobic,497TYR,3.92,,SNQ2_CANGA,pocket12,replica_1
SNQ2_CANGA_prepared_Milbemycin_pocket12_complex_recombined_complex_explicit_stripped_final_frame,Hydrophobic,502PHE,3.7,,SNQ2_CANGA,pocket12,replica_1
SNQ2_CANGA_prepared_Milbemycin_pocket12_complex_recombined_complex_explicit_stripped_final_frame,Hydrophobic,502PHE,3.41,,SNQ2_CANGA,pocket12,replica_1
SNQ2_CANGA_prepared_Milbemycin_pocket12_complex_recombined_complex_explicit_stripped_final_frame,Hydrophobic,503TRP,3.78,,SNQ2_CANGA,pocket12,replica_1
SNQ2_CANGA_prepared_Milbemycin_pocket12_complex_recombined_complex_explicit_stripped_final_frame,Hydrophobic,789LEU,3.89,,SNQ2_CANGA,pocket12,replica_1
SNQ2_CANGA_prepared_Milbemycin_pocket12_complex_recombined_complex_explicit_stripped_final_frame,Hydrophobic,493ARG,2.4,,SNQ2_CANGA,pocket12,replica_1
SNQ2_CANGA_prepared_Milbemycin_pocket14_complex_recombined_complex_explicit_stripped_initial_frame,HydrogenBond,1063GLU,2.63,O2->O3,SNQ2_CANGA,pocket14,replica_1
SNQ2_CANGA_prepared_Milbemycin_pocket14_complex_recombined_complex_explicit_stripped_initial_frame,HydrogenBond,1045LYS,3.58,O3->N3+,SNQ2_CANGA,pocket14,replica_1
SNQ2_CANGA_prepared_Milbemycin_pocket14_complex_recombined_complex_explicit_stripped_initial_frame,HydrogenBond,1041LYS,3.95,O3->N3+,SNQ2_CANGA,pocket14,replica_1
SNQ2_CANGA_prepared_Milbemycin_pocket14_complex_recombined_complex_explicit_stripped_initial_frame,Hydrophobic,1064GLU,3.95,,SNQ2_CANGA,pocket14,replica_1
SNQ2_CANGA_prepared_Milbemycin_pocket14_complex_recombined_complex_explicit_stripped_initial_frame,Hydrophobic,1041LYS,1.3,,SNQ2_CANGA,pocket14,replica_1
SNQ2_CANGA_prepared_Milbemycin_pocket14_complex_recombined_complex_explicit_stripped_initial_frame,Hydrophobic,1060THR,2.26,,SNQ2_CANGA,pocket14,replica_1
SNQ2_CANGA_prepared_Milbemycin_pocket14_complex_recombined_complex_explicit_stripped_initial_frame,Hydrophobic,1063GLU,2.07,,SNQ2_CANGA,pocket14,replica_1
SNQ2_CANGA_prepared_Milbemycin_pocket14_complex_recombined_complex_explicit_stripped_initial_frame,SaltBridge,1041LYS,3.99,A↔A,SNQ2_CANGA,pocket14,replica_1
SNQ2_CANGA_prepared_Milbemycin_pocket14_complex_recombined_complex_explicit_stripped_final_frame,HydrogenBond,1086ASN,3.06,O3->Nam,SNQ2_CANGA,pocket14,replica_1
SNQ2_CANGA_prepared_Milbemycin_pocket14_complex_recombined_complex_explicit_stripped_final_frame,Hydrophobic,412PRO,3.61,,SNQ2_CANGA,pocket14,replica_1
SNQ2_CANGA_prepared_Milbemycin_pocket2_complex_recombined_complex_explicit_stripped_final_frame,HydrogenBond,572ALA,3.14,O2->O3,SNQ2_CANGA,pocket2,replica_1
SNQ2_CANGA_prepared_Milbemycin_pocket2_complex_recombined_complex_explicit_stripped_final_frame,HydrogenBond,604ASN,2.77,O2->O3,SNQ2_CANGA,pocket2,replica_1
SNQ2_CANGA_prepared_Milbemycin_pocket2_complex_recombined_complex_explicit_stripped_final_frame,HydrogenBond,604ASN,2.78,O3->Nam,SNQ2_CANGA,pocket2,replica_1
SNQ2_CANGA_prepared_Milbemycin_pocket2_complex_recombined_complex_explicit_stripped_final_frame,HydrogenBond,523TYR,3.3,O3->O3,SNQ2_CANGA,pocket2,replica_1
SNQ2_CANGA_prepared_Milbemycin_pocket2_complex_recombined_complex_explicit_stripped_final_frame,HydrogenBond,1335GLN,3.61,O3->Nam,SNQ2_CANGA,pocket2,replica_1
SNQ2_CANGA_prepared_Milbemycin_pocket2_complex_recombined_complex_explicit_stripped_final_frame,Hydrophobic,582LEU,3.94,,SNQ2_CANGA,pocket2,replica_1
SNQ2_CANGA_prepared_Milbemycin_pocket2_complex_recombined_complex_explicit_stripped_final_frame,Hydrophobic,597ALA,3.93,,SNQ2_CANGA,pocket2,replica_1
SNQ2_CANGA_prepared_Milbemycin_pocket2_complex_recombined_complex_explicit_stripped_final_frame,Hydrophobic,651GLU,3.81,,SNQ2_CANGA,pocket2,replica_1
SNQ2_CANGA_prepared_Milbemycin_pocket2_complex_recombined_complex_explicit_stripped_initial_frame,HydrogenBond,572ALA,1.74,O2->O3,SNQ2_CANGA,pocket2,replica_1
SNQ2_CANGA_prepared_Milbemycin_pocket2_complex_recombined_complex_explicit_stripped_initial_frame,HydrogenBond,604ASN,3.26,O3->Nam,SNQ2_CANGA,pocket2,replica_1
SNQ2_CANGA_prepared_Milbemycin_pocket2_complex_recombined_complex_explicit_stripped_initial_frame,HydrogenBond,516ARG,3.62,O3->Ng+,SNQ2_CANGA,pocket2,replica_1
SNQ2_CANGA_prepared_Milbemycin_pocket2_complex_recombined_complex_explicit_stripped_initial_frame,Hydrophobic,573ASN,1.52,,SNQ2_CANGA,pocket2,replica_1
SNQ2_CANGA_prepared_Milbemycin_pocket2_complex_recombined_complex_explicit_stripped_initial_frame,Hydrophobic,577GLU,2.72,,SNQ2_CANGA,pocket2,replica_1
SNQ2_CANGA_prepared_Milbemycin_pocket2_complex_recombined_complex_explicit_stripped_initial_frame,Hydrophobic,578HIS,1.39,,SNQ2_CANGA,pocket2,replica_1
SNQ2_CANGA_prepared_Milbemycin_pocket2_complex_recombined_complex_explicit_stripped_initial_frame,Hydrophobic,604ASN,2.54,,SNQ2_CANGA,pocket2,replica_1
PDR5_YEAST_prepared_Milbemycin_pocket10_complex_recombined_complex_explicit_stripped_final_frame,HydrogenBond,994GLU,2.77,O2->O3,PDR5_YEAST,pocket10,replica_1
PDR5_YEAST_prepared_Milbemycin_pocket10_complex_recombined_complex_explicit_stripped_final_frame,HydrogenBond,1013GLU,2.76,O2->O3,PDR5_YEAST,pocket10,replica_1
PDR5_YEAST_prepared_Milbemycin_pocket10_complex_recombined_complex_explicit_stripped_final_frame,HydrogenBond,1044GLN,3.45,O3->Nam,PDR5_YEAST,pocket10,replica_1
PDR5_YEAST_prepared_Milbemycin_pocket10_complex_recombined_complex_explicit_stripped_final_frame,HydrogenBond,1011ASN,3.3,O3->Nam,PDR5_YEAST,pocket10,replica_1
PDR5_YEAST_prepared_Milbemycin_pocket10_complex_recombined_complex_explicit_stripped_final_frame,Hydrophobic,195PRO,3.97,,PDR5_YEAST,pocket10,replica_1
PDR5_YEAST_prepared_Milbemycin_pocket10_complex_recombined_complex_explicit_stripped_final_frame,Hydrophobic,424PRO,3.75,,PDR5_YEAST,pocket10,replica_1
PDR5_YEAST_prepared_Milbemycin_pocket10_complex_recombined_complex_explicit_stripped_final_frame,Hydrophobic,835GLU,3.71,,PDR5_YEAST,pocket10,replica_1
PDR5_YEAST_prepared_Milbemycin_pocket10_complex_recombined_complex_explicit_stripped_final_frame,Hydrophobic,835GLU,3.83,,PDR5_YEAST,pocket10,replica_1
PDR5_YEAST_prepared_Milbemycin_pocket10_complex_recombined_complex_explicit_stripped_final_frame,Hydrophobic,839LEU,3.98,,PDR5_YEAST,pocket10,replica_1
PDR5_YEAST_prepared_Milbemycin_pocket10_complex_recombined_complex_explicit_stripped_final_frame,Hydrophobic,998TYR,3.55,,PDR5_YEAST,pocket10,replica_1
PDR5_YEAST_prepared_Milbemycin_pocket10_complex_recombined_complex_explicit_stripped_final_frame,Hydrophobic,1014GLN,3.81,,PDR5_YEAST,pocket10,replica_1
PDR5_YEAST_prepared_Milbemycin_pocket10_complex_recombined_complex_explicit_stripped_final_frame,Hydrophobic,1047TRP,3.79,,PDR5_YEAST,pocket10,replica_1
PDR5_YEAST_prepared_Milbemycin_pocket10_complex_recombined_complex_explicit_stripped_initial_frame,HydrogenBond,995MET,3.57,O2->O3,PDR5_YEAST,pocket10,replica_1
PDR5_YEAST_prepared_Milbemycin_pocket10_complex_recombined_complex_explicit_stripped_initial_frame,HydrogenBond,1014GLN,3.73,O3->Nam,PDR5_YEAST,pocket10,replica_1
PDR5_YEAST_prepared_Milbemycin_pocket10_complex_recombined_complex_explicit_stripped_initial_frame,HydrogenBond,1011ASN,3.1,O3->Nam,PDR5_YEAST,pocket10,replica_1
PDR5_YEAST_prepared_Milbemycin_pocket10_complex_recombined_complex_explicit_stripped_initial_frame,HydrogenBond,998TYR,3.41,O3->Nam,PDR5_YEAST,pocket10,replica_1
PDR5_YEAST_prepared_Milbemycin_pocket10_complex_recombined_complex_explicit_stripped_initial_frame,Hydrophobic,998TYR,2.1,,PDR5_YEAST,pocket10,replica_1
PDR5_YEAST_prepared_Milbemycin_pocket10_complex_recombined_complex_explicit_stripped_initial_frame,Hydrophobic,1011ASN,3.82,,PDR5_YEAST,pocket10,replica_1
PDR5_YEAST_prepared_Milbemycin_pocket10_complex_recombined_complex_explicit_stripped_initial_frame,Hydrophobic,195PRO,3.34,,PDR5_YEAST,pocket10,replica_1
PDR5_YEAST_prepared_Milbemycin_pocket10_complex_recombined_complex_explicit_stripped_initial_frame,Hydrophobic,998TYR,2.01,,PDR5_YEAST,pocket10,replica_1
PDR5_YEAST_prepared_Milbemycin_pocket10_complex_recombined_complex_explicit_stripped_initial_frame,Hydrophobic,1014GLN,2.51,,PDR5_YEAST,pocket10,replica_1
PDR5_YEAST_prepared_Milbemycin_pocket4_complex_recombined_complex_explicit_stripped_initial_frame,HydrogenBond,1352ALA,3.12,O2->O3,PDR5_YEAST,pocket4,replica_1
PDR5_YEAST_prepared_Milbemycin_pocket4_complex_recombined_complex_explicit_stripped_initial_frame,HydrogenBond,1353GLU,1.98,O2->O3,PDR5_YEAST,pocket4,replica_1
PDR5_YEAST_prepared_Milbemycin_pocket4_complex_recombined_complex_explicit_stripped_initial_frame,HydrogenBond,1353GLU,3.68,O3->O3,PDR5_YEAST,pocket4,replica_1
PDR5_YEAST_prepared_Milbemycin_pocket4_complex_recombined_complex_explicit_stripped_initial_frame,HydrogenBond,1354SER,3.69,O3->O3,PDR5_YEAST,pocket4,replica_1
PDR5_YEAST_prepared_Milbemycin_pocket4_complex_recombined_complex_explicit_stripped_initial_frame,HydrogenBond,1355ALA,3.67,O3->Nam,PDR5_YEAST,pocket4,replica_1
PDR5_YEAST_prepared_Milbemycin_pocket4_complex_recombined_complex_explicit_stripped_initial_frame,HydrogenBond,1353GLU,2.39,O3->Nam,PDR5_YEAST,pocket4,replica_1
PDR5_YEAST_prepared_Milbemycin_pocket4_complex_recombined_complex_explicit_stripped_initial_frame,HydrogenBond,1354SER,3.96,O3->Nam,PDR5_YEAST,pocket4,replica_1
PDR5_YEAST_prepared_Milbemycin_pocket4_complex_recombined_complex_explicit_stripped_initial_frame,Hydrophobic,1353GLU,3.62,,PDR5_YEAST,pocket4,replica_1
PDR5_YEAST_prepared_Milbemycin_pocket4_complex_recombined_complex_explicit_stripped_initial_frame,Hydrophobic,305ILE,3.08,,PDR5_YEAST,pocket4,replica_1
PDR5_YEAST_prepared_Milbemycin_pocket4_complex_recombined_complex_explicit_stripped_initial_frame,Hydrophobic,522PHE,2.85,,PDR5_YEAST,pocket4,replica_1
PDR5_YEAST_prepared_Milbemycin_pocket4_complex_recombined_complex_explicit_stripped_initial_frame,Hydrophobic,580GLU,1.68,,PDR5_YEAST,pocket4,replica_1
PDR5_YEAST_prepared_Milbemycin_pocket4_complex_recombined_complex_explicit_stripped_initial_frame,Hydrophobic,1351VAL,2.69,,PDR5_YEAST,pocket4,replica_1
PDR5_YEAST_prepared_Milbemycin_pocket4_complex_recombined_complex_explicit_stripped_initial_frame,Hydrophobic,1353GLU,1.89,,PDR5_YEAST,pocket4,replica_1
PDR5_YEAST_prepared_Milbemycin_pocket4_complex_recombined_complex_explicit_stripped_final_frame,HydrogenBond,1353GLU,2.92,O2->O3,PDR5_YEAST,pocket4,replica_1
PDR5_YEAST_prepared_Milbemycin_pocket4_complex_recombined_complex_explicit_stripped_final_frame,HydrogenBond,1353GLU,2.71,O2->O3,PDR5_YEAST,pocket4,replica_1
PDR5_YEAST_prepared_Milbemycin_pocket4_complex_recombined_complex_explicit_stripped_final_frame,HydrogenBond,519ASN,2.73,O3->Nam,PDR5_YEAST,pocket4,replica_1
PDR5_YEAST_prepared_Milbemycin_pocket4_complex_recombined_complex_explicit_stripped_final_frame,Hydrophobic,515ARG,3.76,,PDR5_YEAST,pocket4,replica_1
PDR5_YEAST_prepared_Milbemycin_pocket4_complex_recombined_complex_explicit_stripped_final_frame,Hydrophobic,516LEU,3.89,,PDR5_YEAST,pocket4,replica_1
PDR5_YEAST_prepared_Milbemycin_pocket4_complex_recombined_complex_explicit_stripped_final_frame,Hydrophobic,522PHE,3.78,,PDR5_YEAST,pocket4,replica_1
PDR5_YEAST_prepared_Milbemycin_pocket4_complex_recombined_complex_explicit_stripped_final_frame,Hydrophobic,614ILE,3.75,,PDR5_YEAST,pocket4,replica_1
PDR5_YEAST_prepared_Milbemycin_pocket8_complex_recombined_complex_explicit_stripped_initial_frame,HydrogenBond,1352ALA,3.1,O2->O3,PDR5_YEAST,pocket8,replica_1
PDR5_YEAST_prepared_Milbemycin_pocket8_complex_recombined_complex_explicit_stripped_initial_frame,HydrogenBond,1353GLU,1.99,O2->O3,PDR5_YEAST,pocket8,replica_1
PDR5_YEAST_prepared_Milbemycin_pocket8_complex_recombined_complex_explicit_stripped_initial_frame,HydrogenBond,1353GLU,3.7,O3->O3,PDR5_YEAST,pocket8,replica_1
PDR5_YEAST_prepared_Milbemycin_pocket8_complex_recombined_complex_explicit_stripped_initial_frame,HydrogenBond,1354SER,3.67,O3->O3,PDR5_YEAST,pocket8,replica_1
PDR5_YEAST_prepared_Milbemycin_pocket8_complex_recombined_complex_explicit_stripped_initial_frame,HydrogenBond,1355ALA,3.63,O3->Nam,PDR5_YEAST,pocket8,replica_1
PDR5_YEAST_prepared_Milbemycin_pocket8_complex_recombined_complex_explicit_stripped_initial_frame,HydrogenBond,1353GLU,2.38,O3->Nam,PDR5_YEAST,pocket8,replica_1
PDR5_YEAST_prepared_Milbemycin_pocket8_complex_recombined_complex_explicit_stripped_initial_frame,HydrogenBond,1354SER,3.94,O3->Nam,PDR5_YEAST,pocket8,replica_1
PDR5_YEAST_prepared_Milbemycin_pocket8_complex_recombined_complex_explicit_stripped_initial_frame,Hydrophobic,1353GLU,3.63,,PDR5_YEAST,pocket8,replica_1
PDR5_YEAST_prepared_Milbemycin_pocket8_complex_recombined_complex_explicit_stripped_initial_frame,Hydrophobic,305ILE,3.06,,PDR5_YEAST,pocket8,replica_1
PDR5_YEAST_prepared_Milbemycin_pocket8_complex_recombined_complex_explicit_stripped_initial_frame,Hydrophobic,522PHE,2.82,,PDR5_YEAST,pocket8,replica_1
PDR5_YEAST_prepared_Milbemycin_pocket8_complex_recombined_complex_explicit_stripped_initial_frame,Hydrophobic,580GLU,1.72,,PDR5_YEAST,pocket8,replica_1
PDR5_YEAST_prepared_Milbemycin_pocket8_complex_recombined_complex_explicit_stripped_initial_frame,Hydrophobic,1351VAL,2.64,,PDR5_YEAST,pocket8,replica_1
PDR5_YEAST_prepared_Milbemycin_pocket8_complex_recombined_complex_explicit_stripped_initial_frame,Hydrophobic,1353GLU,1.91,,PDR5_YEAST,pocket8,replica_1
PDR5_YEAST_prepared_Milbemycin_pocket8_complex_recombined_complex_explicit_stripped_final_frame,HydrogenBond,1353GLU,2.6,O3->O3,PDR5_YEAST,pocket8,replica_1
PDR5_YEAST_prepared_Milbemycin_pocket8_complex_recombined_complex_explicit_stripped_final_frame,Hydrophobic,305ILE,3.95,,PDR5_YEAST,pocket8,replica_1
PDR5_YEAST_prepared_Milbemycin_pocket8_complex_recombined_complex_explicit_stripped_final_frame,Hydrophobic,515ARG,3.83,,PDR5_YEAST,pocket8,replica_1
PDR5_YEAST_prepared_Milbemycin_pocket8_complex_recombined_complex_explicit_stripped_final_frame,Hydrophobic,522PHE,3.59,,PDR5_YEAST,pocket8,replica_1
PDR5_YEAST_prepared_Milbemycin_pocket8_complex_recombined_complex_explicit_stripped_final_frame,Hydrophobic,580GLU,3.66,,PDR5_YEAST,pocket8,replica_1
PDR5_YEAST_prepared_Milbemycin_pocket8_complex_recombined_complex_explicit_stripped_final_frame,Hydrophobic,583PRO,3.78,,PDR5_YEAST,pocket8,replica_1
PDR5_YEAST_prepared_Milbemycin_pocket8_complex_recombined_complex_explicit_stripped_final_frame,Hydrophobic,1351VAL,3.86,,PDR5_YEAST,pocket8,replica_1
PDR5_YEAST_prepared_Milbemycin_pocket8_complex_recombined_complex_explicit_stripped_final_frame,Hydrophobic,1353GLU,3.92,,PDR5_YEAST,pocket8,replica_1
PDR5_YEAST_prepared_Milbemycin_pocket8_complex_recombined_complex_explicit_stripped_final_frame,SaltBridge,251HIS,4.46,A↔A,PDR5_YEAST,pocket8,replica_1
PDR5_YEAST_prepared_Milbemycin_pocket7_complex_recombined_complex_explicit_stripped_initial_frame,HydrogenBond,696TRP,3.89,O3->Nar,PDR5_YEAST,pocket7,replica_1
PDR5_YEAST_prepared_Milbemycin_pocket7_complex_recombined_complex_explicit_stripped_initial_frame,Hydrophobic,693TRP,2.88,,PDR5_YEAST,pocket7,replica_1
PDR5_YEAST_prepared_Milbemycin_pocket7_complex_recombined_complex_explicit_stripped_initial_frame,Hydrophobic,696TRP,1.65,,PDR5_YEAST,pocket7,replica_1
PDR5_YEAST_prepared_Milbemycin_pocket7_complex_recombined_complex_explicit_stripped_initial_frame,Hydrophobic,696TRP,1.45,,PDR5_YEAST,pocket7,replica_1
PDR5_YEAST_prepared_Milbemycin_pocket7_complex_recombined_complex_explicit_stripped_initial_frame,Hydrophobic,697ILE,3.47,,PDR5_YEAST,pocket7,replica_1
PDR5_YEAST_prepared_Milbemycin_pocket7_complex_recombined_complex_explicit_stripped_initial_frame,Hydrophobic,1218LEU,3.17,,PDR5_YEAST,pocket7,replica_1
PDR5_YEAST_prepared_Milbemycin_pocket7_complex_recombined_complex_explicit_stripped_initial_frame,Hydrophobic,693TRP,3.51,,PDR5_YEAST,pocket7,replica_1
PDR5_YEAST_prepared_Milbemycin_pocket7_complex_recombined_complex_explicit_stripped_initial_frame,Hydrophobic,693TRP,2.78,,PDR5_YEAST,pocket7,replica_1
PDR5_YEAST_prepared_Milbemycin_pocket7_complex_recombined_complex_explicit_stripped_initial_frame,Hydrophobic,696TRP,2.32,,PDR5_YEAST,pocket7,replica_1
PDR5_YEAST_prepared_Milbemycin_pocket7_complex_recombined_complex_explicit_stripped_initial_frame,Hydrophobic,697ILE,3.18,,PDR5_YEAST,pocket7,replica_1
PDR5_YEAST_prepared_Milbemycin_pocket7_complex_recombined_complex_explicit_stripped_initial_frame,Hydrophobic,1222PHE,1.49,,PDR5_YEAST,pocket7,replica_1
PDR5_YEAST_prepared_Milbemycin_pocket7_complex_recombined_complex_explicit_stripped_final_frame,Hydrophobic,677LEU,3.82,,PDR5_YEAST,pocket7,replica_1
PDR5_YEAST_prepared_Milbemycin_pocket7_complex_recombined_complex_explicit_stripped_final_frame,Hydrophobic,697ILE,3.99,,PDR5_YEAST,pocket7,replica_1
PDR5_YEAST_prepared_Milbemycin_pocket7_complex_recombined_complex_explicit_stripped_final_frame,Hydrophobic,1215PHE,3.94,,PDR5_YEAST,pocket7,replica_1
PDR5_YEAST_prepared_Milbemycin_pocket7_complex_recombined_complex_explicit_stripped_final_frame,Hydrophobic,1215PHE,3.67,,PDR5_YEAST,pocket7,replica_1
PDR5_YEAST_prepared_Milbemycin_pocket7_complex_recombined_complex_explicit_stripped_final_frame,Hydrophobic,672MET,3.67,,PDR5_YEAST,pocket7,replica_1
PDR5_YEAST_prepared_Milbemycin_pocket1_complex_recombined_complex_explicit_stripped_initial_frame,Hydrophobic,1358LEU,3.39,,PDR5_YEAST,pocket1,replica_1
PDR5_YEAST_prepared_Milbemycin_pocket1_complex_recombined_complex_explicit_stripped_initial_frame,Hydrophobic,1361LEU,2.74,,PDR5_YEAST,pocket1,replica_1
PDR5_YEAST_prepared_Milbemycin_pocket1_complex_recombined_complex_explicit_stripped_initial_frame,Hydrophobic,536ILE,1.92,,PDR5_YEAST,pocket1,replica_1
PDR5_YEAST_prepared_Milbemycin_pocket1_complex_recombined_complex_explicit_stripped_initial_frame,Hydrophobic,1358LEU,1.11,,PDR5_YEAST,pocket1,replica_1
PDR5_YEAST_prepared_Milbemycin_pocket1_complex_recombined_complex_explicit_stripped_initial_frame,Hydrophobic,1361LEU,3.6,,PDR5_YEAST,pocket1,replica_1
PDR5_YEAST_prepared_Milbemycin_pocket1_complex_recombined_complex_explicit_stripped_initial_frame,Hydrophobic,1362LEU,3.55,,PDR5_YEAST,pocket1,replica_1
PDR5_YEAST_prepared_Milbemycin_pocket1_complex_recombined_complex_explicit_stripped_initial_frame,Hydrophobic,1389VAL,3.14,,PDR5_YEAST,pocket1,replica_1
PDR5_YEAST_prepared_Milbemycin_pocket1_complex_recombined_complex_explicit_stripped_final_frame,Hydrophobic,536ILE,3.7,,PDR5_YEAST,pocket1,replica_1
PDR5_YEAST_prepared_Milbemycin_pocket1_complex_recombined_complex_explicit_stripped_final_frame,Hydrophobic,1345VAL,3.75,,PDR5_YEAST,pocket1,replica_1
PDR5_YEAST_prepared_Milbemycin_pocket1_complex_recombined_complex_explicit_stripped_final_frame,Hydrophobic,1348PHE,3.82,,PDR5_YEAST,pocket1,replica_1
PDR5_YEAST_prepared_Milbemycin_pocket1_complex_recombined_complex_explicit_stripped_final_frame,Hydrophobic,1358LEU,3.85,,PDR5_YEAST,pocket1,replica_1
PDR5_YEAST_prepared_Milbemycin_pocket1_complex_recombined_complex_explicit_stripped_final_frame,Hydrophobic,1362LEU,3.86,,PDR5_YEAST,pocket1,replica_1
PDR5_YEAST_prepared_Milbemycin_pocket1_complex_recombined_complex_explicit_stripped_final_frame,Hydrophobic,1365MET,3.79,,PDR5_YEAST,pocket1,replica_1
PDR5_YEAST_prepared_Milbemycin_pocket11_complex_recombined_complex_explicit_stripped_initial_frame,HydrogenBond,1484TYR,2.56,O3->O3,PDR5_YEAST,pocket11,replica_1
PDR5_YEAST_prepared_Milbemycin_pocket11_complex_recombined_complex_explicit_stripped_initial_frame,Hydrophobic,1389VAL,1.19,,PDR5_YEAST,pocket11,replica_1
PDR5_YEAST_prepared_Milbemycin_pocket11_complex_recombined_complex_explicit_stripped_initial_frame,Hydrophobic,1487PHE,3.74,,PDR5_YEAST,pocket11,replica_1
PDR5_YEAST_prepared_Milbemycin_pocket11_complex_recombined_complex_explicit_stripped_initial_frame,Hydrophobic,1389VAL,1.22,,PDR5_YEAST,pocket11,replica_1
PDR5_YEAST_prepared_Milbemycin_pocket11_complex_recombined_complex_explicit_stripped_initial_frame,Hydrophobic,1487PHE,2.16,,PDR5_YEAST,pocket11,replica_1
PDR5_YEAST_prepared_Milbemycin_pocket11_complex_recombined_complex_explicit_stripped_initial_frame,Hydrophobic,1487PHE,1.71,,PDR5_YEAST,pocket11,replica_1
PDR5_YEAST_prepared_Milbemycin_pocket11_complex_recombined_complex_explicit_stripped_final_frame,Hydrophobic,1480ILE,3.99,,PDR5_YEAST,pocket11,replica_1
PDR5_YEAST_prepared_Milbemycin_pocket11_complex_recombined_complex_explicit_stripped_final_frame,Hydrophobic,1484TYR,3.57,,PDR5_YEAST,pocket11,replica_1
PDR5_YEAST_prepared_Milbemycin_pocket11_complex_recombined_complex_explicit_stripped_final_frame,Hydrophobic,1484TYR,3.86,,PDR5_YEAST,pocket11,replica_1
PDR5_YEAST_prepared_Milbemycin_pocket11_complex_recombined_complex_explicit_stripped_final_frame,Hydrophobic,1487PHE,3.68,,PDR5_YEAST,pocket11,replica_1
PDR5_YEAST_prepared_Milbemycin_pocket11_complex_recombined_complex_explicit_stripped_final_frame,Hydrophobic,1487PHE,3.76,,PDR5_YEAST,pocket11,replica_1
PDR5_YEAST_prepared_Milbemycin_pocket13_complex_recombined_complex_explicit_stripped_initial_frame,HydrogenBond,1122ALA,4.04,O2->O3,PDR5_YEAST,pocket13,replica_1
PDR5_YEAST_prepared_Milbemycin_pocket13_complex_recombined_complex_explicit_stripped_initial_frame,HydrogenBond,349ARG,3.63,O3->Ng+,PDR5_YEAST,pocket13,replica_1
PDR5_YEAST_prepared_Milbemycin_pocket13_complex_recombined_complex_explicit_stripped_initial_frame,HydrogenBond,349ARG,2.98,O3->Ng+,PDR5_YEAST,pocket13,replica_1
PDR5_YEAST_prepared_Milbemycin_pocket13_complex_recombined_complex_explicit_stripped_initial_frame,HydrogenBond,1127GLU,3.81,O3->Nam,PDR5_YEAST,pocket13,replica_1
PDR5_YEAST_prepared_Milbemycin_pocket13_complex_recombined_complex_explicit_stripped_initial_frame,Hydrophobic,1123GLU,3.9,,PDR5_YEAST,pocket13,replica_1
PDR5_YEAST_prepared_Milbemycin_pocket13_complex_recombined_complex_explicit_stripped_initial_frame,Hydrophobic,1132ALA,1.99,,PDR5_YEAST,pocket13,replica_1
PDR5_YEAST_prepared_Milbemycin_pocket13_complex_recombined_complex_explicit_stripped_final_frame,HydrogenBond,1123GLU,3.98,O3->O3,PDR5_YEAST,pocket13,replica_1
PDR5_YEAST_prepared_Milbemycin_pocket13_complex_recombined_complex_explicit_stripped_final_frame,HydrogenBond,1127GLU,2.61,O2->O3,PDR5_YEAST,pocket13,replica_1
PDR5_YEAST_prepared_Milbemycin_pocket13_complex_recombined_complex_explicit_stripped_final_frame,Hydrophobic,36ASP,3.75,,PDR5_YEAST,pocket13,replica_1
PDR5_YEAST_prepared_Milbemycin_pocket13_complex_recombined_complex_explicit_stripped_final_frame,Hydrophobic,345LEU,3.99,,PDR5_YEAST,pocket13,replica_1
PDR5_YEAST_prepared_Milbemycin_pocket13_complex_recombined_complex_explicit_stripped_final_frame,Hydrophobic,1116PRO,3.9,,PDR5_YEAST,pocket13,replica_1
PDR5_YEAST_prepared_Milbemycin_pocket13_complex_recombined_complex_explicit_stripped_final_frame,Hydrophobic,1132ALA,3.83,,PDR5_YEAST,pocket13,replica_1
PDR5_YEAST_prepared_Milbemycin_pocket15_complex_recombined_complex_explicit_stripped_initial_frame,Hydrophobic,1215PHE,2.85,,PDR5_YEAST,pocket15,replica_1
PDR5_YEAST_prepared_Milbemycin_pocket15_complex_recombined_complex_explicit_stripped_initial_frame,Hydrophobic,1215PHE,2.68,,PDR5_YEAST,pocket15,replica_1
PDR5_YEAST_prepared_Milbemycin_pocket15_complex_recombined_complex_explicit_stripped_initial_frame,Hydrophobic,659LEU,3.83,,PDR5_YEAST,pocket15,replica_1
PDR5_YEAST_prepared_Milbemycin_pocket15_complex_recombined_complex_explicit_stripped_initial_frame,Hydrophobic,672MET,2.69,,PDR5_YEAST,pocket15,replica_1
PDR5_YEAST_prepared_Milbemycin_pocket15_complex_recombined_complex_explicit_stripped_initial_frame,Hydrophobic,673LEU,3.45,,PDR5_YEAST,pocket15,replica_1
PDR5_YEAST_prepared_Milbemycin_pocket15_complex_recombined_complex_explicit_stripped_final_frame,Hydrophobic,659LEU,3.86,,PDR5_YEAST,pocket15,replica_1
PDR5_YEAST_prepared_Milbemycin_pocket15_complex_recombined_complex_explicit_stripped_final_frame,Hydrophobic,700ILE,3.5,,PDR5_YEAST,pocket15,replica_1
PDR5_YEAST_prepared_Milbemycin_pocket15_complex_recombined_complex_explicit_stripped_final_frame,Hydrophobic,784PHE,3.84,,PDR5_YEAST,pocket15,replica_1
PDR5_YEAST_prepared_Milbemycin_pocket15_complex_recombined_complex_explicit_stripped_final_frame,Hydrophobic,785PHE,3.92,,PDR5_YEAST,pocket15,replica_1
PDR5_YEAST_prepared_Milbemycin_pocket9_complex_recombined_complex_explicit_stripped_final_frame,HydrogenBond,802LYS,3.62,O2->O3,PDR5_YEAST,pocket9,replica_1
PDR5_YEAST_prepared_Milbemycin_pocket9_complex_recombined_complex_explicit_stripped_final_frame,HydrogenBond,1008GLU,3.31,O2->O3,PDR5_YEAST,pocket9,replica_1
PDR5_YEAST_prepared_Milbemycin_pocket9_complex_recombined_complex_explicit_stripped_final_frame,HydrogenBond,204LYS,2.73,O3->N3+,PDR5_YEAST,pocket9,replica_1
PDR5_YEAST_prepared_Milbemycin_pocket9_complex_recombined_complex_explicit_stripped_final_frame,HydrogenBond,804GLU,4.07,O3->O3,PDR5_YEAST,pocket9,replica_1
PDR5_YEAST_prepared_Milbemycin_pocket9_complex_recombined_complex_explicit_stripped_final_frame,HydrogenBond,1007GLY,2.77,O3->Nam,PDR5_YEAST,pocket9,replica_1
PDR5_YEAST_prepared_Milbemycin_pocket9_complex_recombined_complex_explicit_stripped_final_frame,HydrogenBond,805ILE,3.27,O3->Nam,PDR5_YEAST,pocket9,replica_1
PDR5_YEAST_prepared_Milbemycin_pocket9_complex_recombined_complex_explicit_stripped_final_frame,HydrogenBond,804GLU,3.34,O3->Nam,PDR5_YEAST,pocket9,replica_1
PDR5_YEAST_prepared_Milbemycin_pocket9_complex_recombined_complex_explicit_stripped_final_frame,Hydrophobic,241TYR,3.85,,PDR5_YEAST,pocket9,replica_1
PDR5_YEAST_prepared_Milbemycin_pocket9_complex_recombined_complex_explicit_stripped_final_frame,Hydrophobic,243ALA,3.9,,PDR5_YEAST,pocket9,replica_1
PDR5_YEAST_prepared_Milbemycin_pocket9_complex_recombined_complex_explicit_stripped_final_frame,Hydrophobic,334ASN,3.92,,PDR5_YEAST,pocket9,replica_1
PDR5_YEAST_prepared_Milbemycin_pocket9_complex_recombined_complex_explicit_stripped_final_frame,Hydrophobic,801GLN,3.48,,PDR5_YEAST,pocket9,replica_1
PDR5_YEAST_prepared_Milbemycin_pocket9_complex_recombined_complex_explicit_stripped_final_frame,Hydrophobic,804GLU,2.29,,PDR5_YEAST,pocket9,replica_1
PDR5_YEAST_prepared_Milbemycin_pocket9_complex_recombined_complex_explicit_stripped_final_frame,Hydrophobic,1012VAL,3.94,,PDR5_YEAST,pocket9,replica_1
PDR5_YEAST_prepared_Milbemycin_pocket9_complex_recombined_complex_explicit_stripped_final_frame,Hydrophobic,245ALA,3.94,,PDR5_YEAST,pocket9,replica_1
PDR5_YEAST_prepared_Milbemycin_pocket9_complex_recombined_complex_explicit_stripped_final_frame,Hydrophobic,804GLU,2.94,,PDR5_YEAST,pocket9,replica_1
PDR5_YEAST_prepared_Milbemycin_pocket9_complex_recombined_complex_explicit_stripped_initial_frame,HydrogenBond,204LYS,3.09,O3->N3+,PDR5_YEAST,pocket9,replica_1
PDR5_YEAST_prepared_Milbemycin_pocket9_complex_recombined_complex_explicit_stripped_initial_frame,HydrogenBond,804GLU,3.83,O3->O3,PDR5_YEAST,pocket9,replica_1
PDR5_YEAST_prepared_Milbemycin_pocket9_complex_recombined_complex_explicit_stripped_initial_frame,HydrogenBond,1007GLY,3.89,O3->Nam,PDR5_YEAST,pocket9,replica_1
PDR5_YEAST_prepared_Milbemycin_pocket9_complex_recombined_complex_explicit_stripped_initial_frame,HydrogenBond,1008GLU,2.88,O3->Nam,PDR5_YEAST,pocket9,replica_1
PDR5_YEAST_prepared_Milbemycin_pocket9_complex_recombined_complex_explicit_stripped_initial_frame,Hydrophobic,200THR,1.63,,PDR5_YEAST,pocket9,replica_1
PDR5_YEAST_prepared_Milbemycin_pocket9_complex_recombined_complex_explicit_stripped_initial_frame,Hydrophobic,204LYS,3.65,,PDR5_YEAST,pocket9,replica_1
PDR5_YEAST_prepared_Milbemycin_pocket9_complex_recombined_complex_explicit_stripped_initial_frame,Hydrophobic,241TYR,3.08,,PDR5_YEAST,pocket9,replica_1
PDR5_YEAST_prepared_Milbemycin_pocket9_complex_recombined_complex_explicit_stripped_initial_frame,Hydrophobic,804GLU,2.99,,PDR5_YEAST,pocket9,replica_1
PDR5_YEAST_prepared_Milbemycin_pocket9_complex_recombined_complex_explicit_stripped_initial_frame,Hydrophobic,804GLU,1.67,,PDR5_YEAST,pocket9,replica_1
PDR5_YEAST_prepared_Milbemycin_pocket9_complex_recombined_complex_explicit_stripped_initial_frame,Hydrophobic,1006ALA,3.33,,PDR5_YEAST,pocket9,replica_1
PDR5_YEAST_prepared_Milbemycin_pocket5_complex_recombined_complex_explicit_stripped_final_frame,HydrogenBond,1456GLN,3.66,O2->O3,PDR5_YEAST,pocket5,replica_1
PDR5_YEAST_prepared_Milbemycin_pocket5_complex_recombined_complex_explicit_stripped_final_frame,HydrogenBond,743THR,2.62,O3->O3,PDR5_YEAST,pocket5,replica_1
PDR5_YEAST_prepared_Milbemycin_pocket5_complex_recombined_complex_explicit_stripped_final_frame,HydrogenBond,1466ASN,2.95,O3->Nam,PDR5_YEAST,pocket5,replica_1
PDR5_YEAST_prepared_Milbemycin_pocket5_complex_recombined_complex_explicit_stripped_final_frame,Hydrophobic,554TYR,3.79,,PDR5_YEAST,pocket5,replica_1
PDR5_YEAST_prepared_Milbemycin_pocket5_complex_recombined_complex_explicit_stripped_final_frame,Hydrophobic,724GLU,3.92,,PDR5_YEAST,pocket5,replica_1
PDR5_YEAST_prepared_Milbemycin_pocket5_complex_recombined_complex_explicit_stripped_final_frame,Hydrophobic,745VAL,3.67,,PDR5_YEAST,pocket5,replica_1
PDR5_YEAST_prepared_Milbemycin_pocket5_complex_recombined_complex_explicit_stripped_final_frame,Hydrophobic,1231LEU,3.49,,PDR5_YEAST,pocket5,replica_1
PDR5_YEAST_prepared_Milbemycin_pocket5_complex_recombined_complex_explicit_stripped_final_frame,Hydrophobic,1375THR,3.61,,PDR5_YEAST,pocket5,replica_1
PDR5_YEAST_prepared_Milbemycin_pocket5_complex_recombined_complex_explicit_stripped_final_frame,Hydrophobic,1415GLU,3.75,,PDR5_YEAST,pocket5,replica_1
PDR5_YEAST_prepared_Milbemycin_pocket5_complex_recombined_complex_explicit_stripped_initial_frame,HydrogenBond,554TYR,3.31,O3->Nam,PDR5_YEAST,pocket5,replica_1
PDR5_YEAST_prepared_Milbemycin_pocket5_complex_recombined_complex_explicit_stripped_initial_frame,Hydrophobic,554TYR,3.87,,PDR5_YEAST,pocket5,replica_1
PDR5_YEAST_prepared_Milbemycin_pocket5_complex_recombined_complex_explicit_stripped_initial_frame,Hydrophobic,759PHE,2.46,,PDR5_YEAST,pocket5,replica_1
PDR5_YEAST_prepared_Milbemycin_pocket5_complex_recombined_complex_explicit_stripped_initial_frame,Hydrophobic,553PHE,2.61,,PDR5_YEAST,pocket5,replica_1
PDR5_YEAST_prepared_Milbemycin_pocket5_complex_recombined_complex_explicit_stripped_initial_frame,Hydrophobic,554TYR,1.57,,PDR5_YEAST,pocket5,replica_1
PDR5_YEAST_prepared_Milbemycin_pocket5_complex_recombined_complex_explicit_stripped_initial_frame,Hydrophobic,554TYR,2.95,,PDR5_YEAST,pocket5,replica_1
PDR5_YEAST_prepared_Milbemycin_pocket5_complex_recombined_complex_explicit_stripped_initial_frame,Hydrophobic,744VAL,1.8,,PDR5_YEAST,pocket5,replica_1
PDR5_YEAST_prepared_Milbemycin_pocket3_complex_recombined_complex_explicit_stripped_final_frame,HydrogenBond,1010LEU,2.76,O2->O3,PDR5_YEAST,pocket3,replica_1
PDR5_YEAST_prepared_Milbemycin_pocket3_complex_recombined_complex_explicit_stripped_final_frame,HydrogenBond,1007GLY,3.46,O3->Nam,PDR5_YEAST,pocket3,replica_1
PDR5_YEAST_prepared_Milbemycin_pocket3_complex_recombined_complex_explicit_stripped_final_frame,HydrogenBond,1012VAL,3.27,O3->Nam,PDR5_YEAST,pocket3,replica_1
PDR5_YEAST_prepared_Milbemycin_pocket3_complex_recombined_complex_explicit_stripped_final_frame,HydrogenBond,1015ARG,3.48,O3->Ng+,PDR5_YEAST,pocket3,replica_1
PDR5_YEAST_prepared_Milbemycin_pocket3_complex_recombined_complex_explicit_stripped_final_frame,HydrogenBond,804GLU,2.31,O3->O3,PDR5_YEAST,pocket3,replica_1
PDR5_YEAST_prepared_Milbemycin_pocket3_complex_recombined_complex_explicit_stripped_final_frame,HydrogenBond,1011ASN,2.77,O3->Nam,PDR5_YEAST,pocket3,replica_1
PDR5_YEAST_prepared_Milbemycin_pocket3_complex_recombined_complex_explicit_stripped_final_frame,HydrogenBond,804GLU,3.98,O3->O3,PDR5_YEAST,pocket3,replica_1
PDR5_YEAST_prepared_Milbemycin_pocket3_complex_recombined_complex_explicit_stripped_final_frame,Hydrophobic,243ALA,3.47,,PDR5_YEAST,pocket3,replica_1
PDR5_YEAST_prepared_Milbemycin_pocket3_complex_recombined_complex_explicit_stripped_final_frame,Hydrophobic,244GLU,3.9,,PDR5_YEAST,pocket3,replica_1
PDR5_YEAST_prepared_Milbemycin_pocket3_complex_recombined_complex_explicit_stripped_final_frame,Hydrophobic,247VAL,3.89,,PDR5_YEAST,pocket3,replica_1
PDR5_YEAST_prepared_Milbemycin_pocket3_complex_recombined_complex_explicit_stripped_final_frame,Hydrophobic,799ALA,3.56,,PDR5_YEAST,pocket3,replica_1
PDR5_YEAST_prepared_Milbemycin_pocket3_complex_recombined_complex_explicit_stripped_final_frame,Hydrophobic,800LYS,3.91,,PDR5_YEAST,pocket3,replica_1
PDR5_YEAST_prepared_Milbemycin_pocket3_complex_recombined_complex_explicit_stripped_final_frame,Hydrophobic,804GLU,2.32,,PDR5_YEAST,pocket3,replica_1
PDR5_YEAST_prepared_Milbemycin_pocket3_complex_recombined_complex_explicit_stripped_initial_frame,HydrogenBond,204LYS,3.21,O3->N3+,PDR5_YEAST,pocket3,replica_1
PDR5_YEAST_prepared_Milbemycin_pocket3_complex_recombined_complex_explicit_stripped_initial_frame,HydrogenBond,804GLU,3.85,O3->O3,PDR5_YEAST,pocket3,replica_1
PDR5_YEAST_prepared_Milbemycin_pocket3_complex_recombined_complex_explicit_stripped_initial_frame,HydrogenBond,1007GLY,3.98,O3->Nam,PDR5_YEAST,pocket3,replica_1
PDR5_YEAST_prepared_Milbemycin_pocket3_complex_recombined_complex_explicit_stripped_initial_frame,HydrogenBond,1008GLU,2.89,O3->Nam,PDR5_YEAST,pocket3,replica_1
PDR5_YEAST_prepared_Milbemycin_pocket3_complex_recombined_complex_explicit_stripped_initial_frame,Hydrophobic,200THR,1.8,,PDR5_YEAST,pocket3,replica_1
PDR5_YEAST_prepared_Milbemycin_pocket3_complex_recombined_complex_explicit_stripped_initial_frame,Hydrophobic,204LYS,3.62,,PDR5_YEAST,pocket3,replica_1
PDR5_YEAST_prepared_Milbemycin_pocket3_complex_recombined_complex_explicit_stripped_initial_frame,Hydrophobic,241TYR,3.25,,PDR5_YEAST,pocket3,replica_1
PDR5_YEAST_prepared_Milbemycin_pocket3_complex_recombined_complex_explicit_stripped_initial_frame,Hydrophobic,804GLU,2.83,,PDR5_YEAST,pocket3,replica_1
PDR5_YEAST_prepared_Milbemycin_pocket3_complex_recombined_complex_explicit_stripped_initial_frame,Hydrophobic,804GLU,1.62,,PDR5_YEAST,pocket3,replica_1
PDR5_YEAST_prepared_Milbemycin_pocket3_complex_recombined_complex_explicit_stripped_initial_frame,Hydrophobic,1006ALA,3.28,,PDR5_YEAST,pocket3,replica_1
PDR5_YEAST_prepared_Milbemycin_pocket12_complex_recombined_complex_explicit_stripped_final_frame,HydrogenBond,916ASP,2.64,O3->O3,PDR5_YEAST,pocket12,replica_1
PDR5_YEAST_prepared_Milbemycin_pocket12_complex_recombined_complex_explicit_stripped_final_frame,HydrogenBond,923THR,3.94,O3->O3,PDR5_YEAST,pocket12,replica_1
PDR5_YEAST_prepared_Milbemycin_pocket12_complex_recombined_complex_explicit_stripped_final_frame,HydrogenBond,916ASP,2.64,O3->O3,PDR5_YEAST,pocket12,replica_1
PDR5_YEAST_prepared_Milbemycin_pocket12_complex_recombined_complex_explicit_stripped_final_frame,HydrogenBond,923THR,3.26,O3->Nam,PDR5_YEAST,pocket12,replica_1
PDR5_YEAST_prepared_Milbemycin_pocket12_complex_recombined_complex_explicit_stripped_final_frame,HydrogenBond,924MET,3.77,O3->Nam,PDR5_YEAST,pocket12,replica_1
PDR5_YEAST_prepared_Milbemycin_pocket12_complex_recombined_complex_explicit_stripped_final_frame,Hydrophobic,954LEU,3.75,,PDR5_YEAST,pocket12,replica_1
PDR5_YEAST_prepared_Milbemycin_pocket12_complex_recombined_complex_explicit_stripped_initial_frame,Hydrophobic,912THR,1.66,,PDR5_YEAST,pocket12,replica_1
PDR5_YEAST_prepared_Milbemycin_pocket12_complex_recombined_complex_explicit_stripped_initial_frame,Hydrophobic,916ASP,1.76,,PDR5_YEAST,pocket12,replica_1
PDR5_YEAST_prepared_Milbemycin_pocket12_complex_recombined_complex_explicit_stripped_initial_frame,Hydrophobic,921ARG,3.02,,PDR5_YEAST,pocket12,replica_1
PDR5_YEAST_prepared_Milbemycin_pocket12_complex_recombined_complex_explicit_stripped_initial_frame,Hydrophobic,923THR,1.15,,PDR5_YEAST,pocket12,replica_1
PDR5_YEAST_prepared_Milbemycin_pocket14_complex_recombined_complex_explicit_stripped_final_frame,HydrogenBond,994GLU,2.59,O2->O3,PDR5_YEAST,pocket14,replica_1
PDR5_YEAST_prepared_Milbemycin_pocket14_complex_recombined_complex_explicit_stripped_final_frame,HydrogenBond,1013GLU,2.71,O2->O3,PDR5_YEAST,pocket14,replica_1
PDR5_YEAST_prepared_Milbemycin_pocket14_complex_recombined_complex_explicit_stripped_final_frame,HydrogenBond,834GLY,3.58,O3->Nam,PDR5_YEAST,pocket14,replica_1
PDR5_YEAST_prepared_Milbemycin_pocket14_complex_recombined_complex_explicit_stripped_final_frame,HydrogenBond,1014GLN,2.94,O3->Nam,PDR5_YEAST,pocket14,replica_1
PDR5_YEAST_prepared_Milbemycin_pocket14_complex_recombined_complex_explicit_stripped_final_frame,Hydrophobic,804GLU,3.96,,PDR5_YEAST,pocket14,replica_1
PDR5_YEAST_prepared_Milbemycin_pocket14_complex_recombined_complex_explicit_stripped_final_frame,Hydrophobic,1047TRP,3.75,,PDR5_YEAST,pocket14,replica_1
PDR5_YEAST_prepared_Milbemycin_pocket14_complex_recombined_complex_explicit_stripped_initial_frame,HydrogenBond,994GLU,3.3,O2->O3,PDR5_YEAST,pocket14,replica_1
PDR5_YEAST_prepared_Milbemycin_pocket14_complex_recombined_complex_explicit_stripped_initial_frame,HydrogenBond,1014GLN,4.09,O3->Nam,PDR5_YEAST,pocket14,replica_1
PDR5_YEAST_prepared_Milbemycin_pocket14_complex_recombined_complex_explicit_stripped_initial_frame,HydrogenBond,1011ASN,3.43,O3->Nam,PDR5_YEAST,pocket14,replica_1
PDR5_YEAST_prepared_Milbemycin_pocket14_complex_recombined_complex_explicit_stripped_initial_frame,HydrogenBond,998TYR,3.84,O3->Nam,PDR5_YEAST,pocket14,replica_1
PDR5_YEAST_prepared_Milbemycin_pocket14_complex_recombined_complex_explicit_stripped_initial_frame,Hydrophobic,998TYR,1.99,,PDR5_YEAST,pocket14,replica_1
PDR5_YEAST_prepared_Milbemycin_pocket14_complex_recombined_complex_explicit_stripped_initial_frame,Hydrophobic,1011ASN,3.76,,PDR5_YEAST,pocket14,replica_1
PDR5_YEAST_prepared_Milbemycin_pocket14_complex_recombined_complex_explicit_stripped_initial_frame,Hydrophobic,195PRO,2.88,,PDR5_YEAST,pocket14,replica_1
PDR5_YEAST_prepared_Milbemycin_pocket14_complex_recombined_complex_explicit_stripped_initial_frame,Hydrophobic,998TYR,1.76,,PDR5_YEAST,pocket14,replica_1
PDR5_YEAST_prepared_Milbemycin_pocket14_complex_recombined_complex_explicit_stripped_initial_frame,Hydrophobic,1014GLN,2.27,,PDR5_YEAST,pocket14,replica_1
PDR5_YEAST_prepared_Milbemycin_pocket2_complex_recombined_complex_explicit_stripped_final_frame,HydrogenBond,354GLN,2.83,O2->O3,PDR5_YEAST,pocket2,replica_1
PDR5_YEAST_prepared_Milbemycin_pocket2_complex_recombined_complex_explicit_stripped_final_frame,HydrogenBond,330GLN,3.94,O3->Nam,PDR5_YEAST,pocket2,replica_1
PDR5_YEAST_prepared_Milbemycin_pocket2_complex_recombined_complex_explicit_stripped_final_frame,HydrogenBond,354GLN,4.03,O3->Nam,PDR5_YEAST,pocket2,replica_1
PDR5_YEAST_prepared_Milbemycin_pocket2_complex_recombined_complex_explicit_stripped_final_frame,Hydrophobic,111MET,3.95,,PDR5_YEAST,pocket2,replica_1
PDR5_YEAST_prepared_Milbemycin_pocket2_complex_recombined_complex_explicit_stripped_final_frame,Hydrophobic,122TYR,3.7,,PDR5_YEAST,pocket2,replica_1
PDR5_YEAST_prepared_Milbemycin_pocket2_complex_recombined_complex_explicit_stripped_final_frame,Hydrophobic,124PRO,3.78,,PDR5_YEAST,pocket2,replica_1
PDR5_YEAST_prepared_Milbemycin_pocket2_complex_recombined_complex_explicit_stripped_final_frame,Hydrophobic,486LYS,3.97,,PDR5_YEAST,pocket2,replica_1
PDR5_YEAST_prepared_Milbemycin_pocket2_complex_recombined_complex_explicit_stripped_initial_frame,Hydrophobic,122TYR,0.99,,PDR5_YEAST,pocket2,replica_1
PDR5_YEAST_prepared_Milbemycin_pocket2_complex_recombined_complex_explicit_stripped_initial_frame,Hydrophobic,269ASN,3.65,,PDR5_YEAST,pocket2,replica_1
PDR5_YEAST_prepared_Milbemycin_pocket2_complex_recombined_complex_explicit_stripped_initial_frame,Hydrophobic,283LEU,3.69,,PDR5_YEAST,pocket2,replica_1
PDR5_YEAST_prepared_Milbemycin_pocket2_complex_recombined_complex_explicit_stripped_initial_frame,Hydrophobic,122TYR,1.49,,PDR5_YEAST,pocket2,replica_1
MDR2_TRIRC_prepared_Milbemycin_pocket10_complex_recombined_complex_explicit_stripped_final_frame,Hydrophobic,149VAL,3.28,,MDR2_TRIRC,pocket10,replica_1
MDR2_TRIRC_prepared_Milbemycin_pocket10_complex_recombined_complex_explicit_stripped_final_frame,Hydrophobic,156PHE,3.76,,MDR2_TRIRC,pocket10,replica_1
MDR2_TRIRC_prepared_Milbemycin_pocket10_complex_recombined_complex_explicit_stripped_final_frame,Hydrophobic,156PHE,3.73,,MDR2_TRIRC,pocket10,replica_1
MDR2_TRIRC_prepared_Milbemycin_pocket10_complex_recombined_complex_explicit_stripped_final_frame,Hydrophobic,999PHE,3.85,,MDR2_TRIRC,pocket10,replica_1
MDR2_TRIRC_prepared_Milbemycin_pocket10_complex_recombined_complex_explicit_stripped_final_frame,Hydrophobic,1002PHE,3.85,,MDR2_TRIRC,pocket10,replica_1
MDR2_TRIRC_prepared_Milbemycin_pocket10_complex_recombined_complex_explicit_stripped_final_frame,Hydrophobic,1002PHE,3.98,,MDR2_TRIRC,pocket10,replica_1
MDR2_TRIRC_prepared_Milbemycin_pocket10_complex_recombined_complex_explicit_stripped_final_frame,Hydrophobic,1002PHE,3.82,,MDR2_TRIRC,pocket10,replica_1
MDR2_TRIRC_prepared_Milbemycin_pocket10_complex_recombined_complex_explicit_stripped_final_frame,Hydrophobic,153ILE,3.82,,MDR2_TRIRC,pocket10,replica_1
MDR2_TRIRC_prepared_Milbemycin_pocket10_complex_recombined_complex_explicit_stripped_initial_frame,HydrogenBond,1002PHE,3.44,O2->O3,MDR2_TRIRC,pocket10,replica_1
MDR2_TRIRC_prepared_Milbemycin_pocket10_complex_recombined_complex_explicit_stripped_initial_frame,Hydrophobic,999PHE,3.03,,MDR2_TRIRC,pocket10,replica_1
MDR2_TRIRC_prepared_Milbemycin_pocket10_complex_recombined_complex_explicit_stripped_initial_frame,Hydrophobic,1002PHE,3.42,,MDR2_TRIRC,pocket10,replica_1
MDR2_TRIRC_prepared_Milbemycin_pocket10_complex_recombined_complex_explicit_stripped_initial_frame,Hydrophobic,1006LEU,3.47,,MDR2_TRIRC,pocket10,replica_1
MDR2_TRIRC_prepared_Milbemycin_pocket10_complex_recombined_complex_explicit_stripped_initial_frame,Hydrophobic,1009TRP,3.34,,MDR2_TRIRC,pocket10,replica_1
MDR2_TRIRC_prepared_Milbemycin_pocket10_complex_recombined_complex_explicit_stripped_initial_frame,Hydrophobic,999PHE,2.08,,MDR2_TRIRC,pocket10,replica_1
MDR2_TRIRC_prepared_Milbemycin_pocket10_complex_recombined_complex_explicit_stripped_initial_frame,Hydrophobic,1002PHE,1.22,,MDR2_TRIRC,pocket10,replica_1
MDR2_TRIRC_prepared_Milbemycin_pocket10_complex_recombined_complex_explicit_stripped_initial_frame,Hydrophobic,1002PHE,3.7,,MDR2_TRIRC,pocket10,replica_1
MDR2_TRIRC_prepared_Milbemycin_pocket10_complex_recombined_complex_explicit_stripped_initial_frame,Hydrophobic,1006LEU,2.08,,MDR2_TRIRC,pocket10,replica_1
MDR2_TRIRC_prepared_Milbemycin_pocket4_complex_recombined_complex_explicit_stripped_final_frame,HydrogenBond,953SER,2.83,O2->O3,MDR2_TRIRC,pocket4,replica_1
MDR2_TRIRC_prepared_Milbemycin_pocket4_complex_recombined_complex_explicit_stripped_final_frame,HydrogenBond,956ARG,2.89,O3->Ng+,MDR2_TRIRC,pocket4,replica_1
MDR2_TRIRC_prepared_Milbemycin_pocket4_complex_recombined_complex_explicit_stripped_final_frame,HydrogenBond,956ARG,3.65,O3->Ng+,MDR2_TRIRC,pocket4,replica_1
MDR2_TRIRC_prepared_Milbemycin_pocket4_complex_recombined_complex_explicit_stripped_final_frame,HydrogenBond,198ALA,2.89,O3->Nam,MDR2_TRIRC,pocket4,replica_1
MDR2_TRIRC_prepared_Milbemycin_pocket4_complex_recombined_complex_explicit_stripped_final_frame,Hydrophobic,506GLU,3.97,,MDR2_TRIRC,pocket4,replica_1
MDR2_TRIRC_prepared_Milbemycin_pocket4_complex_recombined_complex_explicit_stripped_final_frame,Hydrophobic,198ALA,3.65,,MDR2_TRIRC,pocket4,replica_1
MDR2_TRIRC_prepared_Milbemycin_pocket4_complex_recombined_complex_explicit_stripped_final_frame,SaltBridge,956ARG,5.1,A↔A,MDR2_TRIRC,pocket4,replica_1
MDR2_TRIRC_prepared_Milbemycin_pocket4_complex_recombined_complex_explicit_stripped_initial_frame,HydrogenBond,956ARG,3.66,O3->Nam,MDR2_TRIRC,pocket4,replica_1
MDR2_TRIRC_prepared_Milbemycin_pocket4_complex_recombined_complex_explicit_stripped_initial_frame,HydrogenBond,956ARG,3.81,O3->Ng+,MDR2_TRIRC,pocket4,replica_1
MDR2_TRIRC_prepared_Milbemycin_pocket4_complex_recombined_complex_explicit_stripped_initial_frame,Hydrophobic,190ILE,4.0,,MDR2_TRIRC,pocket4,replica_1
MDR2_TRIRC_prepared_Milbemycin_pocket4_complex_recombined_complex_explicit_stripped_initial_frame,Hydrophobic,473PHE,3.16,,MDR2_TRIRC,pocket4,replica_1
MDR2_TRIRC_prepared_Milbemycin_pocket4_complex_recombined_complex_explicit_stripped_initial_frame,Hydrophobic,955ILE,3.76,,MDR2_TRIRC,pocket4,replica_1
MDR2_TRIRC_prepared_Milbemycin_pocket4_complex_recombined_complex_explicit_stripped_initial_frame,Hydrophobic,956ARG,3.54,,MDR2_TRIRC,pocket4,replica_1
MDR2_TRIRC_prepared_Milbemycin_pocket4_complex_recombined_complex_explicit_stripped_initial_frame,Hydrophobic,956ARG,1.17,,MDR2_TRIRC,pocket4,replica_1
MDR2_TRIRC_prepared_Milbemycin_pocket8_complex_recombined_complex_explicit_stripped_final_frame,HydrogenBond,739THR,3.22,O3->Nam,MDR2_TRIRC,pocket8,replica_1
MDR2_TRIRC_prepared_Milbemycin_pocket8_complex_recombined_complex_explicit_stripped_final_frame,HydrogenBond,1065ARG,2.73,O3->Ng+,MDR2_TRIRC,pocket8,replica_1
MDR2_TRIRC_prepared_Milbemycin_pocket8_complex_recombined_complex_explicit_stripped_final_frame,Hydrophobic,854PHE,3.83,,MDR2_TRIRC,pocket8,replica_1
MDR2_TRIRC_prepared_Milbemycin_pocket8_complex_recombined_complex_explicit_stripped_final_frame,Hydrophobic,859GLU,3.89,,MDR2_TRIRC,pocket8,replica_1
MDR2_TRIRC_prepared_Milbemycin_pocket8_complex_recombined_complex_explicit_stripped_final_frame,Hydrophobic,865LEU,3.81,,MDR2_TRIRC,pocket8,replica_1
MDR2_TRIRC_prepared_Milbemycin_pocket8_complex_recombined_complex_explicit_stripped_final_frame,Hydrophobic,868PHE,3.85,,MDR2_TRIRC,pocket8,replica_1
MDR2_TRIRC_prepared_Milbemycin_pocket8_complex_recombined_complex_explicit_stripped_final_frame,Hydrophobic,1061ARG,3.65,,MDR2_TRIRC,pocket8,replica_1
MDR2_TRIRC_prepared_Milbemycin_pocket8_complex_recombined_complex_explicit_stripped_final_frame,Hydrophobic,1061ARG,3.78,,MDR2_TRIRC,pocket8,replica_1
MDR2_TRIRC_prepared_Milbemycin_pocket8_complex_recombined_complex_explicit_stripped_final_frame,SaltBridge,1061ARG,4.16,A↔A,MDR2_TRIRC,pocket8,replica_1
MDR2_TRIRC_prepared_Milbemycin_pocket8_complex_recombined_complex_explicit_stripped_initial_frame,HydrogenBond,1060LYS,3.03,O2->O3,MDR2_TRIRC,pocket8,replica_1
MDR2_TRIRC_prepared_Milbemycin_pocket8_complex_recombined_complex_explicit_stripped_initial_frame,HydrogenBond,1064ASP,2.98,O3->O3,MDR2_TRIRC,pocket8,replica_1
MDR2_TRIRC_prepared_Milbemycin_pocket8_complex_recombined_complex_explicit_stripped_initial_frame,HydrogenBond,1064ASP,3.97,O3->Nam,MDR2_TRIRC,pocket8,replica_1
MDR2_TRIRC_prepared_Milbemycin_pocket8_complex_recombined_complex_explicit_stripped_initial_frame,HydrogenBond,1065ARG,3.18,O3->Nam,MDR2_TRIRC,pocket8,replica_1
MDR2_TRIRC_prepared_Milbemycin_pocket8_complex_recombined_complex_explicit_stripped_initial_frame,Hydrophobic,854PHE,2.27,,MDR2_TRIRC,pocket8,replica_1
MDR2_TRIRC_prepared_Milbemycin_pocket8_complex_recombined_complex_explicit_stripped_initial_frame,Hydrophobic,860ASN,3.82,,MDR2_TRIRC,pocket8,replica_1
MDR2_TRIRC_prepared_Milbemycin_pocket8_complex_recombined_complex_explicit_stripped_initial_frame,Hydrophobic,1061ARG,3.47,,MDR2_TRIRC,pocket8,replica_1
MDR2_TRIRC_prepared_Milbemycin_pocket8_complex_recombined_complex_explicit_stripped_initial_frame,Hydrophobic,1065ARG,3.05,,MDR2_TRIRC,pocket8,replica_1
MDR2_TRIRC_prepared_Milbemycin_pocket8_complex_recombined_complex_explicit_stripped_initial_frame,Hydrophobic,741TYR,2.04,,MDR2_TRIRC,pocket8,replica_1
MDR2_TRIRC_prepared_Milbemycin_pocket8_complex_recombined_complex_explicit_stripped_initial_frame,Hydrophobic,859GLU,3.03,,MDR2_TRIRC,pocket8,replica_1
MDR2_TRIRC_prepared_Milbemycin_pocket8_complex_recombined_complex_explicit_stripped_initial_frame,Hydrophobic,1061ARG,1.28,,MDR2_TRIRC,pocket8,replica_1
MDR2_TRIRC_prepared_Milbemycin_pocket8_complex_recombined_complex_explicit_stripped_initial_frame,Hydrophobic,1065ARG,3.7,,MDR2_TRIRC,pocket8,replica_1
MDR2_TRIRC_prepared_Milbemycin_pocket8_complex_recombined_complex_explicit_stripped_initial_frame,SaltBridge,1061ARG,3.88,A↔A,MDR2_TRIRC,pocket8,replica_1
MDR2_TRIRC_prepared_Milbemycin_pocket7_complex_recombined_complex_explicit_stripped_initial_frame,HydrogenBond,1284ARG,2.04,O3->Ng+,MDR2_TRIRC,pocket7,replica_1
MDR2_TRIRC_prepared_Milbemycin_pocket7_complex_recombined_complex_explicit_stripped_initial_frame,HydrogenBond,1284ARG,2.23,O3->Ng+,MDR2_TRIRC,pocket7,replica_1
MDR2_TRIRC_prepared_Milbemycin_pocket7_complex_recombined_complex_explicit_stripped_initial_frame,Hydrophobic,1329LYS,3.34,,MDR2_TRIRC,pocket7,replica_1
MDR2_TRIRC_prepared_Milbemycin_pocket7_complex_recombined_complex_explicit_stripped_final_frame,HydrogenBond,1252GLU,2.76,O2->O3,MDR2_TRIRC,pocket7,replica_1
MDR2_TRIRC_prepared_Milbemycin_pocket7_complex_recombined_complex_explicit_stripped_final_frame,HydrogenBond,1328GLU,2.58,O3->O3,MDR2_TRIRC,pocket7,replica_1
MDR2_TRIRC_prepared_Milbemycin_pocket7_complex_recombined_complex_explicit_stripped_final_frame,HydrogenBond,1328GLU,2.58,O3->O3,MDR2_TRIRC,pocket7,replica_1
MDR2_TRIRC_prepared_Milbemycin_pocket7_complex_recombined_complex_explicit_stripped_final_frame,HydrogenBond,1169GLN,3.06,O3->Nam,MDR2_TRIRC,pocket7,replica_1
MDR2_TRIRC_prepared_Milbemycin_pocket7_complex_recombined_complex_explicit_stripped_final_frame,Hydrophobic,1256ALA,3.74,,MDR2_TRIRC,pocket7,replica_1
MDR2_TRIRC_prepared_Milbemycin_pocket7_complex_recombined_complex_explicit_stripped_final_frame,Hydrophobic,1327LEU,3.69,,MDR2_TRIRC,pocket7,replica_1
MDR2_TRIRC_prepared_Milbemycin_pocket7_complex_recombined_complex_explicit_stripped_final_frame,Hydrophobic,1328GLU,3.96,,MDR2_TRIRC,pocket7,replica_1
MDR2_TRIRC_prepared_Milbemycin_pocket7_complex_recombined_complex_explicit_stripped_final_frame,SaltBridge,1283HIS,4.72,A↔A,MDR2_TRIRC,pocket7,replica_1
MDR2_TRIRC_prepared_Milbemycin_pocket1_complex_recombined_complex_explicit_stripped_final_frame,HydrogenBond,778GLN,2.7,O2->O3,MDR2_TRIRC,pocket1,replica_1
MDR2_TRIRC_prepared_Milbemycin_pocket1_complex_recombined_complex_explicit_stripped_final_frame,HydrogenBond,1038SER,4.09,O3->Nam,MDR2_TRIRC,pocket1,replica_1
MDR2_TRIRC_prepared_Milbemycin_pocket1_complex_recombined_complex_explicit_stripped_final_frame,HydrogenBond,340TYR,3.07,O3->O3,MDR2_TRIRC,pocket1,replica_1
MDR2_TRIRC_prepared_Milbemycin_pocket1_complex_recombined_complex_explicit_stripped_final_frame,Hydrophobic,329PHE,3.98,,MDR2_TRIRC,pocket1,replica_1
MDR2_TRIRC_prepared_Milbemycin_pocket1_complex_recombined_complex_explicit_stripped_final_frame,Hydrophobic,366LEU,3.71,,MDR2_TRIRC,pocket1,replica_1
MDR2_TRIRC_prepared_Milbemycin_pocket1_complex_recombined_complex_explicit_stripped_final_frame,Hydrophobic,370ILE,3.98,,MDR2_TRIRC,pocket1,replica_1
MDR2_TRIRC_prepared_Milbemycin_pocket1_complex_recombined_complex_explicit_stripped_final_frame,Hydrophobic,1034PHE,3.81,,MDR2_TRIRC,pocket1,replica_1
MDR2_TRIRC_prepared_Milbemycin_pocket1_complex_recombined_complex_explicit_stripped_final_frame,Hydrophobic,1034PHE,4.0,,MDR2_TRIRC,pocket1,replica_1
MDR2_TRIRC_prepared_Milbemycin_pocket1_complex_recombined_complex_explicit_stripped_final_frame,Hydrophobic,1034PHE,3.8,,MDR2_TRIRC,pocket1,replica_1
MDR2_TRIRC_prepared_Milbemycin_pocket1_complex_recombined_complex_explicit_stripped_final_frame,Hydrophobic,110LEU,3.74,,MDR2_TRIRC,pocket1,replica_1
MDR2_TRIRC_prepared_Milbemycin_pocket1_complex_recombined_complex_explicit_stripped_initial_frame,HydrogenBond,778GLN,4.09,O2->O3,MDR2_TRIRC,pocket1,replica_1
MDR2_TRIRC_prepared_Milbemycin_pocket1_complex_recombined_complex_explicit_stripped_initial_frame,HydrogenBond,1037GLN,2.98,O2->O3,MDR2_TRIRC,pocket1,replica_1
MDR2_TRIRC_prepared_Milbemycin_pocket1_complex_recombined_complex_explicit_stripped_initial_frame,HydrogenBond,775GLN,4.08,O3->Nam,MDR2_TRIRC,pocket1,replica_1
MDR2_TRIRC_prepared_Milbemycin_pocket1_complex_recombined_complex_explicit_stripped_initial_frame,HydrogenBond,1038SER,3.28,O3->O3,MDR2_TRIRC,pocket1,replica_1
MDR2_TRIRC_prepared_Milbemycin_pocket1_complex_recombined_complex_explicit_stripped_initial_frame,Hydrophobic,110LEU,0.51,,MDR2_TRIRC,pocket1,replica_1
MDR2_TRIRC_prepared_Milbemycin_pocket1_complex_recombined_complex_explicit_stripped_initial_frame,Hydrophobic,229THR,3.91,,MDR2_TRIRC,pocket1,replica_1
MDR2_TRIRC_prepared_Milbemycin_pocket1_complex_recombined_complex_explicit_stripped_initial_frame,Hydrophobic,373PHE,3.76,,MDR2_TRIRC,pocket1,replica_1
MDR2_TRIRC_prepared_Milbemycin_pocket1_complex_recombined_complex_explicit_stripped_initial_frame,Hydrophobic,377ASN,3.61,,MDR2_TRIRC,pocket1,replica_1
MDR2_TRIRC_prepared_Milbemycin_pocket1_complex_recombined_complex_explicit_stripped_initial_frame,Hydrophobic,1034PHE,3.15,,MDR2_TRIRC,pocket1,replica_1
MDR2_TRIRC_prepared_Milbemycin_pocket1_complex_recombined_complex_explicit_stripped_initial_frame,Hydrophobic,1034PHE,2.37,,MDR2_TRIRC,pocket1,replica_1
MDR2_TRIRC_prepared_Milbemycin_pocket1_complex_recombined_complex_explicit_stripped_initial_frame,Hydrophobic,110LEU,1.13,,MDR2_TRIRC,pocket1,replica_1
MDR2_TRIRC_prepared_Milbemycin_pocket1_complex_recombined_complex_explicit_stripped_initial_frame,Hydrophobic,1041ILE,3.91,,MDR2_TRIRC,pocket1,replica_1
MDR2_TRIRC_prepared_Milbemycin_pocket11_complex_recombined_complex_explicit_stripped_final_frame,HydrogenBond,755LYS,3.31,O3->N3+,MDR2_TRIRC,pocket11,replica_1
MDR2_TRIRC_prepared_Milbemycin_pocket11_complex_recombined_complex_explicit_stripped_final_frame,Hydrophobic,749PHE,3.5,,MDR2_TRIRC,pocket11,replica_1
MDR2_TRIRC_prepared_Milbemycin_pocket11_complex_recombined_complex_explicit_stripped_final_frame,Hydrophobic,749PHE,3.71,,MDR2_TRIRC,pocket11,replica_1
MDR2_TRIRC_prepared_Milbemycin_pocket11_complex_recombined_complex_explicit_stripped_final_frame,Hydrophobic,753PHE,3.76,,MDR2_TRIRC,pocket11,replica_1
MDR2_TRIRC_prepared_Milbemycin_pocket11_complex_recombined_complex_explicit_stripped_final_frame,Hydrophobic,1063PHE,3.83,,MDR2_TRIRC,pocket11,replica_1
MDR2_TRIRC_prepared_Milbemycin_pocket11_complex_recombined_complex_explicit_stripped_initial_frame,Hydrophobic,1063PHE,2.12,,MDR2_TRIRC,pocket11,replica_1
MDR2_TRIRC_prepared_Milbemycin_pocket11_complex_recombined_complex_explicit_stripped_initial_frame,Hydrophobic,749PHE,1.49,,MDR2_TRIRC,pocket11,replica_1
MDR2_TRIRC_prepared_Milbemycin_pocket11_complex_recombined_complex_explicit_stripped_initial_frame,Hydrophobic,749PHE,2.49,,MDR2_TRIRC,pocket11,replica_1
MDR2_TRIRC_prepared_Milbemycin_pocket11_complex_recombined_complex_explicit_stripped_initial_frame,Hydrophobic,1060LYS,2.61,,MDR2_TRIRC,pocket11,replica_1
MDR2_TRIRC_prepared_Milbemycin_pocket11_complex_recombined_complex_explicit_stripped_initial_frame,Hydrophobic,1063PHE,2.97,,MDR2_TRIRC,pocket11,replica_1
MDR2_TRIRC_prepared_Milbemycin_pocket13_complex_recombined_complex_explicit_stripped_initial_frame,HydrogenBond,778GLN,4.06,O2->O3,MDR2_TRIRC,pocket13,replica_1
MDR2_TRIRC_prepared_Milbemycin_pocket13_complex_recombined_complex_explicit_stripped_initial_frame,HydrogenBond,1037GLN,3.0,O2->O3,MDR2_TRIRC,pocket13,replica_1
MDR2_TRIRC_prepared_Milbemycin_pocket13_complex_recombined_complex_explicit_stripped_initial_frame,HydrogenBond,1038SER,3.37,O3->O3,MDR2_TRIRC,pocket13,replica_1
MDR2_TRIRC_prepared_Milbemycin_pocket13_complex_recombined_complex_explicit_stripped_initial_frame,Hydrophobic,229THR,3.83,,MDR2_TRIRC,pocket13,replica_1
MDR2_TRIRC_prepared_Milbemycin_pocket13_complex_recombined_complex_explicit_stripped_initial_frame,Hydrophobic,370ILE,3.97,,MDR2_TRIRC,pocket13,replica_1
MDR2_TRIRC_prepared_Milbemycin_pocket13_complex_recombined_complex_explicit_stripped_initial_frame,Hydrophobic,373PHE,3.71,,MDR2_TRIRC,pocket13,replica_1
MDR2_TRIRC_prepared_Milbemycin_pocket13_complex_recombined_complex_explicit_stripped_initial_frame,Hydrophobic,373PHE,3.98,,MDR2_TRIRC,pocket13,replica_1
MDR2_TRIRC_prepared_Milbemycin_pocket13_complex_recombined_complex_explicit_stripped_initial_frame,Hydrophobic,377ASN,3.58,,MDR2_TRIRC,pocket13,replica_1
MDR2_TRIRC_prepared_Milbemycin_pocket13_complex_recombined_complex_explicit_stripped_initial_frame,Hydrophobic,1034PHE,3.19,,MDR2_TRIRC,pocket13,replica_1
MDR2_TRIRC_prepared_Milbemycin_pocket13_complex_recombined_complex_explicit_stripped_initial_frame,Hydrophobic,1034PHE,2.4,,MDR2_TRIRC,pocket13,replica_1
MDR2_TRIRC_prepared_Milbemycin_pocket13_complex_recombined_complex_explicit_stripped_initial_frame,Hydrophobic,1041ILE,4.0,,MDR2_TRIRC,pocket13,replica_1
MDR2_TRIRC_prepared_Milbemycin_pocket13_complex_recombined_complex_explicit_stripped_initial_frame,Hydrophobic,110LEU,1.09,,MDR2_TRIRC,pocket13,replica_1
MDR2_TRIRC_prepared_Milbemycin_pocket13_complex_recombined_complex_explicit_stripped_final_frame,HydrogenBond,340TYR,3.89,O3->O3,MDR2_TRIRC,pocket13,replica_1
MDR2_TRIRC_prepared_Milbemycin_pocket13_complex_recombined_complex_explicit_stripped_final_frame,Hydrophobic,369VAL,3.86,,MDR2_TRIRC,pocket13,replica_1
MDR2_TRIRC_prepared_Milbemycin_pocket13_complex_recombined_complex_explicit_stripped_final_frame,Hydrophobic,370ILE,3.99,,MDR2_TRIRC,pocket13,replica_1
MDR2_TRIRC_prepared_Milbemycin_pocket13_complex_recombined_complex_explicit_stripped_final_frame,Hydrophobic,373PHE,3.47,,MDR2_TRIRC,pocket13,replica_1
MDR2_TRIRC_prepared_Milbemycin_pocket13_complex_recombined_complex_explicit_stripped_final_frame,Hydrophobic,1034PHE,4.0,,MDR2_TRIRC,pocket13,replica_1
MDR2_TRIRC_prepared_Milbemycin_pocket13_complex_recombined_complex_explicit_stripped_final_frame,Hydrophobic,1041ILE,3.88,,MDR2_TRIRC,pocket13,replica_1
MDR2_TRIRC_prepared_Milbemycin_pocket15_complex_recombined_complex_explicit_stripped_final_frame,Hydrophobic,327ILE,3.69,,MDR2_TRIRC,pocket15,replica_1
MDR2_TRIRC_prepared_Milbemycin_pocket15_complex_recombined_complex_explicit_stripped_final_frame,Hydrophobic,826VAL,3.8,,MDR2_TRIRC,pocket15,replica_1
MDR2_TRIRC_prepared_Milbemycin_pocket15_complex_recombined_complex_explicit_stripped_initial_frame,Hydrophobic,327ILE,2.18,,MDR2_TRIRC,pocket15,replica_1
MDR2_TRIRC_prepared_Milbemycin_pocket15_complex_recombined_complex_explicit_stripped_initial_frame,Hydrophobic,818LEU,3.63,,MDR2_TRIRC,pocket15,replica_1
MDR2_TRIRC_prepared_Milbemycin_pocket15_complex_recombined_complex_explicit_stripped_initial_frame,Hydrophobic,823ALA,3.05,,MDR2_TRIRC,pocket15,replica_1
MDR2_TRIRC_prepared_Milbemycin_pocket15_complex_recombined_complex_explicit_stripped_initial_frame,Hydrophobic,826VAL,2.47,,MDR2_TRIRC,pocket15,replica_1
MDR2_TRIRC_prepared_Milbemycin_pocket9_complex_recombined_complex_explicit_stripped_final_frame,HydrogenBond,292ARG,3.27,O3->Nam,MDR2_TRIRC,pocket9,replica_1
MDR2_TRIRC_prepared_Milbemycin_pocket9_complex_recombined_complex_explicit_stripped_final_frame,HydrogenBond,292ARG,2.58,O3->Ng+,MDR2_TRIRC,pocket9,replica_1
MDR2_TRIRC_prepared_Milbemycin_pocket9_complex_recombined_complex_explicit_stripped_final_frame,Hydrophobic,855PHE,3.95,,MDR2_TRIRC,pocket9,replica_1
MDR2_TRIRC_prepared_Milbemycin_pocket9_complex_recombined_complex_explicit_stripped_final_frame,Hydrophobic,292ARG,2.36,,MDR2_TRIRC,pocket9,replica_1
MDR2_TRIRC_prepared_Milbemycin_pocket9_complex_recombined_complex_explicit_stripped_final_frame,Hydrophobic,855PHE,3.69,,MDR2_TRIRC,pocket9,replica_1
MDR2_TRIRC_prepared_Milbemycin_pocket9_complex_recombined_complex_explicit_stripped_final_frame,SaltBridge,292ARG,4.24,A↔A,MDR2_TRIRC,pocket9,replica_1
MDR2_TRIRC_prepared_Milbemycin_pocket9_complex_recombined_complex_explicit_stripped_initial_frame,HydrogenBond,292ARG,2.88,O3->Ng+,MDR2_TRIRC,pocket9,replica_1
MDR2_TRIRC_prepared_Milbemycin_pocket9_complex_recombined_complex_explicit_stripped_initial_frame,HydrogenBond,292ARG,3.27,O3->Ng+,MDR2_TRIRC,pocket9,replica_1
MDR2_TRIRC_prepared_Milbemycin_pocket9_complex_recombined_complex_explicit_stripped_initial_frame,Hydrophobic,855PHE,3.32,,MDR2_TRIRC,pocket9,replica_1
MDR2_TRIRC_prepared_Milbemycin_pocket9_complex_recombined_complex_explicit_stripped_initial_frame,Hydrophobic,852ILE,3.39,,MDR2_TRIRC,pocket9,replica_1
MDR2_TRIRC_prepared_Milbemycin_pocket9_complex_recombined_complex_explicit_stripped_initial_frame,Hydrophobic,856ASP,3.37,,MDR2_TRIRC,pocket9,replica_1
MDR2_TRIRC_prepared_Milbemycin_pocket9_complex_recombined_complex_explicit_stripped_initial_frame,SaltBridge,292ARG,4.09,A↔A,MDR2_TRIRC,pocket9,replica_1
MDR2_TRIRC_prepared_Milbemycin_pocket5_complex_recombined_complex_explicit_stripped_initial_frame,HydrogenBond,289SER,3.64,O2->O3,MDR2_TRIRC,pocket5,replica_1
MDR2_TRIRC_prepared_Milbemycin_pocket5_complex_recombined_complex_explicit_stripped_initial_frame,HydrogenBond,855PHE,3.34,O2->O3,MDR2_TRIRC,pocket5,replica_1
MDR2_TRIRC_prepared_Milbemycin_pocket5_complex_recombined_complex_explicit_stripped_initial_frame,HydrogenBond,292ARG,3.45,O3->Nam,MDR2_TRIRC,pocket5,replica_1
MDR2_TRIRC_prepared_Milbemycin_pocket5_complex_recombined_complex_explicit_stripped_initial_frame,Hydrophobic,291ILE,3.95,,MDR2_TRIRC,pocket5,replica_1
MDR2_TRIRC_prepared_Milbemycin_pocket5_complex_recombined_complex_explicit_stripped_initial_frame,Hydrophobic,855PHE,2.39,,MDR2_TRIRC,pocket5,replica_1
MDR2_TRIRC_prepared_Milbemycin_pocket5_complex_recombined_complex_explicit_stripped_initial_frame,Hydrophobic,855PHE,2.02,,MDR2_TRIRC,pocket5,replica_1
MDR2_TRIRC_prepared_Milbemycin_pocket5_complex_recombined_complex_explicit_stripped_final_frame,HydrogenBond,292ARG,3.03,O3->Nam,MDR2_TRIRC,pocket5,replica_1
MDR2_TRIRC_prepared_Milbemycin_pocket5_complex_recombined_complex_explicit_stripped_final_frame,Hydrophobic,1169GLN,3.53,,MDR2_TRIRC,pocket5,replica_1
MDR2_TRIRC_prepared_Milbemycin_pocket5_complex_recombined_complex_explicit_stripped_final_frame,SaltBridge,292ARG,5.13,A↔A,MDR2_TRIRC,pocket5,replica_1
MDR2_TRIRC_prepared_Milbemycin_pocket3_complex_recombined_complex_explicit_stripped_final_frame,HydrogenBond,738GLU,2.67,O2->O3,MDR2_TRIRC,pocket3,replica_1
MDR2_TRIRC_prepared_Milbemycin_pocket3_complex_recombined_complex_explicit_stripped_final_frame,SaltBridge,1061ARG,5.17,A↔A,MDR2_TRIRC,pocket3,replica_1
MDR2_TRIRC_prepared_Milbemycin_pocket3_complex_recombined_complex_explicit_stripped_initial_frame,HydrogenBond,1060LYS,3.03,O2->O3,MDR2_TRIRC,pocket3,replica_1
MDR2_TRIRC_prepared_Milbemycin_pocket3_complex_recombined_complex_explicit_stripped_initial_frame,HydrogenBond,1064ASP,2.91,O3->O3,MDR2_TRIRC,pocket3,replica_1
MDR2_TRIRC_prepared_Milbemycin_pocket3_complex_recombined_complex_explicit_stripped_initial_frame,HydrogenBond,1064ASP,3.94,O3->Nam,MDR2_TRIRC,pocket3,replica_1
MDR2_TRIRC_prepared_Milbemycin_pocket3_complex_recombined_complex_explicit_stripped_initial_frame,HydrogenBond,1065ARG,3.24,O3->Nam,MDR2_TRIRC,pocket3,replica_1
MDR2_TRIRC_prepared_Milbemycin_pocket3_complex_recombined_complex_explicit_stripped_initial_frame,Hydrophobic,854PHE,2.35,,MDR2_TRIRC,pocket3,replica_1
MDR2_TRIRC_prepared_Milbemycin_pocket3_complex_recombined_complex_explicit_stripped_initial_frame,Hydrophobic,857LEU,3.87,,MDR2_TRIRC,pocket3,replica_1
MDR2_TRIRC_prepared_Milbemycin_pocket3_complex_recombined_complex_explicit_stripped_initial_frame,Hydrophobic,860ASN,3.9,,MDR2_TRIRC,pocket3,replica_1
MDR2_TRIRC_prepared_Milbemycin_pocket3_complex_recombined_complex_explicit_stripped_initial_frame,Hydrophobic,1065ARG,3.09,,MDR2_TRIRC,pocket3,replica_1
MDR2_TRIRC_prepared_Milbemycin_pocket3_complex_recombined_complex_explicit_stripped_initial_frame,Hydrophobic,741TYR,1.91,,MDR2_TRIRC,pocket3,replica_1
MDR2_TRIRC_prepared_Milbemycin_pocket3_complex_recombined_complex_explicit_stripped_initial_frame,Hydrophobic,859GLU,3.11,,MDR2_TRIRC,pocket3,replica_1
MDR2_TRIRC_prepared_Milbemycin_pocket3_complex_recombined_complex_explicit_stripped_initial_frame,Hydrophobic,1061ARG,1.2,,MDR2_TRIRC,pocket3,replica_1
MDR2_TRIRC_prepared_Milbemycin_pocket3_complex_recombined_complex_explicit_stripped_initial_frame,Hydrophobic,1061ARG,3.34,,MDR2_TRIRC,pocket3,replica_1
MDR2_TRIRC_prepared_Milbemycin_pocket3_complex_recombined_complex_explicit_stripped_initial_frame,Hydrophobic,1065ARG,3.77,,MDR2_TRIRC,pocket3,replica_1
MDR2_TRIRC_prepared_Milbemycin_pocket3_complex_recombined_complex_explicit_stripped_initial_frame,SaltBridge,1061ARG,3.75,A↔A,MDR2_TRIRC,pocket3,replica_1
MDR2_TRIRC_prepared_Milbemycin_pocket12_complex_recombined_complex_explicit_stripped_final_frame,Hydrophobic,743LEU,3.79,,MDR2_TRIRC,pocket12,replica_1
MDR2_TRIRC_prepared_Milbemycin_pocket12_complex_recombined_complex_explicit_stripped_final_frame,Hydrophobic,920LEU,3.84,,MDR2_TRIRC,pocket12,replica_1
MDR2_TRIRC_prepared_Milbemycin_pocket12_complex_recombined_complex_explicit_stripped_final_frame,Hydrophobic,924PHE,3.99,,MDR2_TRIRC,pocket12,replica_1
MDR2_TRIRC_prepared_Milbemycin_pocket12_complex_recombined_complex_explicit_stripped_final_frame,Hydrophobic,928TRP,3.72,,MDR2_TRIRC,pocket12,replica_1
MDR2_TRIRC_prepared_Milbemycin_pocket12_complex_recombined_complex_explicit_stripped_final_frame,Hydrophobic,928TRP,3.51,,MDR2_TRIRC,pocket12,replica_1
MDR2_TRIRC_prepared_Milbemycin_pocket12_complex_recombined_complex_explicit_stripped_final_frame,Hydrophobic,1052ALA,3.6,,MDR2_TRIRC,pocket12,replica_1
MDR2_TRIRC_prepared_Milbemycin_pocket12_complex_recombined_complex_explicit_stripped_initial_frame,Hydrophobic,928TRP,3.83,,MDR2_TRIRC,pocket12,replica_1
MDR2_TRIRC_prepared_Milbemycin_pocket12_complex_recombined_complex_explicit_stripped_initial_frame,Hydrophobic,924PHE,3.58,,MDR2_TRIRC,pocket12,replica_1
MDR2_TRIRC_prepared_Milbemycin_pocket12_complex_recombined_complex_explicit_stripped_initial_frame,Hydrophobic,924PHE,3.28,,MDR2_TRIRC,pocket12,replica_1
MDR2_TRIRC_prepared_Milbemycin_pocket12_complex_recombined_complex_explicit_stripped_initial_frame,Hydrophobic,925TYR,1.97,,MDR2_TRIRC,pocket12,replica_1
MDR2_TRIRC_prepared_Milbemycin_pocket14_complex_recombined_complex_explicit_stripped_final_frame,HydrogenBond,974GLN,3.13,O3->Nam,MDR2_TRIRC,pocket14,replica_1
MDR2_TRIRC_prepared_Milbemycin_pocket14_complex_recombined_complex_explicit_stripped_final_frame,Hydrophobic,512THR,3.99,,MDR2_TRIRC,pocket14,replica_1
MDR2_TRIRC_prepared_Milbemycin_pocket14_complex_recombined_complex_explicit_stripped_initial_frame,HydrogenBond,974GLN,3.88,O3->Nam,MDR2_TRIRC,pocket14,replica_1
MDR2_TRIRC_prepared_Milbemycin_pocket14_complex_recombined_complex_explicit_stripped_initial_frame,Hydrophobic,516GLU,3.97,,MDR2_TRIRC,pocket14,replica_1
MDR2_TRIRC_prepared_Milbemycin_pocket14_complex_recombined_complex_explicit_stripped_initial_frame,Hydrophobic,520LEU,2.33,,MDR2_TRIRC,pocket14,replica_1
MDR2_TRIRC_prepared_Milbemycin_pocket14_complex_recombined_complex_explicit_stripped_initial_frame,Hydrophobic,970ILE,2.8,,MDR2_TRIRC,pocket14,replica_1
MDR2_TRIRC_prepared_Milbemycin_pocket2_complex_recombined_complex_explicit_stripped_initial_frame,HydrogenBond,337TYR,3.98,O3->O3,MDR2_TRIRC,pocket2,replica_1
MDR2_TRIRC_prepared_Milbemycin_pocket2_complex_recombined_complex_explicit_stripped_initial_frame,HydrogenBond,1038SER,3.93,O3->O3,MDR2_TRIRC,pocket2,replica_1
MDR2_TRIRC_prepared_Milbemycin_pocket2_complex_recombined_complex_explicit_stripped_initial_frame,HydrogenBond,1038SER,3.72,O3->Nam,MDR2_TRIRC,pocket2,replica_1
MDR2_TRIRC_prepared_Milbemycin_pocket2_complex_recombined_complex_explicit_stripped_initial_frame,Hydrophobic,110LEU,3.54,,MDR2_TRIRC,pocket2,replica_1
MDR2_TRIRC_prepared_Milbemycin_pocket2_complex_recombined_complex_explicit_stripped_initial_frame,Hydrophobic,329PHE,2.83,,MDR2_TRIRC,pocket2,replica_1
MDR2_TRIRC_prepared_Milbemycin_pocket2_complex_recombined_complex_explicit_stripped_initial_frame,Hydrophobic,370ILE,3.19,,MDR2_TRIRC,pocket2,replica_1
MDR2_TRIRC_prepared_Milbemycin_pocket2_complex_recombined_complex_explicit_stripped_initial_frame,Hydrophobic,373PHE,3.92,,MDR2_TRIRC,pocket2,replica_1
MDR2_TRIRC_prepared_Milbemycin_pocket2_complex_recombined_complex_explicit_stripped_initial_frame,Hydrophobic,373PHE,3.72,,MDR2_TRIRC,pocket2,replica_1
MDR2_TRIRC_prepared_Milbemycin_pocket2_complex_recombined_complex_explicit_stripped_initial_frame,Hydrophobic,775GLN,1.63,,MDR2_TRIRC,pocket2,replica_1
MDR2_TRIRC_prepared_Milbemycin_pocket2_complex_recombined_complex_explicit_stripped_final_frame,HydrogenBond,1037GLN,2.97,O3->Nam,MDR2_TRIRC,pocket2,replica_1
MDR2_TRIRC_prepared_Milbemycin_pocket2_complex_recombined_complex_explicit_stripped_final_frame,HydrogenBond,340TYR,2.94,O3->O3,MDR2_TRIRC,pocket2,replica_1
MDR2_TRIRC_prepared_Milbemycin_pocket2_complex_recombined_complex_explicit_stripped_final_frame,Hydrophobic,113PHE,3.68,,MDR2_TRIRC,pocket2,replica_1
MDR2_TRIRC_prepared_Milbemycin_pocket2_complex_recombined_complex_explicit_stripped_final_frame,Hydrophobic,329PHE,3.6,,MDR2_TRIRC,pocket2,replica_1
MDR2_TRIRC_prepared_Milbemycin_pocket2_complex_recombined_complex_explicit_stripped_final_frame,Hydrophobic,366LEU,3.51,,MDR2_TRIRC,pocket2,replica_1
MDR2_TRIRC_prepared_Milbemycin_pocket2_complex_recombined_complex_explicit_stripped_final_frame,Hydrophobic,373PHE,3.91,,MDR2_TRIRC,pocket2,replica_1
MDR2_TRIRC_prepared_Milbemycin_pocket2_complex_recombined_complex_explicit_stripped_final_frame,Hydrophobic,373PHE,3.39,,MDR2_TRIRC,pocket2,replica_1
MDR2_TRIRC_prepared_Milbemycin_pocket2_complex_recombined_complex_explicit_stripped_final_frame,Hydrophobic,1034PHE,3.99,,MDR2_TRIRC,pocket2,replica_1
MDR2_TRIRC_prepared_Milbemycin_pocket2_complex_recombined_complex_explicit_stripped_final_frame,Hydrophobic,1037GLN,3.94,,MDR2_TRIRC,pocket2,replica_1
MDR2_TRIRC_prepared_Milbemycin_pocket2_complex_recombined_complex_explicit_stripped_final_frame,Hydrophobic,1034PHE,3.69,,MDR2_TRIRC,pocket2,replica_1
CDR2_CANAL_prepared_Milbemycin_pocket10_complex_recombined_complex_explicit_stripped_initial_frame,HydrogenBond,791GLY,3.95,O3->Nam,CDR2_CANAL,pocket10,replica_1
CDR2_CANAL_prepared_Milbemycin_pocket10_complex_recombined_complex_explicit_stripped_initial_frame,HydrogenBond,792GLU,3.62,O3->Nam,CDR2_CANAL,pocket10,replica_1
CDR2_CANAL_prepared_Milbemycin_pocket10_complex_recombined_complex_explicit_stripped_initial_frame,Hydrophobic,167ILE,3.99,,CDR2_CANAL,pocket10,replica_1
CDR2_CANAL_prepared_Milbemycin_pocket10_complex_recombined_complex_explicit_stripped_initial_frame,Hydrophobic,792GLU,3.16,,CDR2_CANAL,pocket10,replica_1
CDR2_CANAL_prepared_Milbemycin_pocket10_complex_recombined_complex_explicit_stripped_initial_frame,Hydrophobic,167ILE,3.11,,CDR2_CANAL,pocket10,replica_1
CDR2_CANAL_prepared_Milbemycin_pocket10_complex_recombined_complex_explicit_stripped_initial_frame,Hydrophobic,794VAL,2.08,,CDR2_CANAL,pocket10,replica_1
CDR2_CANAL_prepared_Milbemycin_pocket10_complex_recombined_complex_explicit_stripped_final_frame,HydrogenBond,205PHE,3.53,O3->Nam,CDR2_CANAL,pocket10,replica_1
CDR2_CANAL_prepared_Milbemycin_pocket10_complex_recombined_complex_explicit_stripped_final_frame,HydrogenBond,196LYS,3.41,O3->N3+,CDR2_CANAL,pocket10,replica_1
CDR2_CANAL_prepared_Milbemycin_pocket10_complex_recombined_complex_explicit_stripped_final_frame,Hydrophobic,792GLU,3.84,,CDR2_CANAL,pocket10,replica_1
CDR2_CANAL_prepared_Milbemycin_pocket10_complex_recombined_complex_explicit_stripped_final_frame,Hydrophobic,794VAL,3.48,,CDR2_CANAL,pocket10,replica_1
CDR2_CANAL_prepared_Milbemycin_pocket10_complex_recombined_complex_explicit_stripped_final_frame,Hydrophobic,1000ASN,3.97,,CDR2_CANAL,pocket10,replica_1
CDR2_CANAL_prepared_Milbemycin_pocket10_complex_recombined_complex_explicit_stripped_final_frame,Hydrophobic,167ILE,3.83,,CDR2_CANAL,pocket10,replica_1
CDR2_CANAL_prepared_Milbemycin_pocket4_complex_recombined_complex_explicit_stripped_initial_frame,HydrogenBond,565SER,2.52,O2->O3,CDR2_CANAL,pocket4,replica_1
CDR2_CANAL_prepared_Milbemycin_pocket4_complex_recombined_complex_explicit_stripped_initial_frame,HydrogenBond,568GLU,2.61,O3->O3,CDR2_CANAL,pocket4,replica_1
CDR2_CANAL_prepared_Milbemycin_pocket4_complex_recombined_complex_explicit_stripped_initial_frame,HydrogenBond,567TYR,3.51,O3->Nam,CDR2_CANAL,pocket4,replica_1
CDR2_CANAL_prepared_Milbemycin_pocket4_complex_recombined_complex_explicit_stripped_initial_frame,HydrogenBond,568GLU,2.49,O3->Nam,CDR2_CANAL,pocket4,replica_1
CDR2_CANAL_prepared_Milbemycin_pocket4_complex_recombined_complex_explicit_stripped_initial_frame,HydrogenBond,569ALA,3.99,O3->Nam,CDR2_CANAL,pocket4,replica_1
CDR2_CANAL_prepared_Milbemycin_pocket4_complex_recombined_complex_explicit_stripped_initial_frame,Hydrophobic,296ASP,3.83,,CDR2_CANAL,pocket4,replica_1
CDR2_CANAL_prepared_Milbemycin_pocket4_complex_recombined_complex_explicit_stripped_initial_frame,Hydrophobic,297PHE,2.86,,CDR2_CANAL,pocket4,replica_1
CDR2_CANAL_prepared_Milbemycin_pocket4_complex_recombined_complex_explicit_stripped_initial_frame,Hydrophobic,297PHE,3.75,,CDR2_CANAL,pocket4,replica_1
CDR2_CANAL_prepared_Milbemycin_pocket4_complex_recombined_complex_explicit_stripped_initial_frame,Hydrophobic,564LEU,2.99,,CDR2_CANAL,pocket4,replica_1
CDR2_CANAL_prepared_Milbemycin_pocket4_complex_recombined_complex_explicit_stripped_initial_frame,Hydrophobic,567TYR,3.8,,CDR2_CANAL,pocket4,replica_1
CDR2_CANAL_prepared_Milbemycin_pocket4_complex_recombined_complex_explicit_stripped_initial_frame,Hydrophobic,297PHE,2.38,,CDR2_CANAL,pocket4,replica_1
CDR2_CANAL_prepared_Milbemycin_pocket4_complex_recombined_complex_explicit_stripped_initial_frame,Hydrophobic,568GLU,2.93,,CDR2_CANAL,pocket4,replica_1
CDR2_CANAL_prepared_Milbemycin_pocket4_complex_recombined_complex_explicit_stripped_initial_frame,Hydrophobic,568GLU,1.46,,CDR2_CANAL,pocket4,replica_1
CDR2_CANAL_prepared_Milbemycin_pocket4_complex_recombined_complex_explicit_stripped_initial_frame,Hydrophobic,1341ILE,2.78,,CDR2_CANAL,pocket4,replica_1
CDR2_CANAL_prepared_Milbemycin_pocket4_complex_recombined_complex_explicit_stripped_final_frame,HydrogenBond,568GLU,2.97,O3->Nam,CDR2_CANAL,pocket4,replica_1
CDR2_CANAL_prepared_Milbemycin_pocket4_complex_recombined_complex_explicit_stripped_final_frame,HydrogenBond,295ASN,2.86,O3->Nam,CDR2_CANAL,pocket4,replica_1
CDR2_CANAL_prepared_Milbemycin_pocket4_complex_recombined_complex_explicit_stripped_final_frame,Hydrophobic,237THR,3.94,,CDR2_CANAL,pocket4,replica_1
CDR2_CANAL_prepared_Milbemycin_pocket4_complex_recombined_complex_explicit_stripped_final_frame,Hydrophobic,297PHE,3.69,,CDR2_CANAL,pocket4,replica_1
CDR2_CANAL_prepared_Milbemycin_pocket4_complex_recombined_complex_explicit_stripped_final_frame,Hydrophobic,571PRO,3.64,,CDR2_CANAL,pocket4,replica_1
CDR2_CANAL_prepared_Milbemycin_pocket4_complex_recombined_complex_explicit_stripped_final_frame,Hydrophobic,1249VAL,3.7,,CDR2_CANAL,pocket4,replica_1
CDR2_CANAL_prepared_Milbemycin_pocket8_complex_recombined_complex_explicit_stripped_final_frame,Hydrophobic,1380PRO,3.74,,CDR2_CANAL,pocket8,replica_1
CDR2_CANAL_prepared_Milbemycin_pocket8_complex_recombined_complex_explicit_stripped_final_frame,Hydrophobic,1471PHE,3.58,,CDR2_CANAL,pocket8,replica_1
CDR2_CANAL_prepared_Milbemycin_pocket8_complex_recombined_complex_explicit_stripped_final_frame,Hydrophobic,1474ILE,3.93,,CDR2_CANAL,pocket8,replica_1
CDR2_CANAL_prepared_Milbemycin_pocket8_complex_recombined_complex_explicit_stripped_initial_frame,Hydrophobic,1354LEU,3.35,,CDR2_CANAL,pocket8,replica_1
CDR2_CANAL_prepared_Milbemycin_pocket8_complex_recombined_complex_explicit_stripped_initial_frame,Hydrophobic,1374PHE,3.75,,CDR2_CANAL,pocket8,replica_1
CDR2_CANAL_prepared_Milbemycin_pocket8_complex_recombined_complex_explicit_stripped_initial_frame,Hydrophobic,1358PHE,3.49,,CDR2_CANAL,pocket8,replica_1
CDR2_CANAL_prepared_Milbemycin_pocket8_complex_recombined_complex_explicit_stripped_initial_frame,Hydrophobic,1375MET,1.06,,CDR2_CANAL,pocket8,replica_1
CDR2_CANAL_prepared_Milbemycin_pocket7_complex_recombined_complex_explicit_stripped_final_frame,HydrogenBond,824LYS,2.6,O2->O3,CDR2_CANAL,pocket7,replica_1
CDR2_CANAL_prepared_Milbemycin_pocket7_complex_recombined_complex_explicit_stripped_final_frame,HydrogenBond,812ASN,3.07,O3->Nam,CDR2_CANAL,pocket7,replica_1
CDR2_CANAL_prepared_Milbemycin_pocket7_complex_recombined_complex_explicit_stripped_final_frame,HydrogenBond,826ASP,3.22,O3->Nam,CDR2_CANAL,pocket7,replica_1
CDR2_CANAL_prepared_Milbemycin_pocket7_complex_recombined_complex_explicit_stripped_final_frame,HydrogenBond,828GLN,3.24,O3->Nam,CDR2_CANAL,pocket7,replica_1
CDR2_CANAL_prepared_Milbemycin_pocket7_complex_recombined_complex_explicit_stripped_final_frame,Hydrophobic,432THR,3.79,,CDR2_CANAL,pocket7,replica_1
CDR2_CANAL_prepared_Milbemycin_pocket7_complex_recombined_complex_explicit_stripped_final_frame,Hydrophobic,808THR,3.76,,CDR2_CANAL,pocket7,replica_1
CDR2_CANAL_prepared_Milbemycin_pocket7_complex_recombined_complex_explicit_stripped_final_frame,Hydrophobic,815ASP,3.77,,CDR2_CANAL,pocket7,replica_1
CDR2_CANAL_prepared_Milbemycin_pocket7_complex_recombined_complex_explicit_stripped_initial_frame,HydrogenBond,826ASP,3.48,O3->O3,CDR2_CANAL,pocket7,replica_1
CDR2_CANAL_prepared_Milbemycin_pocket7_complex_recombined_complex_explicit_stripped_initial_frame,HydrogenBond,826ASP,2.64,O3->O3,CDR2_CANAL,pocket7,replica_1
CDR2_CANAL_prepared_Milbemycin_pocket7_complex_recombined_complex_explicit_stripped_initial_frame,Hydrophobic,828GLN,3.2,,CDR2_CANAL,pocket7,replica_1
CDR2_CANAL_prepared_Milbemycin_pocket7_complex_recombined_complex_explicit_stripped_initial_frame,Hydrophobic,831ALA,3.72,,CDR2_CANAL,pocket7,replica_1
CDR2_CANAL_prepared_Milbemycin_pocket7_complex_recombined_complex_explicit_stripped_initial_frame,Hydrophobic,821VAL,1.26,,CDR2_CANAL,pocket7,replica_1
CDR2_CANAL_prepared_Milbemycin_pocket7_complex_recombined_complex_explicit_stripped_initial_frame,Hydrophobic,830GLU,1.98,,CDR2_CANAL,pocket7,replica_1
CDR2_CANAL_prepared_Milbemycin_pocket7_complex_recombined_complex_explicit_stripped_initial_frame,Hydrophobic,830GLU,2.46,,CDR2_CANAL,pocket7,replica_1
CDR2_CANAL_prepared_Milbemycin_pocket1_complex_recombined_complex_explicit_stripped_final_frame,HydrogenBond,351ASP,3.92,O3->O3,CDR2_CANAL,pocket1,replica_1
CDR2_CANAL_prepared_Milbemycin_pocket1_complex_recombined_complex_explicit_stripped_final_frame,Hydrophobic,104LYS,3.99,,CDR2_CANAL,pocket1,replica_1
CDR2_CANAL_prepared_Milbemycin_pocket1_complex_recombined_complex_explicit_stripped_final_frame,Hydrophobic,108GLU,3.96,,CDR2_CANAL,pocket1,replica_1
CDR2_CANAL_prepared_Milbemycin_pocket1_complex_recombined_complex_explicit_stripped_final_frame,SaltBridge,104LYS,4.26,A↔A,CDR2_CANAL,pocket1,replica_1
CDR2_CANAL_prepared_Milbemycin_pocket1_complex_recombined_complex_explicit_stripped_initial_frame,HydrogenBond,108GLU,4.05,O3->O3,CDR2_CANAL,pocket1,replica_1
CDR2_CANAL_prepared_Milbemycin_pocket1_complex_recombined_complex_explicit_stripped_initial_frame,HydrogenBond,111SER,3.98,O3->O3,CDR2_CANAL,pocket1,replica_1
CDR2_CANAL_prepared_Milbemycin_pocket1_complex_recombined_complex_explicit_stripped_initial_frame,HydrogenBond,104LYS,3.01,O3->N3+,CDR2_CANAL,pocket1,replica_1
CDR2_CANAL_prepared_Milbemycin_pocket1_complex_recombined_complex_explicit_stripped_initial_frame,HydrogenBond,111SER,3.98,O3->O3,CDR2_CANAL,pocket1,replica_1
CDR2_CANAL_prepared_Milbemycin_pocket1_complex_recombined_complex_explicit_stripped_initial_frame,HydrogenBond,108GLU,4.05,O3->O3,CDR2_CANAL,pocket1,replica_1
CDR2_CANAL_prepared_Milbemycin_pocket1_complex_recombined_complex_explicit_stripped_initial_frame,Hydrophobic,116PRO,3.78,,CDR2_CANAL,pocket1,replica_1
CDR2_CANAL_prepared_Milbemycin_pocket1_complex_recombined_complex_explicit_stripped_initial_frame,Hydrophobic,118LYS,3.98,,CDR2_CANAL,pocket1,replica_1
CDR2_CANAL_prepared_Milbemycin_pocket1_complex_recombined_complex_explicit_stripped_initial_frame,Hydrophobic,351ASP,2.49,,CDR2_CANAL,pocket1,replica_1
CDR2_CANAL_prepared_Milbemycin_pocket1_complex_recombined_complex_explicit_stripped_initial_frame,SaltBridge,118LYS,4.82,A↔A,CDR2_CANAL,pocket1,replica_1
CDR2_CANAL_prepared_Milbemycin_pocket11_complex_recombined_complex_explicit_stripped_initial_frame,HydrogenBond,203TYR,3.36,O2->O3,CDR2_CANAL,pocket11,replica_1
CDR2_CANAL_prepared_Milbemycin_pocket11_complex_recombined_complex_explicit_stripped_initial_frame,HydrogenBond,791GLY,4.04,O3->Nam,CDR2_CANAL,pocket11,replica_1
CDR2_CANAL_prepared_Milbemycin_pocket11_complex_recombined_complex_explicit_stripped_initial_frame,Hydrophobic,205PHE,3.59,,CDR2_CANAL,pocket11,replica_1
CDR2_CANAL_prepared_Milbemycin_pocket11_complex_recombined_complex_explicit_stripped_initial_frame,Hydrophobic,793ILE,3.21,,CDR2_CANAL,pocket11,replica_1
CDR2_CANAL_prepared_Milbemycin_pocket11_complex_recombined_complex_explicit_stripped_initial_frame,Hydrophobic,794VAL,3.84,,CDR2_CANAL,pocket11,replica_1
CDR2_CANAL_prepared_Milbemycin_pocket11_complex_recombined_complex_explicit_stripped_initial_frame,Hydrophobic,794VAL,3.63,,CDR2_CANAL,pocket11,replica_1
CDR2_CANAL_prepared_Milbemycin_pocket11_complex_recombined_complex_explicit_stripped_initial_frame,Hydrophobic,167ILE,1.89,,CDR2_CANAL,pocket11,replica_1
CDR2_CANAL_prepared_Milbemycin_pocket11_complex_recombined_complex_explicit_stripped_initial_frame,Hydrophobic,167ILE,2.91,,CDR2_CANAL,pocket11,replica_1
CDR2_CANAL_prepared_Milbemycin_pocket11_complex_recombined_complex_explicit_stripped_initial_frame,Hydrophobic,193THR,3.09,,CDR2_CANAL,pocket11,replica_1
CDR2_CANAL_prepared_Milbemycin_pocket11_complex_recombined_complex_explicit_stripped_initial_frame,Hydrophobic,793ILE,3.12,,CDR2_CANAL,pocket11,replica_1
CDR2_CANAL_prepared_Milbemycin_pocket11_complex_recombined_complex_explicit_stripped_final_frame,HydrogenBond,792GLU,2.81,O3->O3,CDR2_CANAL,pocket11,replica_1
CDR2_CANAL_prepared_Milbemycin_pocket11_complex_recombined_complex_explicit_stripped_final_frame,HydrogenBond,1000ASN,3.74,O3->Nam,CDR2_CANAL,pocket11,replica_1
CDR2_CANAL_prepared_Milbemycin_pocket11_complex_recombined_complex_explicit_stripped_final_frame,HydrogenBond,792GLU,3.47,O3->Nam,CDR2_CANAL,pocket11,replica_1
CDR2_CANAL_prepared_Milbemycin_pocket11_complex_recombined_complex_explicit_stripped_final_frame,HydrogenBond,792GLU,2.81,O3->O3,CDR2_CANAL,pocket11,replica_1
CDR2_CANAL_prepared_Milbemycin_pocket11_complex_recombined_complex_explicit_stripped_final_frame,Hydrophobic,187PRO,3.86,,CDR2_CANAL,pocket11,replica_1
CDR2_CANAL_prepared_Milbemycin_pocket11_complex_recombined_complex_explicit_stripped_final_frame,Hydrophobic,792GLU,3.8,,CDR2_CANAL,pocket11,replica_1
CDR2_CANAL_prepared_Milbemycin_pocket11_complex_recombined_complex_explicit_stripped_final_frame,Hydrophobic,793ILE,3.98,,CDR2_CANAL,pocket11,replica_1
CDR2_CANAL_prepared_Milbemycin_pocket11_complex_recombined_complex_explicit_stripped_final_frame,SaltBridge,824LYS,4.51,A↔A,CDR2_CANAL,pocket11,replica_1
CDR2_CANAL_prepared_Milbemycin_pocket13_complex_recombined_complex_explicit_stripped_final_frame,Hydrophobic,1182TRP,3.72,,CDR2_CANAL,pocket13,replica_1
CDR2_CANAL_prepared_Milbemycin_pocket13_complex_recombined_complex_explicit_stripped_final_frame,Hydrophobic,1182TRP,3.83,,CDR2_CANAL,pocket13,replica_1
CDR2_CANAL_prepared_Milbemycin_pocket13_complex_recombined_complex_explicit_stripped_final_frame,Hydrophobic,1185ILE,3.78,,CDR2_CANAL,pocket13,replica_1
CDR2_CANAL_prepared_Milbemycin_pocket13_complex_recombined_complex_explicit_stripped_initial_frame,HydrogenBond,140THR,3.94,O3->O3,CDR2_CANAL,pocket13,replica_1
CDR2_CANAL_prepared_Milbemycin_pocket13_complex_recombined_complex_explicit_stripped_initial_frame,HydrogenBond,142THR,3.4,O3->Nam,CDR2_CANAL,pocket13,replica_1
CDR2_CANAL_prepared_Milbemycin_pocket13_complex_recombined_complex_explicit_stripped_initial_frame,Hydrophobic,140THR,3.92,,CDR2_CANAL,pocket13,replica_1
CDR2_CANAL_prepared_Milbemycin_pocket13_complex_recombined_complex_explicit_stripped_initial_frame,Hydrophobic,142THR,3.78,,CDR2_CANAL,pocket13,replica_1
CDR2_CANAL_prepared_Milbemycin_pocket13_complex_recombined_complex_explicit_stripped_initial_frame,Hydrophobic,797LEU,3.4,,CDR2_CANAL,pocket13,replica_1
CDR2_CANAL_prepared_Milbemycin_pocket13_complex_recombined_complex_explicit_stripped_initial_frame,Hydrophobic,952GLU,3.65,,CDR2_CANAL,pocket13,replica_1
CDR2_CANAL_prepared_Milbemycin_pocket13_complex_recombined_complex_explicit_stripped_initial_frame,Hydrophobic,797LEU,2.6,,CDR2_CANAL,pocket13,replica_1
CDR2_CANAL_prepared_Milbemycin_pocket13_complex_recombined_complex_explicit_stripped_initial_frame,Hydrophobic,1189TRP,2.69,,CDR2_CANAL,pocket13,replica_1
CDR2_CANAL_prepared_Milbemycin_pocket15_complex_recombined_complex_explicit_stripped_final_frame,HydrogenBond,37SER,2.69,O3->O3,CDR2_CANAL,pocket15,replica_1
CDR2_CANAL_prepared_Milbemycin_pocket15_complex_recombined_complex_explicit_stripped_final_frame,HydrogenBond,341ARG,3.42,O3->Ng+,CDR2_CANAL,pocket15,replica_1
CDR2_CANAL_prepared_Milbemycin_pocket15_complex_recombined_complex_explicit_stripped_final_frame,HydrogenBond,341ARG,2.84,O3->Ng+,CDR2_CANAL,pocket15,replica_1
CDR2_CANAL_prepared_Milbemycin_pocket15_complex_recombined_complex_explicit_stripped_final_frame,HydrogenBond,97LYS,2.67,O3->N3+,CDR2_CANAL,pocket15,replica_1
CDR2_CANAL_prepared_Milbemycin_pocket15_complex_recombined_complex_explicit_stripped_final_frame,HydrogenBond,95ASN,3.04,O3->Nam,CDR2_CANAL,pocket15,replica_1
CDR2_CANAL_prepared_Milbemycin_pocket15_complex_recombined_complex_explicit_stripped_final_frame,Hydrophobic,40ILE,3.99,,CDR2_CANAL,pocket15,replica_1
CDR2_CANAL_prepared_Milbemycin_pocket15_complex_recombined_complex_explicit_stripped_final_frame,Hydrophobic,62LEU,3.97,,CDR2_CANAL,pocket15,replica_1
CDR2_CANAL_prepared_Milbemycin_pocket15_complex_recombined_complex_explicit_stripped_final_frame,Hydrophobic,337LEU,3.92,,CDR2_CANAL,pocket15,replica_1
CDR2_CANAL_prepared_Milbemycin_pocket15_complex_recombined_complex_explicit_stripped_final_frame,SaltBridge,97LYS,5.1,A↔A,CDR2_CANAL,pocket15,replica_1
CDR2_CANAL_prepared_Milbemycin_pocket15_complex_recombined_complex_explicit_stripped_final_frame,SaltBridge,341ARG,3.65,A↔A,CDR2_CANAL,pocket15,replica_1
CDR2_CANAL_prepared_Milbemycin_pocket15_complex_recombined_complex_explicit_stripped_initial_frame,Hydrophobic,41GLN,3.98,,CDR2_CANAL,pocket15,replica_1
CDR2_CANAL_prepared_Milbemycin_pocket15_complex_recombined_complex_explicit_stripped_initial_frame,Hydrophobic,337LEU,3.64,,CDR2_CANAL,pocket15,replica_1
CDR2_CANAL_prepared_Milbemycin_pocket15_complex_recombined_complex_explicit_stripped_initial_frame,Hydrophobic,32PHE,2.6,,CDR2_CANAL,pocket15,replica_1
CDR2_CANAL_prepared_Milbemycin_pocket15_complex_recombined_complex_explicit_stripped_initial_frame,Hydrophobic,32PHE,0.8,,CDR2_CANAL,pocket15,replica_1
CDR2_CANAL_prepared_Milbemycin_pocket15_complex_recombined_complex_explicit_stripped_initial_frame,Hydrophobic,40ILE,2.04,,CDR2_CANAL,pocket15,replica_1
CDR2_CANAL_prepared_Milbemycin_pocket15_complex_recombined_complex_explicit_stripped_initial_frame,Hydrophobic,40ILE,2.95,,CDR2_CANAL,pocket15,replica_1
CDR2_CANAL_prepared_Milbemycin_pocket15_complex_recombined_complex_explicit_stripped_initial_frame,SaltBridge,341ARG,3.22,A↔A,CDR2_CANAL,pocket15,replica_1
CDR2_CANAL_prepared_Milbemycin_pocket9_complex_recombined_complex_explicit_stripped_final_frame,Hydrophobic,965LYS,3.82,,CDR2_CANAL,pocket9,replica_1
CDR2_CANAL_prepared_Milbemycin_pocket9_complex_recombined_complex_explicit_stripped_final_frame,Hydrophobic,966ILE,3.88,,CDR2_CANAL,pocket9,replica_1
CDR2_CANAL_prepared_Milbemycin_pocket9_complex_recombined_complex_explicit_stripped_final_frame,Hydrophobic,851PRO,3.7,,CDR2_CANAL,pocket9,replica_1
CDR2_CANAL_prepared_Milbemycin_pocket9_complex_recombined_complex_explicit_stripped_final_frame,SaltBridge,1016LYS,4.3,A↔A,CDR2_CANAL,pocket9,replica_1
CDR2_CANAL_prepared_Milbemycin_pocket9_complex_recombined_complex_explicit_stripped_initial_frame,HydrogenBond,963SER,2.85,O3->Nam,CDR2_CANAL,pocket9,replica_1
CDR2_CANAL_prepared_Milbemycin_pocket9_complex_recombined_complex_explicit_stripped_initial_frame,Hydrophobic,964ASN,3.99,,CDR2_CANAL,pocket9,replica_1
CDR2_CANAL_prepared_Milbemycin_pocket9_complex_recombined_complex_explicit_stripped_initial_frame,Hydrophobic,965LYS,3.43,,CDR2_CANAL,pocket9,replica_1
CDR2_CANAL_prepared_Milbemycin_pocket9_complex_recombined_complex_explicit_stripped_initial_frame,Hydrophobic,965LYS,3.01,,CDR2_CANAL,pocket9,replica_1
CDR2_CANAL_prepared_Milbemycin_pocket9_complex_recombined_complex_explicit_stripped_initial_frame,Hydrophobic,966ILE,3.43,,CDR2_CANAL,pocket9,replica_1
CDR2_CANAL_prepared_Milbemycin_pocket9_complex_recombined_complex_explicit_stripped_initial_frame,SaltBridge,965LYS,4.93,A↔A,CDR2_CANAL,pocket9,replica_1
CDR2_CANAL_prepared_Milbemycin_pocket5_complex_recombined_complex_explicit_stripped_initial_frame,Hydrophobic,681TRP,3.89,,CDR2_CANAL,pocket5,replica_1
CDR2_CANAL_prepared_Milbemycin_pocket5_complex_recombined_complex_explicit_stripped_initial_frame,Hydrophobic,657LEU,2.2,,CDR2_CANAL,pocket5,replica_1
CDR2_CANAL_prepared_Milbemycin_pocket5_complex_recombined_complex_explicit_stripped_initial_frame,Hydrophobic,1200ILE,2.62,,CDR2_CANAL,pocket5,replica_1
CDR2_CANAL_prepared_Milbemycin_pocket5_complex_recombined_complex_explicit_stripped_initial_frame,Hydrophobic,1203ILE,1.78,,CDR2_CANAL,pocket5,replica_1
CDR2_CANAL_prepared_Milbemycin_pocket5_complex_recombined_complex_explicit_stripped_initial_frame,Hydrophobic,1207LEU,1.86,,CDR2_CANAL,pocket5,replica_1
CDR2_CANAL_prepared_Milbemycin_pocket5_complex_recombined_complex_explicit_stripped_final_frame,Hydrophobic,660VAL,3.66,,CDR2_CANAL,pocket5,replica_1
CDR2_CANAL_prepared_Milbemycin_pocket5_complex_recombined_complex_explicit_stripped_final_frame,Hydrophobic,664ALA,3.82,,CDR2_CANAL,pocket5,replica_1
CDR2_CANAL_prepared_Milbemycin_pocket5_complex_recombined_complex_explicit_stripped_final_frame,Hydrophobic,1207LEU,3.93,,CDR2_CANAL,pocket5,replica_1
CDR2_CANAL_prepared_Milbemycin_pocket5_complex_recombined_complex_explicit_stripped_final_frame,Hydrophobic,1208PHE,3.95,,CDR2_CANAL,pocket5,replica_1
CDR2_CANAL_prepared_Milbemycin_pocket3_complex_recombined_complex_explicit_stripped_final_frame,HydrogenBond,187PRO,3.37,O2->O3,CDR2_CANAL,pocket3,replica_1
CDR2_CANAL_prepared_Milbemycin_pocket3_complex_recombined_complex_explicit_stripped_final_frame,HydrogenBond,326ASN,3.51,O2->O3,CDR2_CANAL,pocket3,replica_1
CDR2_CANAL_prepared_Milbemycin_pocket3_complex_recombined_complex_explicit_stripped_final_frame,HydrogenBond,827TYR,4.01,O3->Nam,CDR2_CANAL,pocket3,replica_1
CDR2_CANAL_prepared_Milbemycin_pocket3_complex_recombined_complex_explicit_stripped_final_frame,HydrogenBond,329ARG,3.33,O3->Ng+,CDR2_CANAL,pocket3,replica_1
CDR2_CANAL_prepared_Milbemycin_pocket3_complex_recombined_complex_explicit_stripped_final_frame,HydrogenBond,326ASN,2.82,O3->Nam,CDR2_CANAL,pocket3,replica_1
CDR2_CANAL_prepared_Milbemycin_pocket3_complex_recombined_complex_explicit_stripped_final_frame,Hydrophobic,134ASP,3.77,,CDR2_CANAL,pocket3,replica_1
CDR2_CANAL_prepared_Milbemycin_pocket3_complex_recombined_complex_explicit_stripped_final_frame,Hydrophobic,792GLU,3.97,,CDR2_CANAL,pocket3,replica_1
CDR2_CANAL_prepared_Milbemycin_pocket3_complex_recombined_complex_explicit_stripped_final_frame,Hydrophobic,792GLU,3.85,,CDR2_CANAL,pocket3,replica_1
CDR2_CANAL_prepared_Milbemycin_pocket3_complex_recombined_complex_explicit_stripped_final_frame,Hydrophobic,794VAL,3.37,,CDR2_CANAL,pocket3,replica_1
CDR2_CANAL_prepared_Milbemycin_pocket3_complex_recombined_complex_explicit_stripped_final_frame,Hydrophobic,827TYR,3.88,,CDR2_CANAL,pocket3,replica_1
CDR2_CANAL_prepared_Milbemycin_pocket3_complex_recombined_complex_explicit_stripped_final_frame,Hydrophobic,827TYR,3.56,,CDR2_CANAL,pocket3,replica_1
CDR2_CANAL_prepared_Milbemycin_pocket3_complex_recombined_complex_explicit_stripped_final_frame,Hydrophobic,1000ASN,3.61,,CDR2_CANAL,pocket3,replica_1
CDR2_CANAL_prepared_Milbemycin_pocket3_complex_recombined_complex_explicit_stripped_initial_frame,HydrogenBond,791GLY,4.07,O3->Nam,CDR2_CANAL,pocket3,replica_1
CDR2_CANAL_prepared_Milbemycin_pocket3_complex_recombined_complex_explicit_stripped_initial_frame,HydrogenBond,792GLU,3.72,O3->Nam,CDR2_CANAL,pocket3,replica_1
CDR2_CANAL_prepared_Milbemycin_pocket3_complex_recombined_complex_explicit_stripped_initial_frame,Hydrophobic,167ILE,3.87,,CDR2_CANAL,pocket3,replica_1
CDR2_CANAL_prepared_Milbemycin_pocket3_complex_recombined_complex_explicit_stripped_initial_frame,Hydrophobic,792GLU,3.27,,CDR2_CANAL,pocket3,replica_1
CDR2_CANAL_prepared_Milbemycin_pocket3_complex_recombined_complex_explicit_stripped_initial_frame,Hydrophobic,167ILE,2.98,,CDR2_CANAL,pocket3,replica_1
CDR2_CANAL_prepared_Milbemycin_pocket3_complex_recombined_complex_explicit_stripped_initial_frame,Hydrophobic,794VAL,2.21,,CDR2_CANAL,pocket3,replica_1
CDR2_CANAL_prepared_Milbemycin_pocket12_complex_recombined_complex_explicit_stripped_final_frame,HydrogenBond,1256GLU,2.53,O2->O3,CDR2_CANAL,pocket12,replica_1
CDR2_CANAL_prepared_Milbemycin_pocket12_complex_recombined_complex_explicit_stripped_final_frame,HydrogenBond,1339GLU,3.9,O2->O3,CDR2_CANAL,pocket12,replica_1
CDR2_CANAL_prepared_Milbemycin_pocket12_complex_recombined_complex_explicit_stripped_final_frame,Hydrophobic,1257VAL,3.38,,CDR2_CANAL,pocket12,replica_1
CDR2_CANAL_prepared_Milbemycin_pocket12_complex_recombined_complex_explicit_stripped_final_frame,Hydrophobic,1489PRO,3.9,,CDR2_CANAL,pocket12,replica_1
CDR2_CANAL_prepared_Milbemycin_pocket12_complex_recombined_complex_explicit_stripped_final_frame,Hydrophobic,909ARG,3.82,,CDR2_CANAL,pocket12,replica_1
CDR2_CANAL_prepared_Milbemycin_pocket12_complex_recombined_complex_explicit_stripped_initial_frame,Hydrophobic,1256GLU,3.72,,CDR2_CANAL,pocket12,replica_1
CDR2_CANAL_prepared_Milbemycin_pocket12_complex_recombined_complex_explicit_stripped_initial_frame,Hydrophobic,1257VAL,3.81,,CDR2_CANAL,pocket12,replica_1
CDR2_CANAL_prepared_Milbemycin_pocket12_complex_recombined_complex_explicit_stripped_initial_frame,Hydrophobic,1260ALA,2.85,,CDR2_CANAL,pocket12,replica_1
CDR2_CANAL_prepared_Milbemycin_pocket12_complex_recombined_complex_explicit_stripped_initial_frame,Hydrophobic,1261PRO,2.15,,CDR2_CANAL,pocket12,replica_1
CDR2_CANAL_prepared_Milbemycin_pocket14_complex_recombined_complex_explicit_stripped_final_frame,Hydrophobic,768ALA,3.9,,CDR2_CANAL,pocket14,replica_1
CDR2_CANAL_prepared_Milbemycin_pocket14_complex_recombined_complex_explicit_stripped_final_frame,Hydrophobic,769PHE,3.62,,CDR2_CANAL,pocket14,replica_1
CDR2_CANAL_prepared_Milbemycin_pocket14_complex_recombined_complex_explicit_stripped_final_frame,Hydrophobic,772PHE,3.23,,CDR2_CANAL,pocket14,replica_1
CDR2_CANAL_prepared_Milbemycin_pocket14_complex_recombined_complex_explicit_stripped_initial_frame,Hydrophobic,688ILE,1.09,,CDR2_CANAL,pocket14,replica_1
CDR2_CANAL_prepared_Milbemycin_pocket14_complex_recombined_complex_explicit_stripped_initial_frame,Hydrophobic,688ILE,1.82,,CDR2_CANAL,pocket14,replica_1
CDR2_CANAL_prepared_Milbemycin_pocket14_complex_recombined_complex_explicit_stripped_initial_frame,Hydrophobic,769PHE,3.91,,CDR2_CANAL,pocket14,replica_1
CDR2_CANAL_prepared_Milbemycin_pocket14_complex_recombined_complex_explicit_stripped_initial_frame,Hydrophobic,769PHE,2.85,,CDR2_CANAL,pocket14,replica_1
CDR2_CANAL_prepared_Milbemycin_pocket14_complex_recombined_complex_explicit_stripped_initial_frame,Hydrophobic,772PHE,2.49,,CDR2_CANAL,pocket14,replica_1
CDR2_CANAL_prepared_Milbemycin_pocket14_complex_recombined_complex_explicit_stripped_initial_frame,Hydrophobic,688ILE,0.65,,CDR2_CANAL,pocket14,replica_1
CDR2_CANAL_prepared_Milbemycin_pocket14_complex_recombined_complex_explicit_stripped_initial_frame,Hydrophobic,769PHE,3.9,,CDR2_CANAL,pocket14,replica_1
CDR2_CANAL_prepared_Milbemycin_pocket14_complex_recombined_complex_explicit_stripped_initial_frame,Hydrophobic,772PHE,1.3,,CDR2_CANAL,pocket14,replica_1
CDR2_CANAL_prepared_Milbemycin_pocket14_complex_recombined_complex_explicit_stripped_initial_frame,Hydrophobic,772PHE,2.21,,CDR2_CANAL,pocket14,replica_1
CDR2_CANAL_prepared_Milbemycin_pocket14_complex_recombined_complex_explicit_stripped_initial_frame,Hydrophobic,772PHE,2.28,,CDR2_CANAL,pocket14,replica_1
CDR2_CANAL_prepared_Milbemycin_pocket2_complex_recombined_complex_explicit_stripped_initial_frame,Hydrophobic,526ILE,3.8,,CDR2_CANAL,pocket2,replica_1
CDR2_CANAL_prepared_Milbemycin_pocket2_complex_recombined_complex_explicit_stripped_initial_frame,Hydrophobic,1347LEU,2.64,,CDR2_CANAL,pocket2,replica_1
CDR2_CANAL_prepared_Milbemycin_pocket2_complex_recombined_complex_explicit_stripped_initial_frame,Hydrophobic,1350THR,2.37,,CDR2_CANAL,pocket2,replica_1
CDR2_CANAL_prepared_Milbemycin_pocket2_complex_recombined_complex_explicit_stripped_initial_frame,Hydrophobic,1351LEU,3.44,,CDR2_CANAL,pocket2,replica_1
CDR2_CANAL_prepared_Milbemycin_pocket2_complex_recombined_complex_explicit_stripped_final_frame,Hydrophobic,1337LEU,3.91,,CDR2_CANAL,pocket2,replica_1
CDR2_CANAL_prepared_Milbemycin_pocket2_complex_recombined_complex_explicit_stripped_final_frame,Hydrophobic,1346ASN,3.83,,CDR2_CANAL,pocket2,replica_1
CDR2_CANAL_prepared_Milbemycin_pocket2_complex_recombined_complex_explicit_stripped_final_frame,Hydrophobic,1347LEU,3.85,,CDR2_CANAL,pocket2,replica_1
CDR2_CANAL_prepared_Milbemycin_pocket2_complex_recombined_complex_explicit_stripped_final_frame,Hydrophobic,1347LEU,3.87,,CDR2_CANAL,pocket2,replica_1
CDR2_CANAL_prepared_Milbemycin_pocket2_complex_recombined_complex_explicit_stripped_final_frame,Hydrophobic,1482PHE,3.83,,CDR2_CANAL,pocket2,replica_1
AFR1_prepared_Milbemycin_pocket10_complex_recombined_complex_explicit_stripped_initial_frame,HydrogenBond,576GLN,3.58,O3->Nam,AFR1,pocket10,replica_1
AFR1_prepared_Milbemycin_pocket10_complex_recombined_complex_explicit_stripped_initial_frame,Hydrophobic,313LEU,3.04,,AFR1,pocket10,replica_1
AFR1_prepared_Milbemycin_pocket10_complex_recombined_complex_explicit_stripped_initial_frame,Hydrophobic,575ARG,3.9,,AFR1,pocket10,replica_1
AFR1_prepared_Milbemycin_pocket10_complex_recombined_complex_explicit_stripped_initial_frame,Hydrophobic,576GLN,2.8,,AFR1,pocket10,replica_1
AFR1_prepared_Milbemycin_pocket10_complex_recombined_complex_explicit_stripped_initial_frame,Hydrophobic,579LEU,2.36,,AFR1,pocket10,replica_1
AFR1_prepared_Milbemycin_pocket10_complex_recombined_complex_explicit_stripped_initial_frame,Hydrophobic,642LEU,3.63,,AFR1,pocket10,replica_1
AFR1_prepared_Milbemycin_pocket10_complex_recombined_complex_explicit_stripped_initial_frame,Hydrophobic,642LEU,3.33,,AFR1,pocket10,replica_1
AFR1_prepared_Milbemycin_pocket10_complex_recombined_complex_explicit_stripped_initial_frame,Hydrophobic,19ALA,3.16,,AFR1,pocket10,replica_1
AFR1_prepared_Milbemycin_pocket10_complex_recombined_complex_explicit_stripped_initial_frame,Hydrophobic,313LEU,1.65,,AFR1,pocket10,replica_1
AFR1_prepared_Milbemycin_pocket10_complex_recombined_complex_explicit_stripped_initial_frame,Hydrophobic,579LEU,1.5,,AFR1,pocket10,replica_1
AFR1_prepared_Milbemycin_pocket10_complex_recombined_complex_explicit_stripped_initial_frame,Hydrophobic,646VAL,2.35,,AFR1,pocket10,replica_1
AFR1_prepared_Milbemycin_pocket10_complex_recombined_complex_explicit_stripped_final_frame,HydrogenBond,580LYS,2.88,O2->O3,AFR1,pocket10,replica_1
AFR1_prepared_Milbemycin_pocket10_complex_recombined_complex_explicit_stripped_final_frame,HydrogenBond,1392LEU,2.92,O2->O3,AFR1,pocket10,replica_1
AFR1_prepared_Milbemycin_pocket10_complex_recombined_complex_explicit_stripped_final_frame,HydrogenBond,576GLN,3.95,O3->Nam,AFR1,pocket10,replica_1
AFR1_prepared_Milbemycin_pocket10_complex_recombined_complex_explicit_stripped_final_frame,Hydrophobic,21THR,3.64,,AFR1,pocket10,replica_1
AFR1_prepared_Milbemycin_pocket10_complex_recombined_complex_explicit_stripped_final_frame,Hydrophobic,313LEU,3.94,,AFR1,pocket10,replica_1
AFR1_prepared_Milbemycin_pocket10_complex_recombined_complex_explicit_stripped_final_frame,Hydrophobic,314PRO,3.94,,AFR1,pocket10,replica_1
AFR1_prepared_Milbemycin_pocket10_complex_recombined_complex_explicit_stripped_final_frame,Hydrophobic,583ASP,3.7,,AFR1,pocket10,replica_1
AFR1_prepared_Milbemycin_pocket10_complex_recombined_complex_explicit_stripped_final_frame,Hydrophobic,661PHE,3.46,,AFR1,pocket10,replica_1
AFR1_prepared_Milbemycin_pocket10_complex_recombined_complex_explicit_stripped_final_frame,Hydrophobic,642LEU,3.78,,AFR1,pocket10,replica_1
AFR1_prepared_Milbemycin_pocket4_complex_recombined_complex_explicit_stripped_initial_frame,Hydrophobic,738PHE,3.23,,AFR1,pocket4,replica_1
AFR1_prepared_Milbemycin_pocket4_complex_recombined_complex_explicit_stripped_initial_frame,Hydrophobic,756LEU,2.79,,AFR1,pocket4,replica_1
AFR1_prepared_Milbemycin_pocket4_complex_recombined_complex_explicit_stripped_initial_frame,Hydrophobic,759ILE,3.75,,AFR1,pocket4,replica_1
AFR1_prepared_Milbemycin_pocket4_complex_recombined_complex_explicit_stripped_initial_frame,Hydrophobic,1269LEU,3.01,,AFR1,pocket4,replica_1
AFR1_prepared_Milbemycin_pocket4_complex_recombined_complex_explicit_stripped_initial_frame,Hydrophobic,1269LEU,3.39,,AFR1,pocket4,replica_1
AFR1_prepared_Milbemycin_pocket4_complex_recombined_complex_explicit_stripped_initial_frame,Hydrophobic,738PHE,1.9,,AFR1,pocket4,replica_1
AFR1_prepared_Milbemycin_pocket4_complex_recombined_complex_explicit_stripped_initial_frame,Hydrophobic,758TRP,2.06,,AFR1,pocket4,replica_1
AFR1_prepared_Milbemycin_pocket4_complex_recombined_complex_explicit_stripped_initial_frame,Hydrophobic,762LEU,2.08,,AFR1,pocket4,replica_1
AFR1_prepared_Milbemycin_pocket4_complex_recombined_complex_explicit_stripped_final_frame,Hydrophobic,731LEU,3.69,,AFR1,pocket4,replica_1
AFR1_prepared_Milbemycin_pocket4_complex_recombined_complex_explicit_stripped_final_frame,Hydrophobic,734VAL,3.87,,AFR1,pocket4,replica_1
AFR1_prepared_Milbemycin_pocket4_complex_recombined_complex_explicit_stripped_final_frame,Hydrophobic,1258PHE,3.81,,AFR1,pocket4,replica_1
AFR1_prepared_Milbemycin_pocket8_complex_recombined_complex_explicit_stripped_initial_frame,HydrogenBond,788TYR,3.65,O3->O3,AFR1,pocket8,replica_1
AFR1_prepared_Milbemycin_pocket8_complex_recombined_complex_explicit_stripped_initial_frame,HydrogenBond,1501ALA,3.51,O2->O3,AFR1,pocket8,replica_1
AFR1_prepared_Milbemycin_pocket8_complex_recombined_complex_explicit_stripped_initial_frame,HydrogenBond,788TYR,3.78,O3->O3,AFR1,pocket8,replica_1
AFR1_prepared_Milbemycin_pocket8_complex_recombined_complex_explicit_stripped_initial_frame,HydrogenBond,1495GLN,3.86,O3->Nam,AFR1,pocket8,replica_1
AFR1_prepared_Milbemycin_pocket8_complex_recombined_complex_explicit_stripped_initial_frame,HydrogenBond,1496TYR,3.67,O3->O3,AFR1,pocket8,replica_1
AFR1_prepared_Milbemycin_pocket8_complex_recombined_complex_explicit_stripped_initial_frame,Hydrophobic,616PHE,2.74,,AFR1,pocket8,replica_1
AFR1_prepared_Milbemycin_pocket8_complex_recombined_complex_explicit_stripped_initial_frame,Hydrophobic,616PHE,3.18,,AFR1,pocket8,replica_1
AFR1_prepared_Milbemycin_pocket8_complex_recombined_complex_explicit_stripped_initial_frame,Hydrophobic,829TYR,4.0,,AFR1,pocket8,replica_1
AFR1_prepared_Milbemycin_pocket8_complex_recombined_complex_explicit_stripped_initial_frame,Hydrophobic,1286PHE,3.89,,AFR1,pocket8,replica_1
AFR1_prepared_Milbemycin_pocket8_complex_recombined_complex_explicit_stripped_initial_frame,Hydrophobic,1502PHE,3.33,,AFR1,pocket8,replica_1
AFR1_prepared_Milbemycin_pocket8_complex_recombined_complex_explicit_stripped_initial_frame,Hydrophobic,615ALA,3.96,,AFR1,pocket8,replica_1
AFR1_prepared_Milbemycin_pocket8_complex_recombined_complex_explicit_stripped_initial_frame,Hydrophobic,616PHE,2.68,,AFR1,pocket8,replica_1
AFR1_prepared_Milbemycin_pocket8_complex_recombined_complex_explicit_stripped_initial_frame,Hydrophobic,788TYR,1.74,,AFR1,pocket8,replica_1
AFR1_prepared_Milbemycin_pocket8_complex_recombined_complex_explicit_stripped_initial_frame,Hydrophobic,814ILE,2.22,,AFR1,pocket8,replica_1
AFR1_prepared_Milbemycin_pocket8_complex_recombined_complex_explicit_stripped_initial_frame,Hydrophobic,1502PHE,2.18,,AFR1,pocket8,replica_1
AFR1_prepared_Milbemycin_pocket8_complex_recombined_complex_explicit_stripped_initial_frame,Hydrophobic,1502PHE,2.34,,AFR1,pocket8,replica_1
AFR1_prepared_Milbemycin_pocket8_complex_recombined_complex_explicit_stripped_initial_frame,Hydrophobic,1506LEU,3.71,,AFR1,pocket8,replica_1
AFR1_prepared_Milbemycin_pocket8_complex_recombined_complex_explicit_stripped_final_frame,HydrogenBond,1505PRO,3.22,O2->O3,AFR1,pocket8,replica_1
AFR1_prepared_Milbemycin_pocket8_complex_recombined_complex_explicit_stripped_final_frame,HydrogenBond,788TYR,3.61,O3->O3,AFR1,pocket8,replica_1
AFR1_prepared_Milbemycin_pocket8_complex_recombined_complex_explicit_stripped_final_frame,Hydrophobic,616PHE,3.42,,AFR1,pocket8,replica_1
AFR1_prepared_Milbemycin_pocket8_complex_recombined_complex_explicit_stripped_final_frame,Hydrophobic,616PHE,3.58,,AFR1,pocket8,replica_1
AFR1_prepared_Milbemycin_pocket8_complex_recombined_complex_explicit_stripped_final_frame,Hydrophobic,616PHE,3.94,,AFR1,pocket8,replica_1
AFR1_prepared_Milbemycin_pocket8_complex_recombined_complex_explicit_stripped_final_frame,Hydrophobic,788TYR,3.49,,AFR1,pocket8,replica_1
AFR1_prepared_Milbemycin_pocket8_complex_recombined_complex_explicit_stripped_final_frame,Hydrophobic,788TYR,3.95,,AFR1,pocket8,replica_1
AFR1_prepared_Milbemycin_pocket8_complex_recombined_complex_explicit_stripped_final_frame,Hydrophobic,1502PHE,3.69,,AFR1,pocket8,replica_1
AFR1_prepared_Milbemycin_pocket8_complex_recombined_complex_explicit_stripped_final_frame,Hydrophobic,815PHE,3.81,,AFR1,pocket8,replica_1
AFR1_prepared_Milbemycin_pocket7_complex_recombined_complex_explicit_stripped_initial_frame,Hydrophobic,596ILE,3.73,,AFR1,pocket7,replica_1
AFR1_prepared_Milbemycin_pocket7_complex_recombined_complex_explicit_stripped_initial_frame,Hydrophobic,1397PHE,3.55,,AFR1,pocket7,replica_1
AFR1_prepared_Milbemycin_pocket7_complex_recombined_complex_explicit_stripped_initial_frame,Hydrophobic,1397PHE,3.62,,AFR1,pocket7,replica_1
AFR1_prepared_Milbemycin_pocket7_complex_recombined_complex_explicit_stripped_initial_frame,Hydrophobic,1400PHE,1.65,,AFR1,pocket7,replica_1
AFR1_prepared_Milbemycin_pocket7_complex_recombined_complex_explicit_stripped_initial_frame,Hydrophobic,1400PHE,3.13,,AFR1,pocket7,replica_1
AFR1_prepared_Milbemycin_pocket7_complex_recombined_complex_explicit_stripped_initial_frame,Hydrophobic,1401LEU,3.43,,AFR1,pocket7,replica_1
AFR1_prepared_Milbemycin_pocket7_complex_recombined_complex_explicit_stripped_initial_frame,Hydrophobic,1429LEU,3.27,,AFR1,pocket7,replica_1
AFR1_prepared_Milbemycin_pocket7_complex_recombined_complex_explicit_stripped_initial_frame,Hydrophobic,1526PHE,3.71,,AFR1,pocket7,replica_1
AFR1_prepared_Milbemycin_pocket7_complex_recombined_complex_explicit_stripped_initial_frame,Hydrophobic,1387LEU,2.34,,AFR1,pocket7,replica_1
AFR1_prepared_Milbemycin_pocket7_complex_recombined_complex_explicit_stripped_initial_frame,Hydrophobic,1397PHE,2.34,,AFR1,pocket7,replica_1
AFR1_prepared_Milbemycin_pocket7_complex_recombined_complex_explicit_stripped_initial_frame,Hydrophobic,1400PHE,1.98,,AFR1,pocket7,replica_1
AFR1_prepared_Milbemycin_pocket7_complex_recombined_complex_explicit_stripped_final_frame,Hydrophobic,1384VAL,3.52,,AFR1,pocket7,replica_1
AFR1_prepared_Milbemycin_pocket7_complex_recombined_complex_explicit_stripped_final_frame,Hydrophobic,1397PHE,3.46,,AFR1,pocket7,replica_1
AFR1_prepared_Milbemycin_pocket7_complex_recombined_complex_explicit_stripped_final_frame,Hydrophobic,1397PHE,3.34,,AFR1,pocket7,replica_1
AFR1_prepared_Milbemycin_pocket7_complex_recombined_complex_explicit_stripped_final_frame,Hydrophobic,1400PHE,3.67,,AFR1,pocket7,replica_1
AFR1_prepared_Milbemycin_pocket7_complex_recombined_complex_explicit_stripped_final_frame,Hydrophobic,1429LEU,3.65,,AFR1,pocket7,replica_1
AFR1_prepared_Milbemycin_pocket7_complex_recombined_complex_explicit_stripped_final_frame,Hydrophobic,1530VAL,3.84,,AFR1,pocket7,replica_1
AFR1_prepared_Milbemycin_pocket1_complex_recombined_complex_explicit_stripped_final_frame,HydrogenBond,1399PRO,3.69,O2->O3,AFR1,pocket1,replica_1
AFR1_prepared_Milbemycin_pocket1_complex_recombined_complex_explicit_stripped_final_frame,Hydrophobic,597ILE,3.96,,AFR1,pocket1,replica_1
AFR1_prepared_Milbemycin_pocket1_complex_recombined_complex_explicit_stripped_final_frame,Hydrophobic,623PHE,3.88,,AFR1,pocket1,replica_1
AFR1_prepared_Milbemycin_pocket1_complex_recombined_complex_explicit_stripped_final_frame,Hydrophobic,627LEU,3.97,,AFR1,pocket1,replica_1
AFR1_prepared_Milbemycin_pocket1_complex_recombined_complex_explicit_stripped_final_frame,Hydrophobic,627LEU,3.92,,AFR1,pocket1,replica_1
AFR1_prepared_Milbemycin_pocket1_complex_recombined_complex_explicit_stripped_final_frame,Hydrophobic,628PHE,3.59,,AFR1,pocket1,replica_1
AFR1_prepared_Milbemycin_pocket1_complex_recombined_complex_explicit_stripped_final_frame,Hydrophobic,632THR,3.96,,AFR1,pocket1,replica_1
AFR1_prepared_Milbemycin_pocket1_complex_recombined_complex_explicit_stripped_final_frame,Hydrophobic,736ILE,3.67,,AFR1,pocket1,replica_1
AFR1_prepared_Milbemycin_pocket1_complex_recombined_complex_explicit_stripped_final_frame,Hydrophobic,1399PRO,3.72,,AFR1,pocket1,replica_1
AFR1_prepared_Milbemycin_pocket1_complex_recombined_complex_explicit_stripped_final_frame,Hydrophobic,1403VAL,3.92,,AFR1,pocket1,replica_1
AFR1_prepared_Milbemycin_pocket1_complex_recombined_complex_explicit_stripped_final_frame,Hydrophobic,1403VAL,3.98,,AFR1,pocket1,replica_1
AFR1_prepared_Milbemycin_pocket1_complex_recombined_complex_explicit_stripped_final_frame,Hydrophobic,1296ALA,3.66,,AFR1,pocket1,replica_1
AFR1_prepared_Milbemycin_pocket1_complex_recombined_complex_explicit_stripped_initial_frame,HydrogenBond,1292THR,2.7,O2->O3,AFR1,pocket1,replica_1
AFR1_prepared_Milbemycin_pocket1_complex_recombined_complex_explicit_stripped_initial_frame,HydrogenBond,1292THR,2.84,O3->O3,AFR1,pocket1,replica_1
AFR1_prepared_Milbemycin_pocket1_complex_recombined_complex_explicit_stripped_initial_frame,HydrogenBond,1296ALA,3.81,O3->Nam,AFR1,pocket1,replica_1
AFR1_prepared_Milbemycin_pocket1_complex_recombined_complex_explicit_stripped_initial_frame,Hydrophobic,628PHE,3.98,,AFR1,pocket1,replica_1
AFR1_prepared_Milbemycin_pocket1_complex_recombined_complex_explicit_stripped_initial_frame,Hydrophobic,630ALA,3.42,,AFR1,pocket1,replica_1
AFR1_prepared_Milbemycin_pocket1_complex_recombined_complex_explicit_stripped_initial_frame,Hydrophobic,1289PHE,3.92,,AFR1,pocket1,replica_1
AFR1_prepared_Milbemycin_pocket1_complex_recombined_complex_explicit_stripped_initial_frame,Hydrophobic,1300ALA,3.67,,AFR1,pocket1,replica_1
AFR1_prepared_Milbemycin_pocket1_complex_recombined_complex_explicit_stripped_initial_frame,Hydrophobic,1402LEU,3.18,,AFR1,pocket1,replica_1
AFR1_prepared_Milbemycin_pocket1_complex_recombined_complex_explicit_stripped_initial_frame,Hydrophobic,1402LEU,3.01,,AFR1,pocket1,replica_1
AFR1_prepared_Milbemycin_pocket1_complex_recombined_complex_explicit_stripped_initial_frame,Hydrophobic,628PHE,3.32,,AFR1,pocket1,replica_1
AFR1_prepared_Milbemycin_pocket1_complex_recombined_complex_explicit_stripped_initial_frame,Hydrophobic,631LEU,2.46,,AFR1,pocket1,replica_1
AFR1_prepared_Milbemycin_pocket1_complex_recombined_complex_explicit_stripped_initial_frame,Hydrophobic,634PHE,2.58,,AFR1,pocket1,replica_1
AFR1_prepared_Milbemycin_pocket1_complex_recombined_complex_explicit_stripped_initial_frame,Hydrophobic,1296ALA,0.94,,AFR1,pocket1,replica_1
AFR1_prepared_Milbemycin_pocket1_complex_recombined_complex_explicit_stripped_initial_frame,Hydrophobic,1402LEU,2.67,,AFR1,pocket1,replica_1
AFR1_prepared_Milbemycin_pocket11_complex_recombined_complex_explicit_stripped_final_frame,HydrogenBond,1060SER,2.98,O3->O3,AFR1,pocket11,replica_1
AFR1_prepared_Milbemycin_pocket11_complex_recombined_complex_explicit_stripped_final_frame,HydrogenBond,401ARG,3.21,O3->Ng+,AFR1,pocket11,replica_1
AFR1_prepared_Milbemycin_pocket11_complex_recombined_complex_explicit_stripped_final_frame,Hydrophobic,265THR,3.65,,AFR1,pocket11,replica_1
AFR1_prepared_Milbemycin_pocket11_complex_recombined_complex_explicit_stripped_final_frame,Hydrophobic,1061VAL,3.73,,AFR1,pocket11,replica_1
AFR1_prepared_Milbemycin_pocket11_complex_recombined_complex_explicit_stripped_final_frame,Hydrophobic,261GLU,3.73,,AFR1,pocket11,replica_1
AFR1_prepared_Milbemycin_pocket11_complex_recombined_complex_explicit_stripped_final_frame,Hydrophobic,308GLU,3.98,,AFR1,pocket11,replica_1
AFR1_prepared_Milbemycin_pocket11_complex_recombined_complex_explicit_stripped_initial_frame,HydrogenBond,1058GLY,3.13,O2->O3,AFR1,pocket11,replica_1
AFR1_prepared_Milbemycin_pocket11_complex_recombined_complex_explicit_stripped_initial_frame,HydrogenBond,265THR,3.86,O3->Nam,AFR1,pocket11,replica_1
AFR1_prepared_Milbemycin_pocket11_complex_recombined_complex_explicit_stripped_initial_frame,HydrogenBond,874SER,2.62,O3->O3,AFR1,pocket11,replica_1
AFR1_prepared_Milbemycin_pocket11_complex_recombined_complex_explicit_stripped_initial_frame,Hydrophobic,261GLU,2.82,,AFR1,pocket11,replica_1
AFR1_prepared_Milbemycin_pocket11_complex_recombined_complex_explicit_stripped_initial_frame,Hydrophobic,262ALA,3.41,,AFR1,pocket11,replica_1
AFR1_prepared_Milbemycin_pocket11_complex_recombined_complex_explicit_stripped_initial_frame,Hydrophobic,269LYS,3.81,,AFR1,pocket11,replica_1
AFR1_prepared_Milbemycin_pocket11_complex_recombined_complex_explicit_stripped_initial_frame,Hydrophobic,305TYR,3.48,,AFR1,pocket11,replica_1
AFR1_prepared_Milbemycin_pocket11_complex_recombined_complex_explicit_stripped_initial_frame,Hydrophobic,1056ASN,3.84,,AFR1,pocket11,replica_1
AFR1_prepared_Milbemycin_pocket11_complex_recombined_complex_explicit_stripped_initial_frame,Hydrophobic,260PRO,2.03,,AFR1,pocket11,replica_1
AFR1_prepared_Milbemycin_pocket11_complex_recombined_complex_explicit_stripped_initial_frame,Hydrophobic,261GLU,2.94,,AFR1,pocket11,replica_1
AFR1_prepared_Milbemycin_pocket11_complex_recombined_complex_explicit_stripped_initial_frame,Hydrophobic,265THR,2.09,,AFR1,pocket11,replica_1
AFR1_prepared_Milbemycin_pocket11_complex_recombined_complex_explicit_stripped_initial_frame,Hydrophobic,397ASP,3.41,,AFR1,pocket11,replica_1
AFR1_prepared_Milbemycin_pocket13_complex_recombined_complex_explicit_stripped_initial_frame,HydrogenBond,526ARG,3.63,O3->Ng+,AFR1,pocket13,replica_1
AFR1_prepared_Milbemycin_pocket13_complex_recombined_complex_explicit_stripped_initial_frame,Hydrophobic,514ARG,3.15,,AFR1,pocket13,replica_1
AFR1_prepared_Milbemycin_pocket13_complex_recombined_complex_explicit_stripped_initial_frame,Hydrophobic,514ARG,3.56,,AFR1,pocket13,replica_1
AFR1_prepared_Milbemycin_pocket13_complex_recombined_complex_explicit_stripped_initial_frame,Hydrophobic,523THR,2.26,,AFR1,pocket13,replica_1
AFR1_prepared_Milbemycin_pocket13_complex_recombined_complex_explicit_stripped_initial_frame,Hydrophobic,527GLU,2.59,,AFR1,pocket13,replica_1
AFR1_prepared_Milbemycin_pocket15_complex_recombined_complex_explicit_stripped_initial_frame,HydrogenBond,526ARG,3.69,O3->Ng+,AFR1,pocket15,replica_1
AFR1_prepared_Milbemycin_pocket15_complex_recombined_complex_explicit_stripped_initial_frame,Hydrophobic,514ARG,3.21,,AFR1,pocket15,replica_1
AFR1_prepared_Milbemycin_pocket15_complex_recombined_complex_explicit_stripped_initial_frame,Hydrophobic,514ARG,3.61,,AFR1,pocket15,replica_1
AFR1_prepared_Milbemycin_pocket15_complex_recombined_complex_explicit_stripped_initial_frame,Hydrophobic,523THR,2.3,,AFR1,pocket15,replica_1
AFR1_prepared_Milbemycin_pocket15_complex_recombined_complex_explicit_stripped_initial_frame,Hydrophobic,527GLU,2.65,,AFR1,pocket15,replica_1
AFR1_prepared_Milbemycin_pocket15_complex_recombined_complex_explicit_stripped_final_frame,HydrogenBond,515GLU,3.08,O2->O3,AFR1,pocket15,replica_1
AFR1_prepared_Milbemycin_pocket15_complex_recombined_complex_explicit_stripped_final_frame,HydrogenBond,523THR,3.2,O3->O3,AFR1,pocket15,replica_1
AFR1_prepared_Milbemycin_pocket15_complex_recombined_complex_explicit_stripped_final_frame,HydrogenBond,523THR,3.2,O3->O3,AFR1,pocket15,replica_1
AFR1_prepared_Milbemycin_pocket9_complex_recombined_complex_explicit_stripped_final_frame,HydrogenBond,308GLU,2.52,O2->O3,AFR1,pocket9,replica_1
AFR1_prepared_Milbemycin_pocket9_complex_recombined_complex_explicit_stripped_final_frame,HydrogenBond,1058GLY,3.66,O2->O3,AFR1,pocket9,replica_1
AFR1_prepared_Milbemycin_pocket9_complex_recombined_complex_explicit_stripped_final_frame,Hydrophobic,265THR,3.51,,AFR1,pocket9,replica_1
AFR1_prepared_Milbemycin_pocket9_complex_recombined_complex_explicit_stripped_final_frame,Hydrophobic,872HIS,3.93,,AFR1,pocket9,replica_1
AFR1_prepared_Milbemycin_pocket9_complex_recombined_complex_explicit_stripped_initial_frame,HydrogenBond,1058GLY,3.16,O2->O3,AFR1,pocket9,replica_1
AFR1_prepared_Milbemycin_pocket9_complex_recombined_complex_explicit_stripped_initial_frame,HydrogenBond,265THR,3.87,O3->Nam,AFR1,pocket9,replica_1
AFR1_prepared_Milbemycin_pocket9_complex_recombined_complex_explicit_stripped_initial_frame,HydrogenBond,398ASN,3.23,O3->Nam,AFR1,pocket9,replica_1
AFR1_prepared_Milbemycin_pocket9_complex_recombined_complex_explicit_stripped_initial_frame,HydrogenBond,874SER,2.7,O3->O3,AFR1,pocket9,replica_1
AFR1_prepared_Milbemycin_pocket9_complex_recombined_complex_explicit_stripped_initial_frame,Hydrophobic,261GLU,2.9,,AFR1,pocket9,replica_1
AFR1_prepared_Milbemycin_pocket9_complex_recombined_complex_explicit_stripped_initial_frame,Hydrophobic,262ALA,3.38,,AFR1,pocket9,replica_1
AFR1_prepared_Milbemycin_pocket9_complex_recombined_complex_explicit_stripped_initial_frame,Hydrophobic,269LYS,3.89,,AFR1,pocket9,replica_1
AFR1_prepared_Milbemycin_pocket9_complex_recombined_complex_explicit_stripped_initial_frame,Hydrophobic,305TYR,3.47,,AFR1,pocket9,replica_1
AFR1_prepared_Milbemycin_pocket9_complex_recombined_complex_explicit_stripped_initial_frame,Hydrophobic,1056ASN,3.89,,AFR1,pocket9,replica_1
AFR1_prepared_Milbemycin_pocket9_complex_recombined_complex_explicit_stripped_initial_frame,Hydrophobic,260PRO,1.97,,AFR1,pocket9,replica_1
AFR1_prepared_Milbemycin_pocket9_complex_recombined_complex_explicit_stripped_initial_frame,Hydrophobic,261GLU,3.0,,AFR1,pocket9,replica_1
AFR1_prepared_Milbemycin_pocket9_complex_recombined_complex_explicit_stripped_initial_frame,Hydrophobic,265THR,2.1,,AFR1,pocket9,replica_1
AFR1_prepared_Milbemycin_pocket9_complex_recombined_complex_explicit_stripped_initial_frame,Hydrophobic,397ASP,3.36,,AFR1,pocket9,replica_1
AFR1_prepared_Milbemycin_pocket5_complex_recombined_complex_explicit_stripped_final_frame,HydrogenBond,1175GLU,2.66,O2->O3,AFR1,pocket5,replica_1
AFR1_prepared_Milbemycin_pocket5_complex_recombined_complex_explicit_stripped_final_frame,HydrogenBond,436GLY,3.28,O3->Nam,AFR1,pocket5,replica_1
AFR1_prepared_Milbemycin_pocket5_complex_recombined_complex_explicit_stripped_final_frame,Hydrophobic,88GLU,3.99,,AFR1,pocket5,replica_1
AFR1_prepared_Milbemycin_pocket5_complex_recombined_complex_explicit_stripped_final_frame,Hydrophobic,435GLU,3.93,,AFR1,pocket5,replica_1
AFR1_prepared_Milbemycin_pocket5_complex_recombined_complex_explicit_stripped_final_frame,Hydrophobic,1164PRO,3.95,,AFR1,pocket5,replica_1
AFR1_prepared_Milbemycin_pocket5_complex_recombined_complex_explicit_stripped_final_frame,Hydrophobic,1172PHE,3.88,,AFR1,pocket5,replica_1
AFR1_prepared_Milbemycin_pocket5_complex_recombined_complex_explicit_stripped_final_frame,Hydrophobic,1172PHE,3.53,,AFR1,pocket5,replica_1
AFR1_prepared_Milbemycin_pocket5_complex_recombined_complex_explicit_stripped_final_frame,SaltBridge,1182ARG,4.36,A↔A,AFR1,pocket5,replica_1
AFR1_prepared_Milbemycin_pocket5_complex_recombined_complex_explicit_stripped_initial_frame,HydrogenBond,1171GLU,2.75,O3->O3,AFR1,pocket5,replica_1
AFR1_prepared_Milbemycin_pocket5_complex_recombined_complex_explicit_stripped_initial_frame,HydrogenBond,87SER,3.25,O3->Nam,AFR1,pocket5,replica_1
AFR1_prepared_Milbemycin_pocket5_complex_recombined_complex_explicit_stripped_initial_frame,HydrogenBond,88GLU,3.7,O3->Nam,AFR1,pocket5,replica_1
AFR1_prepared_Milbemycin_pocket5_complex_recombined_complex_explicit_stripped_initial_frame,HydrogenBond,87SER,2.3,O3->O3,AFR1,pocket5,replica_1
AFR1_prepared_Milbemycin_pocket5_complex_recombined_complex_explicit_stripped_initial_frame,HydrogenBond,88GLU,3.98,O3->O3,AFR1,pocket5,replica_1
AFR1_prepared_Milbemycin_pocket5_complex_recombined_complex_explicit_stripped_initial_frame,HydrogenBond,1171GLU,2.75,O3->O3,AFR1,pocket5,replica_1
AFR1_prepared_Milbemycin_pocket5_complex_recombined_complex_explicit_stripped_initial_frame,HydrogenBond,1168ASN,2.66,O3->Nam,AFR1,pocket5,replica_1
AFR1_prepared_Milbemycin_pocket5_complex_recombined_complex_explicit_stripped_initial_frame,Hydrophobic,88GLU,3.8,,AFR1,pocket5,replica_1
AFR1_prepared_Milbemycin_pocket5_complex_recombined_complex_explicit_stripped_initial_frame,Hydrophobic,88GLU,3.02,,AFR1,pocket5,replica_1
AFR1_prepared_Milbemycin_pocket5_complex_recombined_complex_explicit_stripped_initial_frame,Hydrophobic,1164PRO,2.66,,AFR1,pocket5,replica_1
AFR1_prepared_Milbemycin_pocket5_complex_recombined_complex_explicit_stripped_initial_frame,Hydrophobic,1166ASP,2.57,,AFR1,pocket5,replica_1
AFR1_prepared_Milbemycin_pocket5_complex_recombined_complex_explicit_stripped_initial_frame,Hydrophobic,1167ALA,2.47,,AFR1,pocket5,replica_1
AFR1_prepared_Milbemycin_pocket5_complex_recombined_complex_explicit_stripped_initial_frame,SaltBridge,1182ARG,4.09,A↔A,AFR1,pocket5,replica_1
AFR1_prepared_Milbemycin_pocket3_complex_recombined_complex_explicit_stripped_initial_frame,HydrogenBond,788TYR,3.49,O3->O3,AFR1,pocket3,replica_1
AFR1_prepared_Milbemycin_pocket3_complex_recombined_complex_explicit_stripped_initial_frame,HydrogenBond,1501ALA,3.66,O2->O3,AFR1,pocket3,replica_1
AFR1_prepared_Milbemycin_pocket3_complex_recombined_complex_explicit_stripped_initial_frame,HydrogenBond,788TYR,3.69,O3->O3,AFR1,pocket3,replica_1
AFR1_prepared_Milbemycin_pocket3_complex_recombined_complex_explicit_stripped_initial_frame,HydrogenBond,1495GLN,3.9,O3->Nam,AFR1,pocket3,replica_1
AFR1_prepared_Milbemycin_pocket3_complex_recombined_complex_explicit_stripped_initial_frame,HydrogenBond,1496TYR,3.68,O3->O3,AFR1,pocket3,replica_1
AFR1_prepared_Milbemycin_pocket3_complex_recombined_complex_explicit_stripped_initial_frame,Hydrophobic,616PHE,2.65,,AFR1,pocket3,replica_1
AFR1_prepared_Milbemycin_pocket3_complex_recombined_complex_explicit_stripped_initial_frame,Hydrophobic,616PHE,3.21,,AFR1,pocket3,replica_1
AFR1_prepared_Milbemycin_pocket3_complex_recombined_complex_explicit_stripped_initial_frame,Hydrophobic,829TYR,3.89,,AFR1,pocket3,replica_1
AFR1_prepared_Milbemycin_pocket3_complex_recombined_complex_explicit_stripped_initial_frame,Hydrophobic,1286PHE,3.93,,AFR1,pocket3,replica_1
AFR1_prepared_Milbemycin_pocket3_complex_recombined_complex_explicit_stripped_initial_frame,Hydrophobic,1502PHE,3.47,,AFR1,pocket3,replica_1
AFR1_prepared_Milbemycin_pocket3_complex_recombined_complex_explicit_stripped_initial_frame,Hydrophobic,615ALA,3.84,,AFR1,pocket3,replica_1
AFR1_prepared_Milbemycin_pocket3_complex_recombined_complex_explicit_stripped_initial_frame,Hydrophobic,616PHE,2.63,,AFR1,pocket3,replica_1
AFR1_prepared_Milbemycin_pocket3_complex_recombined_complex_explicit_stripped_initial_frame,Hydrophobic,788TYR,1.71,,AFR1,pocket3,replica_1
AFR1_prepared_Milbemycin_pocket3_complex_recombined_complex_explicit_stripped_initial_frame,Hydrophobic,814ILE,2.14,,AFR1,pocket3,replica_1
AFR1_prepared_Milbemycin_pocket3_complex_recombined_complex_explicit_stripped_initial_frame,Hydrophobic,1502PHE,2.29,,AFR1,pocket3,replica_1
AFR1_prepared_Milbemycin_pocket3_complex_recombined_complex_explicit_stripped_initial_frame,Hydrophobic,1502PHE,2.44,,AFR1,pocket3,replica_1
AFR1_prepared_Milbemycin_pocket3_complex_recombined_complex_explicit_stripped_initial_frame,Hydrophobic,1506LEU,3.76,,AFR1,pocket3,replica_1
AFR1_prepared_Milbemycin_pocket3_complex_recombined_complex_explicit_stripped_final_frame,HydrogenBond,813SER,2.96,O3->O3,AFR1,pocket3,replica_1
AFR1_prepared_Milbemycin_pocket3_complex_recombined_complex_explicit_stripped_final_frame,HydrogenBond,787SER,4.09,O3->O3,AFR1,pocket3,replica_1
AFR1_prepared_Milbemycin_pocket3_complex_recombined_complex_explicit_stripped_final_frame,Hydrophobic,616PHE,3.96,,AFR1,pocket3,replica_1
AFR1_prepared_Milbemycin_pocket3_complex_recombined_complex_explicit_stripped_final_frame,Hydrophobic,616PHE,3.97,,AFR1,pocket3,replica_1
AFR1_prepared_Milbemycin_pocket3_complex_recombined_complex_explicit_stripped_final_frame,Hydrophobic,815PHE,3.74,,AFR1,pocket3,replica_1
AFR1_prepared_Milbemycin_pocket3_complex_recombined_complex_explicit_stripped_final_frame,Hydrophobic,1502PHE,3.65,,AFR1,pocket3,replica_1
AFR1_prepared_Milbemycin_pocket3_complex_recombined_complex_explicit_stripped_final_frame,Hydrophobic,1506LEU,3.68,,AFR1,pocket3,replica_1
AFR1_prepared_Milbemycin_pocket3_complex_recombined_complex_explicit_stripped_final_frame,Hydrophobic,1414PRO,3.62,,AFR1,pocket3,replica_1
AFR1_prepared_Milbemycin_pocket12_complex_recombined_complex_explicit_stripped_initial_frame,Hydrophobic,976VAL,3.92,,AFR1,pocket12,replica_1
AFR1_prepared_Milbemycin_pocket12_complex_recombined_complex_explicit_stripped_initial_frame,Hydrophobic,980ILE,3.14,,AFR1,pocket12,replica_1
AFR1_prepared_Milbemycin_pocket12_complex_recombined_complex_explicit_stripped_initial_frame,Hydrophobic,986PRO,3.93,,AFR1,pocket12,replica_1
AFR1_prepared_Milbemycin_pocket12_complex_recombined_complex_explicit_stripped_initial_frame,Hydrophobic,976VAL,3.43,,AFR1,pocket12,replica_1
AFR1_prepared_Milbemycin_pocket12_complex_recombined_complex_explicit_stripped_initial_frame,Hydrophobic,980ILE,2.58,,AFR1,pocket12,replica_1
AFR1_prepared_Milbemycin_pocket12_complex_recombined_complex_explicit_stripped_initial_frame,Hydrophobic,987ILE,1.86,,AFR1,pocket12,replica_1
AFR1_prepared_Milbemycin_pocket12_complex_recombined_complex_explicit_stripped_initial_frame,Hydrophobic,987ILE,2.36,,AFR1,pocket12,replica_1
AFR1_prepared_Milbemycin_pocket12_complex_recombined_complex_explicit_stripped_final_frame,HydrogenBond,972ASN,2.69,O2->O3,AFR1,pocket12,replica_1
AFR1_prepared_Milbemycin_pocket12_complex_recombined_complex_explicit_stripped_final_frame,HydrogenBond,972ASN,3.33,O3->Nam,AFR1,pocket12,replica_1
AFR1_prepared_Milbemycin_pocket12_complex_recombined_complex_explicit_stripped_final_frame,Hydrophobic,925TYR,3.73,,AFR1,pocket12,replica_1
AFR1_prepared_Milbemycin_pocket12_complex_recombined_complex_explicit_stripped_final_frame,Hydrophobic,966VAL,3.96,,AFR1,pocket12,replica_1
AFR1_prepared_Milbemycin_pocket14_complex_recombined_complex_explicit_stripped_final_frame,Hydrophobic,82LEU,3.91,,AFR1,pocket14,replica_1
AFR1_prepared_Milbemycin_pocket14_complex_recombined_complex_explicit_stripped_final_frame,Hydrophobic,108PHE,3.59,,AFR1,pocket14,replica_1
AFR1_prepared_Milbemycin_pocket14_complex_recombined_complex_explicit_stripped_initial_frame,HydrogenBond,112GLU,3.18,O3->O3,AFR1,pocket14,replica_1
AFR1_prepared_Milbemycin_pocket14_complex_recombined_complex_explicit_stripped_initial_frame,HydrogenBond,112GLU,3.18,O3->O3,AFR1,pocket14,replica_1
AFR1_prepared_Milbemycin_pocket14_complex_recombined_complex_explicit_stripped_initial_frame,Hydrophobic,166LEU,3.94,,AFR1,pocket14,replica_1
AFR1_prepared_Milbemycin_pocket14_complex_recombined_complex_explicit_stripped_initial_frame,Hydrophobic,108PHE,1.66,,AFR1,pocket14,replica_1
AFR1_prepared_Milbemycin_pocket14_complex_recombined_complex_explicit_stripped_initial_frame,Hydrophobic,109ALA,2.66,,AFR1,pocket14,replica_1
AFR1_prepared_Milbemycin_pocket14_complex_recombined_complex_explicit_stripped_initial_frame,Hydrophobic,163GLU,0.78,,AFR1,pocket14,replica_1
AFR1_prepared_Milbemycin_pocket2_complex_recombined_complex_explicit_stripped_final_frame,HydrogenBond,1399PRO,2.77,O2->O3,AFR1,pocket2,replica_1
AFR1_prepared_Milbemycin_pocket2_complex_recombined_complex_explicit_stripped_final_frame,HydrogenBond,632THR,3.46,O3->O3,AFR1,pocket2,replica_1
AFR1_prepared_Milbemycin_pocket2_complex_recombined_complex_explicit_stripped_final_frame,HydrogenBond,1403VAL,3.2,O3->Nam,AFR1,pocket2,replica_1
AFR1_prepared_Milbemycin_pocket2_complex_recombined_complex_explicit_stripped_final_frame,Hydrophobic,597ILE,3.38,,AFR1,pocket2,replica_1
AFR1_prepared_Milbemycin_pocket2_complex_recombined_complex_explicit_stripped_final_frame,Hydrophobic,631LEU,3.87,,AFR1,pocket2,replica_1
AFR1_prepared_Milbemycin_pocket2_complex_recombined_complex_explicit_stripped_final_frame,Hydrophobic,634PHE,3.85,,AFR1,pocket2,replica_1
AFR1_prepared_Milbemycin_pocket2_complex_recombined_complex_explicit_stripped_final_frame,Hydrophobic,1296ALA,3.73,,AFR1,pocket2,replica_1
AFR1_prepared_Milbemycin_pocket2_complex_recombined_complex_explicit_stripped_final_frame,Hydrophobic,1396LEU,3.67,,AFR1,pocket2,replica_1
AFR1_prepared_Milbemycin_pocket2_complex_recombined_complex_explicit_stripped_final_frame,Hydrophobic,1399PRO,3.96,,AFR1,pocket2,replica_1
AFR1_prepared_Milbemycin_pocket2_complex_recombined_complex_explicit_stripped_final_frame,Hydrophobic,1400PHE,4.0,,AFR1,pocket2,replica_1
AFR1_prepared_Milbemycin_pocket2_complex_recombined_complex_explicit_stripped_final_frame,Hydrophobic,1399PRO,3.43,,AFR1,pocket2,replica_1
AFR1_prepared_Milbemycin_pocket2_complex_recombined_complex_explicit_stripped_initial_frame,HydrogenBond,1292THR,2.77,O2->O3,AFR1,pocket2,replica_1
AFR1_prepared_Milbemycin_pocket2_complex_recombined_complex_explicit_stripped_initial_frame,HydrogenBond,1292THR,2.86,O3->O3,AFR1,pocket2,replica_1
AFR1_prepared_Milbemycin_pocket2_complex_recombined_complex_explicit_stripped_initial_frame,HydrogenBond,1296ALA,3.86,O3->Nam,AFR1,pocket2,replica_1
AFR1_prepared_Milbemycin_pocket2_complex_recombined_complex_explicit_stripped_initial_frame,Hydrophobic,628PHE,3.96,,AFR1,pocket2,replica_1
AFR1_prepared_Milbemycin_pocket2_complex_recombined_complex_explicit_stripped_initial_frame,Hydrophobic,630ALA,3.36,,AFR1,pocket2,replica_1
AFR1_prepared_Milbemycin_pocket2_complex_recombined_complex_explicit_stripped_initial_frame,Hydrophobic,1289PHE,3.91,,AFR1,pocket2,replica_1
AFR1_prepared_Milbemycin_pocket2_complex_recombined_complex_explicit_stripped_initial_frame,Hydrophobic,1300ALA,3.71,,AFR1,pocket2,replica_1
AFR1_prepared_Milbemycin_pocket2_complex_recombined_complex_explicit_stripped_initial_frame,Hydrophobic,1402LEU,3.24,,AFR1,pocket2,replica_1
AFR1_prepared_Milbemycin_pocket2_complex_recombined_complex_explicit_stripped_initial_frame,Hydrophobic,1402LEU,3.08,,AFR1,pocket2,replica_1
AFR1_prepared_Milbemycin_pocket2_complex_recombined_complex_explicit_stripped_initial_frame,Hydrophobic,628PHE,3.28,,AFR1,pocket2,replica_1
AFR1_prepared_Milbemycin_pocket2_complex_recombined_complex_explicit_stripped_initial_frame,Hydrophobic,631LEU,2.43,,AFR1,pocket2,replica_1
AFR1_prepared_Milbemycin_pocket2_complex_recombined_complex_explicit_stripped_initial_frame,Hydrophobic,634PHE,2.53,,AFR1,pocket2,replica_1
AFR1_prepared_Milbemycin_pocket2_complex_recombined_complex_explicit_stripped_initial_frame,Hydrophobic,1296ALA,0.95,,AFR1,pocket2,replica_1
AFR1_prepared_Milbemycin_pocket2_complex_recombined_complex_explicit_stripped_initial_frame,Hydrophobic,1402LEU,2.69,,AFR1,pocket2,replica_1
CIMG_06197_prepared_Milbemycin_pocket10_complex_recombined_complex_explicit_stripped_initial_frame,HydrogenBond,1241GLY,4.06,O3->Nam,CIMG_06197,pocket10,replica_1
CIMG_06197_prepared_Milbemycin_pocket10_complex_recombined_complex_explicit_stripped_initial_frame,HydrogenBond,470SER,3.41,O3->Nam,CIMG_06197,pocket10,replica_1
CIMG_06197_prepared_Milbemycin_pocket10_complex_recombined_complex_explicit_stripped_initial_frame,Hydrophobic,1181GLN,3.81,,CIMG_06197,pocket10,replica_1
CIMG_06197_prepared_Milbemycin_pocket10_complex_recombined_complex_explicit_stripped_initial_frame,Hydrophobic,1244LYS,3.48,,CIMG_06197,pocket10,replica_1
CIMG_06197_prepared_Milbemycin_pocket10_complex_recombined_complex_explicit_stripped_initial_frame,Hydrophobic,1268ALA,2.29,,CIMG_06197,pocket10,replica_1
CIMG_06197_prepared_Milbemycin_pocket10_complex_recombined_complex_explicit_stripped_final_frame,HydrogenBond,600ASP,2.59,O3->O3,CIMG_06197,pocket10,replica_1
CIMG_06197_prepared_Milbemycin_pocket10_complex_recombined_complex_explicit_stripped_final_frame,HydrogenBond,601GLU,2.76,O3->O3,CIMG_06197,pocket10,replica_1
CIMG_06197_prepared_Milbemycin_pocket10_complex_recombined_complex_explicit_stripped_final_frame,HydrogenBond,1244LYS,3.09,O3->N3+,CIMG_06197,pocket10,replica_1
CIMG_06197_prepared_Milbemycin_pocket10_complex_recombined_complex_explicit_stripped_final_frame,HydrogenBond,510SER,3.4,O3->O3,CIMG_06197,pocket10,replica_1
CIMG_06197_prepared_Milbemycin_pocket10_complex_recombined_complex_explicit_stripped_final_frame,HydrogenBond,466GLY,3.34,O3->Nam,CIMG_06197,pocket10,replica_1
CIMG_06197_prepared_Milbemycin_pocket10_complex_recombined_complex_explicit_stripped_final_frame,HydrogenBond,440ARG,3.37,O3->Ng+,CIMG_06197,pocket10,replica_1
CIMG_06197_prepared_Milbemycin_pocket10_complex_recombined_complex_explicit_stripped_final_frame,Hydrophobic,1235LYS,3.34,,CIMG_06197,pocket10,replica_1
CIMG_06197_prepared_Milbemycin_pocket10_complex_recombined_complex_explicit_stripped_final_frame,Hydrophobic,512GLU,3.62,,CIMG_06197,pocket10,replica_1
CIMG_06197_prepared_Milbemycin_pocket10_complex_recombined_complex_explicit_stripped_final_frame,Hydrophobic,601GLU,3.8,,CIMG_06197,pocket10,replica_1
CIMG_06197_prepared_Milbemycin_pocket4_complex_recombined_complex_explicit_stripped_initial_frame,Hydrophobic,233LEU,3.93,,CIMG_06197,pocket4,replica_1
CIMG_06197_prepared_Milbemycin_pocket4_complex_recombined_complex_explicit_stripped_initial_frame,Hydrophobic,233LEU,3.95,,CIMG_06197,pocket4,replica_1
CIMG_06197_prepared_Milbemycin_pocket4_complex_recombined_complex_explicit_stripped_initial_frame,Hydrophobic,388ALA,3.88,,CIMG_06197,pocket4,replica_1
CIMG_06197_prepared_Milbemycin_pocket4_complex_recombined_complex_explicit_stripped_initial_frame,Hydrophobic,391PHE,2.47,,CIMG_06197,pocket4,replica_1
CIMG_06197_prepared_Milbemycin_pocket4_complex_recombined_complex_explicit_stripped_initial_frame,Hydrophobic,391PHE,2.61,,CIMG_06197,pocket4,replica_1
CIMG_06197_prepared_Milbemycin_pocket4_complex_recombined_complex_explicit_stripped_initial_frame,Hydrophobic,87PHE,2.24,,CIMG_06197,pocket4,replica_1
CIMG_06197_prepared_Milbemycin_pocket4_complex_recombined_complex_explicit_stripped_initial_frame,Hydrophobic,384VAL,2.63,,CIMG_06197,pocket4,replica_1
CIMG_06197_prepared_Milbemycin_pocket4_complex_recombined_complex_explicit_stripped_initial_frame,Hydrophobic,387ASN,2.79,,CIMG_06197,pocket4,replica_1
CIMG_06197_prepared_Milbemycin_pocket4_complex_recombined_complex_explicit_stripped_initial_frame,Hydrophobic,391PHE,0.71,,CIMG_06197,pocket4,replica_1
CIMG_06197_prepared_Milbemycin_pocket4_complex_recombined_complex_explicit_stripped_final_frame,Hydrophobic,226VAL,3.87,,CIMG_06197,pocket4,replica_1
CIMG_06197_prepared_Milbemycin_pocket4_complex_recombined_complex_explicit_stripped_final_frame,Hydrophobic,391PHE,3.9,,CIMG_06197,pocket4,replica_1
CIMG_06197_prepared_Milbemycin_pocket4_complex_recombined_complex_explicit_stripped_final_frame,Hydrophobic,391PHE,3.66,,CIMG_06197,pocket4,replica_1
CIMG_06197_prepared_Milbemycin_pocket4_complex_recombined_complex_explicit_stripped_final_frame,Hydrophobic,391PHE,3.46,,CIMG_06197,pocket4,replica_1
CIMG_06197_prepared_Milbemycin_pocket8_complex_recombined_complex_explicit_stripped_initial_frame,HydrogenBond,748GLU,3.62,O3->O3,CIMG_06197,pocket8,replica_1
CIMG_06197_prepared_Milbemycin_pocket8_complex_recombined_complex_explicit_stripped_initial_frame,HydrogenBond,873SER,3.82,O3->Nam,CIMG_06197,pocket8,replica_1
CIMG_06197_prepared_Milbemycin_pocket8_complex_recombined_complex_explicit_stripped_initial_frame,Hydrophobic,869VAL,3.55,,CIMG_06197,pocket8,replica_1
CIMG_06197_prepared_Milbemycin_pocket8_complex_recombined_complex_explicit_stripped_initial_frame,Hydrophobic,871GLU,1.79,,CIMG_06197,pocket8,replica_1
CIMG_06197_prepared_Milbemycin_pocket8_complex_recombined_complex_explicit_stripped_initial_frame,Hydrophobic,748GLU,2.03,,CIMG_06197,pocket8,replica_1
CIMG_06197_prepared_Milbemycin_pocket8_complex_recombined_complex_explicit_stripped_initial_frame,Hydrophobic,871GLU,1.6,,CIMG_06197,pocket8,replica_1
CIMG_06197_prepared_Milbemycin_pocket8_complex_recombined_complex_explicit_stripped_initial_frame,Hydrophobic,1070ASP,2.01,,CIMG_06197,pocket8,replica_1
CIMG_06197_prepared_Milbemycin_pocket8_complex_recombined_complex_explicit_stripped_initial_frame,Hydrophobic,1073LYS,1.79,,CIMG_06197,pocket8,replica_1
CIMG_06197_prepared_Milbemycin_pocket8_complex_recombined_complex_explicit_stripped_final_frame,Hydrophobic,748GLU,3.69,,CIMG_06197,pocket8,replica_1
CIMG_06197_prepared_Milbemycin_pocket8_complex_recombined_complex_explicit_stripped_final_frame,Hydrophobic,877LEU,3.45,,CIMG_06197,pocket8,replica_1
CIMG_06197_prepared_Milbemycin_pocket8_complex_recombined_complex_explicit_stripped_final_frame,Hydrophobic,880PHE,3.93,,CIMG_06197,pocket8,replica_1
CIMG_06197_prepared_Milbemycin_pocket8_complex_recombined_complex_explicit_stripped_final_frame,Hydrophobic,1073LYS,3.93,,CIMG_06197,pocket8,replica_1
CIMG_06197_prepared_Milbemycin_pocket8_complex_recombined_complex_explicit_stripped_final_frame,SaltBridge,951LYS,3.73,A↔A,CIMG_06197,pocket8,replica_1
CIMG_06197_prepared_Milbemycin_pocket7_complex_recombined_complex_explicit_stripped_initial_frame,HydrogenBond,512GLU,2.6,O3->O3,CIMG_06197,pocket7,replica_1
CIMG_06197_prepared_Milbemycin_pocket7_complex_recombined_complex_explicit_stripped_initial_frame,HydrogenBond,298ARG,2.67,O3->Ng+,CIMG_06197,pocket7,replica_1
CIMG_06197_prepared_Milbemycin_pocket7_complex_recombined_complex_explicit_stripped_initial_frame,HydrogenBond,298ARG,3.24,O3->Ng+,CIMG_06197,pocket7,replica_1
CIMG_06197_prepared_Milbemycin_pocket7_complex_recombined_complex_explicit_stripped_initial_frame,HydrogenBond,512GLU,2.84,O3->O3,CIMG_06197,pocket7,replica_1
CIMG_06197_prepared_Milbemycin_pocket7_complex_recombined_complex_explicit_stripped_initial_frame,Hydrophobic,512GLU,3.76,,CIMG_06197,pocket7,replica_1
CIMG_06197_prepared_Milbemycin_pocket7_complex_recombined_complex_explicit_stripped_initial_frame,Hydrophobic,512GLU,3.6,,CIMG_06197,pocket7,replica_1
CIMG_06197_prepared_Milbemycin_pocket7_complex_recombined_complex_explicit_stripped_initial_frame,SaltBridge,581LYS,3.18,A↔A,CIMG_06197,pocket7,replica_1
CIMG_06197_prepared_Milbemycin_pocket7_complex_recombined_complex_explicit_stripped_final_frame,HydrogenBond,295SER,3.87,O2->O3,CIMG_06197,pocket7,replica_1
CIMG_06197_prepared_Milbemycin_pocket7_complex_recombined_complex_explicit_stripped_final_frame,HydrogenBond,572ARG,2.85,O2->O3,CIMG_06197,pocket7,replica_1
CIMG_06197_prepared_Milbemycin_pocket7_complex_recombined_complex_explicit_stripped_final_frame,HydrogenBond,1182GLU,2.5,O3->O3,CIMG_06197,pocket7,replica_1
CIMG_06197_prepared_Milbemycin_pocket7_complex_recombined_complex_explicit_stripped_final_frame,HydrogenBond,298ARG,3.06,O3->Ng+,CIMG_06197,pocket7,replica_1
CIMG_06197_prepared_Milbemycin_pocket7_complex_recombined_complex_explicit_stripped_final_frame,HydrogenBond,298ARG,3.02,O3->Ng+,CIMG_06197,pocket7,replica_1
CIMG_06197_prepared_Milbemycin_pocket7_complex_recombined_complex_explicit_stripped_final_frame,HydrogenBond,1182GLU,2.5,O3->O3,CIMG_06197,pocket7,replica_1
CIMG_06197_prepared_Milbemycin_pocket7_complex_recombined_complex_explicit_stripped_final_frame,Hydrophobic,572ARG,3.77,,CIMG_06197,pocket7,replica_1
CIMG_06197_prepared_Milbemycin_pocket7_complex_recombined_complex_explicit_stripped_final_frame,Hydrophobic,574PHE,3.87,,CIMG_06197,pocket7,replica_1
CIMG_06197_prepared_Milbemycin_pocket7_complex_recombined_complex_explicit_stripped_final_frame,Hydrophobic,574PHE,3.94,,CIMG_06197,pocket7,replica_1
CIMG_06197_prepared_Milbemycin_pocket7_complex_recombined_complex_explicit_stripped_final_frame,Hydrophobic,867PHE,3.91,,CIMG_06197,pocket7,replica_1
CIMG_06197_prepared_Milbemycin_pocket7_complex_recombined_complex_explicit_stripped_final_frame,Hydrophobic,1181GLN,3.97,,CIMG_06197,pocket7,replica_1
CIMG_06197_prepared_Milbemycin_pocket7_complex_recombined_complex_explicit_stripped_final_frame,SaltBridge,581LYS,2.66,A↔A,CIMG_06197,pocket7,replica_1
CIMG_06197_prepared_Milbemycin_pocket1_complex_recombined_complex_explicit_stripped_final_frame,HydrogenBond,873SER,4.01,O3->Nam,CIMG_06197,pocket1,replica_1
CIMG_06197_prepared_Milbemycin_pocket1_complex_recombined_complex_explicit_stripped_final_frame,Hydrophobic,862GLN,3.93,,CIMG_06197,pocket1,replica_1
CIMG_06197_prepared_Milbemycin_pocket1_complex_recombined_complex_explicit_stripped_final_frame,Hydrophobic,866PHE,3.83,,CIMG_06197,pocket1,replica_1
CIMG_06197_prepared_Milbemycin_pocket1_complex_recombined_complex_explicit_stripped_final_frame,Hydrophobic,866PHE,3.98,,CIMG_06197,pocket1,replica_1
CIMG_06197_prepared_Milbemycin_pocket1_complex_recombined_complex_explicit_stripped_final_frame,Hydrophobic,880PHE,3.82,,CIMG_06197,pocket1,replica_1
CIMG_06197_prepared_Milbemycin_pocket1_complex_recombined_complex_explicit_stripped_initial_frame,HydrogenBond,748GLU,3.62,O3->O3,CIMG_06197,pocket1,replica_1
CIMG_06197_prepared_Milbemycin_pocket1_complex_recombined_complex_explicit_stripped_initial_frame,HydrogenBond,873SER,3.59,O3->Nam,CIMG_06197,pocket1,replica_1
CIMG_06197_prepared_Milbemycin_pocket1_complex_recombined_complex_explicit_stripped_initial_frame,Hydrophobic,872ASN,3.87,,CIMG_06197,pocket1,replica_1
CIMG_06197_prepared_Milbemycin_pocket1_complex_recombined_complex_explicit_stripped_initial_frame,Hydrophobic,880PHE,3.6,,CIMG_06197,pocket1,replica_1
CIMG_06197_prepared_Milbemycin_pocket1_complex_recombined_complex_explicit_stripped_initial_frame,Hydrophobic,748GLU,1.71,,CIMG_06197,pocket1,replica_1
CIMG_06197_prepared_Milbemycin_pocket1_complex_recombined_complex_explicit_stripped_initial_frame,Hydrophobic,871GLU,1.0,,CIMG_06197,pocket1,replica_1
CIMG_06197_prepared_Milbemycin_pocket1_complex_recombined_complex_explicit_stripped_initial_frame,Hydrophobic,1070ASP,1.32,,CIMG_06197,pocket1,replica_1
CIMG_06197_prepared_Milbemycin_pocket1_complex_recombined_complex_explicit_stripped_initial_frame,Hydrophobic,1073LYS,1.39,,CIMG_06197,pocket1,replica_1
CIMG_06197_prepared_Milbemycin_pocket11_complex_recombined_complex_explicit_stripped_initial_frame,Hydrophobic,229THR,3.22,,CIMG_06197,pocket11,replica_1
CIMG_06197_prepared_Milbemycin_pocket11_complex_recombined_complex_explicit_stripped_initial_frame,Hydrophobic,388ALA,3.83,,CIMG_06197,pocket11,replica_1
CIMG_06197_prepared_Milbemycin_pocket11_complex_recombined_complex_explicit_stripped_initial_frame,Hydrophobic,390ALA,4.0,,CIMG_06197,pocket11,replica_1
CIMG_06197_prepared_Milbemycin_pocket11_complex_recombined_complex_explicit_stripped_initial_frame,Hydrophobic,391PHE,2.55,,CIMG_06197,pocket11,replica_1
CIMG_06197_prepared_Milbemycin_pocket11_complex_recombined_complex_explicit_stripped_initial_frame,Hydrophobic,391PHE,2.56,,CIMG_06197,pocket11,replica_1
CIMG_06197_prepared_Milbemycin_pocket11_complex_recombined_complex_explicit_stripped_initial_frame,Hydrophobic,87PHE,2.19,,CIMG_06197,pocket11,replica_1
CIMG_06197_prepared_Milbemycin_pocket11_complex_recombined_complex_explicit_stripped_initial_frame,Hydrophobic,384VAL,2.58,,CIMG_06197,pocket11,replica_1
CIMG_06197_prepared_Milbemycin_pocket11_complex_recombined_complex_explicit_stripped_initial_frame,Hydrophobic,387ASN,2.8,,CIMG_06197,pocket11,replica_1
CIMG_06197_prepared_Milbemycin_pocket11_complex_recombined_complex_explicit_stripped_initial_frame,Hydrophobic,391PHE,0.76,,CIMG_06197,pocket11,replica_1
CIMG_06197_prepared_Milbemycin_pocket11_complex_recombined_complex_explicit_stripped_final_frame,Hydrophobic,87PHE,3.49,,CIMG_06197,pocket11,replica_1
CIMG_06197_prepared_Milbemycin_pocket11_complex_recombined_complex_explicit_stripped_final_frame,Hydrophobic,87PHE,3.78,,CIMG_06197,pocket11,replica_1
CIMG_06197_prepared_Milbemycin_pocket11_complex_recombined_complex_explicit_stripped_final_frame,Hydrophobic,88PHE,3.68,,CIMG_06197,pocket11,replica_1
CIMG_06197_prepared_Milbemycin_pocket11_complex_recombined_complex_explicit_stripped_final_frame,Hydrophobic,229THR,3.66,,CIMG_06197,pocket11,replica_1
CIMG_06197_prepared_Milbemycin_pocket11_complex_recombined_complex_explicit_stripped_final_frame,Hydrophobic,230LEU,3.93,,CIMG_06197,pocket11,replica_1
CIMG_06197_prepared_Milbemycin_pocket11_complex_recombined_complex_explicit_stripped_final_frame,Hydrophobic,391PHE,3.55,,CIMG_06197,pocket11,replica_1
CIMG_06197_prepared_Milbemycin_pocket11_complex_recombined_complex_explicit_stripped_final_frame,Hydrophobic,392THR,3.47,,CIMG_06197,pocket11,replica_1
CIMG_06197_prepared_Milbemycin_pocket13_complex_recombined_complex_explicit_stripped_final_frame,Hydrophobic,88PHE,3.66,,CIMG_06197,pocket13,replica_1
CIMG_06197_prepared_Milbemycin_pocket13_complex_recombined_complex_explicit_stripped_final_frame,Hydrophobic,265MET,3.65,,CIMG_06197,pocket13,replica_1
CIMG_06197_prepared_Milbemycin_pocket13_complex_recombined_complex_explicit_stripped_final_frame,Hydrophobic,391PHE,3.8,,CIMG_06197,pocket13,replica_1
CIMG_06197_prepared_Milbemycin_pocket13_complex_recombined_complex_explicit_stripped_initial_frame,Hydrophobic,229THR,3.24,,CIMG_06197,pocket13,replica_1
CIMG_06197_prepared_Milbemycin_pocket13_complex_recombined_complex_explicit_stripped_initial_frame,Hydrophobic,233LEU,3.97,,CIMG_06197,pocket13,replica_1
CIMG_06197_prepared_Milbemycin_pocket13_complex_recombined_complex_explicit_stripped_initial_frame,Hydrophobic,388ALA,3.82,,CIMG_06197,pocket13,replica_1
CIMG_06197_prepared_Milbemycin_pocket13_complex_recombined_complex_explicit_stripped_initial_frame,Hydrophobic,391PHE,2.47,,CIMG_06197,pocket13,replica_1
CIMG_06197_prepared_Milbemycin_pocket13_complex_recombined_complex_explicit_stripped_initial_frame,Hydrophobic,391PHE,2.62,,CIMG_06197,pocket13,replica_1
CIMG_06197_prepared_Milbemycin_pocket13_complex_recombined_complex_explicit_stripped_initial_frame,Hydrophobic,87PHE,2.26,,CIMG_06197,pocket13,replica_1
CIMG_06197_prepared_Milbemycin_pocket13_complex_recombined_complex_explicit_stripped_initial_frame,Hydrophobic,384VAL,2.68,,CIMG_06197,pocket13,replica_1
CIMG_06197_prepared_Milbemycin_pocket13_complex_recombined_complex_explicit_stripped_initial_frame,Hydrophobic,387ASN,2.88,,CIMG_06197,pocket13,replica_1
CIMG_06197_prepared_Milbemycin_pocket13_complex_recombined_complex_explicit_stripped_initial_frame,Hydrophobic,391PHE,0.77,,CIMG_06197,pocket13,replica_1
CIMG_06197_prepared_Milbemycin_pocket15_complex_recombined_complex_explicit_stripped_final_frame,HydrogenBond,511GLN,2.73,O2->O3,CIMG_06197,pocket15,replica_1
CIMG_06197_prepared_Milbemycin_pocket15_complex_recombined_complex_explicit_stripped_final_frame,HydrogenBond,513PRO,2.94,O2->O3,CIMG_06197,pocket15,replica_1
CIMG_06197_prepared_Milbemycin_pocket15_complex_recombined_complex_explicit_stripped_final_frame,Hydrophobic,572ARG,3.61,,CIMG_06197,pocket15,replica_1
CIMG_06197_prepared_Milbemycin_pocket15_complex_recombined_complex_explicit_stripped_final_frame,Hydrophobic,605ALA,3.6,,CIMG_06197,pocket15,replica_1
CIMG_06197_prepared_Milbemycin_pocket15_complex_recombined_complex_explicit_stripped_final_frame,Hydrophobic,1182GLU,3.85,,CIMG_06197,pocket15,replica_1
CIMG_06197_prepared_Milbemycin_pocket15_complex_recombined_complex_explicit_stripped_final_frame,Hydrophobic,1182GLU,3.86,,CIMG_06197,pocket15,replica_1
CIMG_06197_prepared_Milbemycin_pocket15_complex_recombined_complex_explicit_stripped_final_frame,Hydrophobic,513PRO,3.88,,CIMG_06197,pocket15,replica_1
CIMG_06197_prepared_Milbemycin_pocket15_complex_recombined_complex_explicit_stripped_final_frame,SaltBridge,581LYS,2.67,A↔A,CIMG_06197,pocket15,replica_1
CIMG_06197_prepared_Milbemycin_pocket15_complex_recombined_complex_explicit_stripped_initial_frame,HydrogenBond,512GLU,2.51,O3->O3,CIMG_06197,pocket15,replica_1
CIMG_06197_prepared_Milbemycin_pocket15_complex_recombined_complex_explicit_stripped_initial_frame,HydrogenBond,298ARG,2.67,O3->Ng+,CIMG_06197,pocket15,replica_1
CIMG_06197_prepared_Milbemycin_pocket15_complex_recombined_complex_explicit_stripped_initial_frame,HydrogenBond,298ARG,3.29,O3->Ng+,CIMG_06197,pocket15,replica_1
CIMG_06197_prepared_Milbemycin_pocket15_complex_recombined_complex_explicit_stripped_initial_frame,HydrogenBond,512GLU,2.77,O3->O3,CIMG_06197,pocket15,replica_1
CIMG_06197_prepared_Milbemycin_pocket15_complex_recombined_complex_explicit_stripped_initial_frame,Hydrophobic,512GLU,3.66,,CIMG_06197,pocket15,replica_1
CIMG_06197_prepared_Milbemycin_pocket15_complex_recombined_complex_explicit_stripped_initial_frame,Hydrophobic,512GLU,3.48,,CIMG_06197,pocket15,replica_1
CIMG_06197_prepared_Milbemycin_pocket15_complex_recombined_complex_explicit_stripped_initial_frame,SaltBridge,581LYS,3.21,A↔A,CIMG_06197,pocket15,replica_1
CIMG_06197_prepared_Milbemycin_pocket9_complex_recombined_complex_explicit_stripped_final_frame,HydrogenBond,572ARG,2.75,O2->O3,CIMG_06197,pocket9,replica_1
CIMG_06197_prepared_Milbemycin_pocket9_complex_recombined_complex_explicit_stripped_final_frame,HydrogenBond,1181GLN,4.08,O3->Nam,CIMG_06197,pocket9,replica_1
CIMG_06197_prepared_Milbemycin_pocket9_complex_recombined_complex_explicit_stripped_final_frame,Hydrophobic,572ARG,3.9,,CIMG_06197,pocket9,replica_1
CIMG_06197_prepared_Milbemycin_pocket9_complex_recombined_complex_explicit_stripped_final_frame,Hydrophobic,1182GLU,3.76,,CIMG_06197,pocket9,replica_1
CIMG_06197_prepared_Milbemycin_pocket9_complex_recombined_complex_explicit_stripped_final_frame,SaltBridge,581LYS,2.75,A↔A,CIMG_06197,pocket9,replica_1
CIMG_06197_prepared_Milbemycin_pocket9_complex_recombined_complex_explicit_stripped_initial_frame,HydrogenBond,512GLU,2.59,O3->O3,CIMG_06197,pocket9,replica_1
CIMG_06197_prepared_Milbemycin_pocket9_complex_recombined_complex_explicit_stripped_initial_frame,HydrogenBond,298ARG,2.69,O3->Ng+,CIMG_06197,pocket9,replica_1
CIMG_06197_prepared_Milbemycin_pocket9_complex_recombined_complex_explicit_stripped_initial_frame,HydrogenBond,298ARG,3.28,O3->Ng+,CIMG_06197,pocket9,replica_1
CIMG_06197_prepared_Milbemycin_pocket9_complex_recombined_complex_explicit_stripped_initial_frame,HydrogenBond,512GLU,2.81,O3->O3,CIMG_06197,pocket9,replica_1
CIMG_06197_prepared_Milbemycin_pocket9_complex_recombined_complex_explicit_stripped_initial_frame,Hydrophobic,512GLU,3.73,,CIMG_06197,pocket9,replica_1
CIMG_06197_prepared_Milbemycin_pocket9_complex_recombined_complex_explicit_stripped_initial_frame,Hydrophobic,512GLU,3.57,,CIMG_06197,pocket9,replica_1
CIMG_06197_prepared_Milbemycin_pocket9_complex_recombined_complex_explicit_stripped_initial_frame,SaltBridge,581LYS,3.17,A↔A,CIMG_06197,pocket9,replica_1
CIMG_06197_prepared_Milbemycin_pocket5_complex_recombined_complex_explicit_stripped_initial_frame,Hydrophobic,388ALA,3.78,,CIMG_06197,pocket5,replica_1
CIMG_06197_prepared_Milbemycin_pocket5_complex_recombined_complex_explicit_stripped_initial_frame,Hydrophobic,391PHE,2.62,,CIMG_06197,pocket5,replica_1
CIMG_06197_prepared_Milbemycin_pocket5_complex_recombined_complex_explicit_stripped_initial_frame,Hydrophobic,391PHE,2.61,,CIMG_06197,pocket5,replica_1
CIMG_06197_prepared_Milbemycin_pocket5_complex_recombined_complex_explicit_stripped_initial_frame,Hydrophobic,87PHE,2.24,,CIMG_06197,pocket5,replica_1
CIMG_06197_prepared_Milbemycin_pocket5_complex_recombined_complex_explicit_stripped_initial_frame,Hydrophobic,384VAL,2.57,,CIMG_06197,pocket5,replica_1
CIMG_06197_prepared_Milbemycin_pocket5_complex_recombined_complex_explicit_stripped_initial_frame,Hydrophobic,387ASN,2.72,,CIMG_06197,pocket5,replica_1
CIMG_06197_prepared_Milbemycin_pocket5_complex_recombined_complex_explicit_stripped_initial_frame,Hydrophobic,391PHE,0.68,,CIMG_06197,pocket5,replica_1
CIMG_06197_prepared_Milbemycin_pocket5_complex_recombined_complex_explicit_stripped_final_frame,HydrogenBond,269SER,2.68,O3->O3,CIMG_06197,pocket5,replica_1
CIMG_06197_prepared_Milbemycin_pocket5_complex_recombined_complex_explicit_stripped_final_frame,Hydrophobic,232ALA,3.79,,CIMG_06197,pocket5,replica_1
CIMG_06197_prepared_Milbemycin_pocket5_complex_recombined_complex_explicit_stripped_final_frame,Hydrophobic,236PHE,3.82,,CIMG_06197,pocket5,replica_1
CIMG_06197_prepared_Milbemycin_pocket5_complex_recombined_complex_explicit_stripped_final_frame,Hydrophobic,384VAL,3.54,,CIMG_06197,pocket5,replica_1
CIMG_06197_prepared_Milbemycin_pocket5_complex_recombined_complex_explicit_stripped_final_frame,Hydrophobic,391PHE,3.68,,CIMG_06197,pocket5,replica_1
CIMG_06197_prepared_Milbemycin_pocket5_complex_recombined_complex_explicit_stripped_final_frame,Hydrophobic,391PHE,3.73,,CIMG_06197,pocket5,replica_1
CIMG_06197_prepared_Milbemycin_pocket3_complex_recombined_complex_explicit_stripped_initial_frame,Hydrophobic,348LEU,3.82,,CIMG_06197,pocket3,replica_1
CIMG_06197_prepared_Milbemycin_pocket3_complex_recombined_complex_explicit_stripped_initial_frame,Hydrophobic,348LEU,3.73,,CIMG_06197,pocket3,replica_1
CIMG_06197_prepared_Milbemycin_pocket3_complex_recombined_complex_explicit_stripped_initial_frame,Hydrophobic,348LEU,3.97,,CIMG_06197,pocket3,replica_1
CIMG_06197_prepared_Milbemycin_pocket3_complex_recombined_complex_explicit_stripped_initial_frame,Hydrophobic,351TRP,3.35,,CIMG_06197,pocket3,replica_1
CIMG_06197_prepared_Milbemycin_pocket3_complex_recombined_complex_explicit_stripped_initial_frame,Hydrophobic,351TRP,3.56,,CIMG_06197,pocket3,replica_1
CIMG_06197_prepared_Milbemycin_pocket3_complex_recombined_complex_explicit_stripped_initial_frame,Hydrophobic,351TRP,3.83,,CIMG_06197,pocket3,replica_1
CIMG_06197_prepared_Milbemycin_pocket3_complex_recombined_complex_explicit_stripped_initial_frame,Hydrophobic,344LEU,2.59,,CIMG_06197,pocket3,replica_1
CIMG_06197_prepared_Milbemycin_pocket3_complex_recombined_complex_explicit_stripped_initial_frame,Hydrophobic,344LEU,2.33,,CIMG_06197,pocket3,replica_1
CIMG_06197_prepared_Milbemycin_pocket3_complex_recombined_complex_explicit_stripped_initial_frame,Hydrophobic,823LEU,2.86,,CIMG_06197,pocket3,replica_1
CIMG_06197_prepared_Milbemycin_pocket3_complex_recombined_complex_explicit_stripped_final_frame,Hydrophobic,253ILE,3.85,,CIMG_06197,pocket3,replica_1
CIMG_06197_prepared_Milbemycin_pocket3_complex_recombined_complex_explicit_stripped_final_frame,Hydrophobic,257THR,3.72,,CIMG_06197,pocket3,replica_1
CIMG_06197_prepared_Milbemycin_pocket3_complex_recombined_complex_explicit_stripped_final_frame,Hydrophobic,344LEU,3.97,,CIMG_06197,pocket3,replica_1
CIMG_06197_prepared_Milbemycin_pocket3_complex_recombined_complex_explicit_stripped_final_frame,Hydrophobic,351TRP,3.9,,CIMG_06197,pocket3,replica_1
CIMG_06197_prepared_Milbemycin_pocket3_complex_recombined_complex_explicit_stripped_final_frame,Hydrophobic,351TRP,3.38,,CIMG_06197,pocket3,replica_1
CIMG_06197_prepared_Milbemycin_pocket3_complex_recombined_complex_explicit_stripped_final_frame,Hydrophobic,351TRP,3.98,,CIMG_06197,pocket3,replica_1
CIMG_06197_prepared_Milbemycin_pocket3_complex_recombined_complex_explicit_stripped_final_frame,Hydrophobic,260ALA,3.51,,CIMG_06197,pocket3,replica_1
CIMG_06197_prepared_Milbemycin_pocket12_complex_recombined_complex_explicit_stripped_final_frame,HydrogenBond,576LEU,2.53,O2->O3,CIMG_06197,pocket12,replica_1
CIMG_06197_prepared_Milbemycin_pocket12_complex_recombined_complex_explicit_stripped_final_frame,HydrogenBond,1182GLU,2.68,O3->O3,CIMG_06197,pocket12,replica_1
CIMG_06197_prepared_Milbemycin_pocket12_complex_recombined_complex_explicit_stripped_final_frame,HydrogenBond,298ARG,3.09,O3->Ng+,CIMG_06197,pocket12,replica_1
CIMG_06197_prepared_Milbemycin_pocket12_complex_recombined_complex_explicit_stripped_final_frame,HydrogenBond,298ARG,4.0,O3->Ng+,CIMG_06197,pocket12,replica_1
CIMG_06197_prepared_Milbemycin_pocket12_complex_recombined_complex_explicit_stripped_final_frame,HydrogenBond,1182GLU,2.68,O3->O3,CIMG_06197,pocket12,replica_1
CIMG_06197_prepared_Milbemycin_pocket12_complex_recombined_complex_explicit_stripped_final_frame,Hydrophobic,572ARG,3.9,,CIMG_06197,pocket12,replica_1
CIMG_06197_prepared_Milbemycin_pocket12_complex_recombined_complex_explicit_stripped_final_frame,Hydrophobic,574PHE,3.94,,CIMG_06197,pocket12,replica_1
CIMG_06197_prepared_Milbemycin_pocket12_complex_recombined_complex_explicit_stripped_final_frame,Hydrophobic,1181GLN,3.86,,CIMG_06197,pocket12,replica_1
CIMG_06197_prepared_Milbemycin_pocket12_complex_recombined_complex_explicit_stripped_final_frame,SaltBridge,581LYS,3.99,A↔A,CIMG_06197,pocket12,replica_1
CIMG_06197_prepared_Milbemycin_pocket12_complex_recombined_complex_explicit_stripped_initial_frame,HydrogenBond,512GLU,2.48,O3->O3,CIMG_06197,pocket12,replica_1
CIMG_06197_prepared_Milbemycin_pocket12_complex_recombined_complex_explicit_stripped_initial_frame,HydrogenBond,298ARG,2.64,O3->Ng+,CIMG_06197,pocket12,replica_1
CIMG_06197_prepared_Milbemycin_pocket12_complex_recombined_complex_explicit_stripped_initial_frame,HydrogenBond,298ARG,3.33,O3->Ng+,CIMG_06197,pocket12,replica_1
CIMG_06197_prepared_Milbemycin_pocket12_complex_recombined_complex_explicit_stripped_initial_frame,HydrogenBond,512GLU,2.68,O3->O3,CIMG_06197,pocket12,replica_1
CIMG_06197_prepared_Milbemycin_pocket12_complex_recombined_complex_explicit_stripped_initial_frame,Hydrophobic,512GLU,3.46,,CIMG_06197,pocket12,replica_1
CIMG_06197_prepared_Milbemycin_pocket12_complex_recombined_complex_explicit_stripped_initial_frame,SaltBridge,581LYS,3.24,A↔A,CIMG_06197,pocket12,replica_1
CIMG_06197_prepared_Milbemycin_pocket14_complex_recombined_complex_explicit_stripped_final_frame,HydrogenBond,581LYS,3.97,O3->N3+,CIMG_06197,pocket14,replica_1
CIMG_06197_prepared_Milbemycin_pocket14_complex_recombined_complex_explicit_stripped_final_frame,HydrogenBond,1182GLU,3.21,O3->O3,CIMG_06197,pocket14,replica_1
CIMG_06197_prepared_Milbemycin_pocket14_complex_recombined_complex_explicit_stripped_final_frame,Hydrophobic,298ARG,3.7,,CIMG_06197,pocket14,replica_1
CIMG_06197_prepared_Milbemycin_pocket14_complex_recombined_complex_explicit_stripped_final_frame,Hydrophobic,1182GLU,3.76,,CIMG_06197,pocket14,replica_1
CIMG_06197_prepared_Milbemycin_pocket14_complex_recombined_complex_explicit_stripped_final_frame,SaltBridge,581LYS,2.72,A↔A,CIMG_06197,pocket14,replica_1
CIMG_06197_prepared_Milbemycin_pocket14_complex_recombined_complex_explicit_stripped_initial_frame,HydrogenBond,511GLN,3.72,O2->O3,CIMG_06197,pocket14,replica_1
CIMG_06197_prepared_Milbemycin_pocket14_complex_recombined_complex_explicit_stripped_initial_frame,HydrogenBond,1182GLU,3.96,O3->O3,CIMG_06197,pocket14,replica_1
CIMG_06197_prepared_Milbemycin_pocket14_complex_recombined_complex_explicit_stripped_initial_frame,Hydrophobic,606LEU,3.81,,CIMG_06197,pocket14,replica_1
CIMG_06197_prepared_Milbemycin_pocket14_complex_recombined_complex_explicit_stripped_initial_frame,Hydrophobic,1107TYR,2.84,,CIMG_06197,pocket14,replica_1
CIMG_06197_prepared_Milbemycin_pocket14_complex_recombined_complex_explicit_stripped_initial_frame,SaltBridge,581LYS,5.05,A↔A,CIMG_06197,pocket14,replica_1
CIMG_06197_prepared_Milbemycin_pocket2_complex_recombined_complex_explicit_stripped_final_frame,Hydrophobic,87PHE,3.74,,CIMG_06197,pocket2,replica_1
CIMG_06197_prepared_Milbemycin_pocket2_complex_recombined_complex_explicit_stripped_final_frame,Hydrophobic,91TYR,3.67,,CIMG_06197,pocket2,replica_1
CIMG_06197_prepared_Milbemycin_pocket2_complex_recombined_complex_explicit_stripped_final_frame,Hydrophobic,230LEU,3.9,,CIMG_06197,pocket2,replica_1
CIMG_06197_prepared_Milbemycin_pocket2_complex_recombined_complex_explicit_stripped_final_frame,Hydrophobic,265MET,3.74,,CIMG_06197,pocket2,replica_1
CIMG_06197_prepared_Milbemycin_pocket2_complex_recombined_complex_explicit_stripped_final_frame,Hydrophobic,385THR,3.77,,CIMG_06197,pocket2,replica_1
CIMG_06197_prepared_Milbemycin_pocket2_complex_recombined_complex_explicit_stripped_final_frame,Hydrophobic,388ALA,3.94,,CIMG_06197,pocket2,replica_1
CIMG_06197_prepared_Milbemycin_pocket2_complex_recombined_complex_explicit_stripped_final_frame,Hydrophobic,391PHE,3.93,,CIMG_06197,pocket2,replica_1
CIMG_06197_prepared_Milbemycin_pocket2_complex_recombined_complex_explicit_stripped_final_frame,Hydrophobic,391PHE,3.79,,CIMG_06197,pocket2,replica_1
CIMG_06197_prepared_Milbemycin_pocket2_complex_recombined_complex_explicit_stripped_final_frame,Hydrophobic,226VAL,3.72,,CIMG_06197,pocket2,replica_1
CIMG_06197_prepared_Milbemycin_pocket2_complex_recombined_complex_explicit_stripped_final_frame,Hydrophobic,233LEU,3.69,,CIMG_06197,pocket2,replica_1
CIMG_06197_prepared_Milbemycin_pocket2_complex_recombined_complex_explicit_stripped_initial_frame,Hydrophobic,229THR,3.27,,CIMG_06197,pocket2,replica_1
CIMG_06197_prepared_Milbemycin_pocket2_complex_recombined_complex_explicit_stripped_initial_frame,Hydrophobic,233LEU,3.99,,CIMG_06197,pocket2,replica_1
CIMG_06197_prepared_Milbemycin_pocket2_complex_recombined_complex_explicit_stripped_initial_frame,Hydrophobic,388ALA,3.79,,CIMG_06197,pocket2,replica_1
CIMG_06197_prepared_Milbemycin_pocket2_complex_recombined_complex_explicit_stripped_initial_frame,Hydrophobic,391PHE,2.5,,CIMG_06197,pocket2,replica_1
CIMG_06197_prepared_Milbemycin_pocket2_complex_recombined_complex_explicit_stripped_initial_frame,Hydrophobic,391PHE,2.64,,CIMG_06197,pocket2,replica_1
CIMG_06197_prepared_Milbemycin_pocket2_complex_recombined_complex_explicit_stripped_initial_frame,Hydrophobic,87PHE,2.28,,CIMG_06197,pocket2,replica_1
CIMG_06197_prepared_Milbemycin_pocket2_complex_recombined_complex_explicit_stripped_initial_frame,Hydrophobic,384VAL,2.68,,CIMG_06197,pocket2,replica_1
CIMG_06197_prepared_Milbemycin_pocket2_complex_recombined_complex_explicit_stripped_initial_frame,Hydrophobic,387ASN,2.87,,CIMG_06197,pocket2,replica_1
CIMG_06197_prepared_Milbemycin_pocket2_complex_recombined_complex_explicit_stripped_initial_frame,Hydrophobic,391PHE,0.74,,CIMG_06197,pocket2,replica_1
CDR1_CANAR_prepared_Milbemycin_pocket10_complex_recombined_complex_explicit_stripped_final_frame,Hydrophobic,38TYR,3.95,,CDR1_CANAR,pocket10,replica_1
CDR1_CANAR_prepared_Milbemycin_pocket10_complex_recombined_complex_explicit_stripped_final_frame,Hydrophobic,72THR,3.9,,CDR1_CANAR,pocket10,replica_1
CDR1_CANAR_prepared_Milbemycin_pocket10_complex_recombined_complex_explicit_stripped_final_frame,Hydrophobic,75ASP,3.99,,CDR1_CANAR,pocket10,replica_1
CDR1_CANAR_prepared_Milbemycin_pocket10_complex_recombined_complex_explicit_stripped_final_frame,Hydrophobic,111LYS,3.97,,CDR1_CANAR,pocket10,replica_1
CDR1_CANAR_prepared_Milbemycin_pocket10_complex_recombined_complex_explicit_stripped_final_frame,Hydrophobic,1126GLU,3.87,,CDR1_CANAR,pocket10,replica_1
CDR1_CANAR_prepared_Milbemycin_pocket10_complex_recombined_complex_explicit_stripped_final_frame,Hydrophobic,1126GLU,3.91,,CDR1_CANAR,pocket10,replica_1
CDR1_CANAR_prepared_Milbemycin_pocket10_complex_recombined_complex_explicit_stripped_final_frame,Hydrophobic,1131ALA,3.93,,CDR1_CANAR,pocket10,replica_1
CDR1_CANAR_prepared_Milbemycin_pocket10_complex_recombined_complex_explicit_stripped_final_frame,SaltBridge,354ARG,3.93,A↔A,CDR1_CANAR,pocket10,replica_1
CDR1_CANAR_prepared_Milbemycin_pocket10_complex_recombined_complex_explicit_stripped_initial_frame,HydrogenBond,79TYR,2.87,O2->O3,CDR1_CANAR,pocket10,replica_1
CDR1_CANAR_prepared_Milbemycin_pocket10_complex_recombined_complex_explicit_stripped_initial_frame,HydrogenBond,111LYS,2.22,O3->N3+,CDR1_CANAR,pocket10,replica_1
CDR1_CANAR_prepared_Milbemycin_pocket10_complex_recombined_complex_explicit_stripped_initial_frame,Hydrophobic,72THR,3.51,,CDR1_CANAR,pocket10,replica_1
CDR1_CANAR_prepared_Milbemycin_pocket10_complex_recombined_complex_explicit_stripped_initial_frame,Hydrophobic,79TYR,3.08,,CDR1_CANAR,pocket10,replica_1
CDR1_CANAR_prepared_Milbemycin_pocket10_complex_recombined_complex_explicit_stripped_initial_frame,Hydrophobic,53ALA,2.35,,CDR1_CANAR,pocket10,replica_1
CDR1_CANAR_prepared_Milbemycin_pocket10_complex_recombined_complex_explicit_stripped_initial_frame,Hydrophobic,56PHE,1.37,,CDR1_CANAR,pocket10,replica_1
CDR1_CANAR_prepared_Milbemycin_pocket10_complex_recombined_complex_explicit_stripped_initial_frame,Hydrophobic,56PHE,2.92,,CDR1_CANAR,pocket10,replica_1
CDR1_CANAR_prepared_Milbemycin_pocket10_complex_recombined_complex_explicit_stripped_initial_frame,Hydrophobic,76LEU,2.42,,CDR1_CANAR,pocket10,replica_1
CDR1_CANAR_prepared_Milbemycin_pocket10_complex_recombined_complex_explicit_stripped_initial_frame,Hydrophobic,79TYR,2.65,,CDR1_CANAR,pocket10,replica_1
CDR1_CANAR_prepared_Milbemycin_pocket4_complex_recombined_complex_explicit_stripped_initial_frame,HydrogenBond,574LEU,3.66,O2->O3,CDR1_CANAR,pocket4,replica_1
CDR1_CANAR_prepared_Milbemycin_pocket4_complex_recombined_complex_explicit_stripped_initial_frame,HydrogenBond,608GLU,3.83,O2->O3,CDR1_CANAR,pocket4,replica_1
CDR1_CANAR_prepared_Milbemycin_pocket4_complex_recombined_complex_explicit_stripped_initial_frame,HydrogenBond,1356ASN,3.6,O3->Nam,CDR1_CANAR,pocket4,replica_1
CDR1_CANAR_prepared_Milbemycin_pocket4_complex_recombined_complex_explicit_stripped_initial_frame,Hydrophobic,518ARG,3.93,,CDR1_CANAR,pocket4,replica_1
CDR1_CANAR_prepared_Milbemycin_pocket4_complex_recombined_complex_explicit_stripped_initial_frame,Hydrophobic,608GLU,3.02,,CDR1_CANAR,pocket4,replica_1
CDR1_CANAR_prepared_Milbemycin_pocket4_complex_recombined_complex_explicit_stripped_initial_frame,Hydrophobic,1356ASN,3.74,,CDR1_CANAR,pocket4,replica_1
CDR1_CANAR_prepared_Milbemycin_pocket4_complex_recombined_complex_explicit_stripped_initial_frame,Hydrophobic,525ILE,2.25,,CDR1_CANAR,pocket4,replica_1
CDR1_CANAR_prepared_Milbemycin_pocket4_complex_recombined_complex_explicit_stripped_initial_frame,Hydrophobic,574LEU,2.97,,CDR1_CANAR,pocket4,replica_1
CDR1_CANAR_prepared_Milbemycin_pocket4_complex_recombined_complex_explicit_stripped_initial_frame,Hydrophobic,574LEU,3.82,,CDR1_CANAR,pocket4,replica_1
CDR1_CANAR_prepared_Milbemycin_pocket4_complex_recombined_complex_explicit_stripped_initial_frame,Hydrophobic,575GLU,3.1,,CDR1_CANAR,pocket4,replica_1
CDR1_CANAR_prepared_Milbemycin_pocket4_complex_recombined_complex_explicit_stripped_final_frame,HydrogenBond,571ALA,2.94,O2->O3,CDR1_CANAR,pocket4,replica_1
CDR1_CANAR_prepared_Milbemycin_pocket4_complex_recombined_complex_explicit_stripped_final_frame,HydrogenBond,574LEU,2.64,O2->O3,CDR1_CANAR,pocket4,replica_1
CDR1_CANAR_prepared_Milbemycin_pocket4_complex_recombined_complex_explicit_stripped_final_frame,HydrogenBond,578SER,3.92,O3->Nam,CDR1_CANAR,pocket4,replica_1
CDR1_CANAR_prepared_Milbemycin_pocket4_complex_recombined_complex_explicit_stripped_final_frame,Hydrophobic,518ARG,3.87,,CDR1_CANAR,pocket4,replica_1
CDR1_CANAR_prepared_Milbemycin_pocket4_complex_recombined_complex_explicit_stripped_final_frame,Hydrophobic,519MET,3.87,,CDR1_CANAR,pocket4,replica_1
CDR1_CANAR_prepared_Milbemycin_pocket4_complex_recombined_complex_explicit_stripped_final_frame,Hydrophobic,525ILE,4.0,,CDR1_CANAR,pocket4,replica_1
CDR1_CANAR_prepared_Milbemycin_pocket4_complex_recombined_complex_explicit_stripped_final_frame,Hydrophobic,581GLU,3.95,,CDR1_CANAR,pocket4,replica_1
CDR1_CANAR_prepared_Milbemycin_pocket4_complex_recombined_complex_explicit_stripped_final_frame,Hydrophobic,581GLU,3.85,,CDR1_CANAR,pocket4,replica_1
CDR1_CANAR_prepared_Milbemycin_pocket4_complex_recombined_complex_explicit_stripped_final_frame,Hydrophobic,1350ILE,3.85,,CDR1_CANAR,pocket4,replica_1
CDR1_CANAR_prepared_Milbemycin_pocket4_complex_recombined_complex_explicit_stripped_final_frame,Hydrophobic,1350ILE,3.9,,CDR1_CANAR,pocket4,replica_1
CDR1_CANAR_prepared_Milbemycin_pocket4_complex_recombined_complex_explicit_stripped_final_frame,Hydrophobic,1352ASP,3.78,,CDR1_CANAR,pocket4,replica_1
CDR1_CANAR_prepared_Milbemycin_pocket4_complex_recombined_complex_explicit_stripped_final_frame,Hydrophobic,608GLU,3.82,,CDR1_CANAR,pocket4,replica_1
CDR1_CANAR_prepared_Milbemycin_pocket8_complex_recombined_complex_explicit_stripped_initial_frame,HydrogenBond,1013GLN,3.3,O3->Nam,CDR1_CANAR,pocket8,replica_1
CDR1_CANAR_prepared_Milbemycin_pocket8_complex_recombined_complex_explicit_stripped_initial_frame,Hydrophobic,200ARG,3.46,,CDR1_CANAR,pocket8,replica_1
CDR1_CANAR_prepared_Milbemycin_pocket8_complex_recombined_complex_explicit_stripped_initial_frame,Hydrophobic,806ILE,3.68,,CDR1_CANAR,pocket8,replica_1
CDR1_CANAR_prepared_Milbemycin_pocket8_complex_recombined_complex_explicit_stripped_initial_frame,Hydrophobic,842TYR,3.45,,CDR1_CANAR,pocket8,replica_1
CDR1_CANAR_prepared_Milbemycin_pocket8_complex_recombined_complex_explicit_stripped_initial_frame,Hydrophobic,842TYR,3.54,,CDR1_CANAR,pocket8,replica_1
CDR1_CANAR_prepared_Milbemycin_pocket8_complex_recombined_complex_explicit_stripped_initial_frame,Hydrophobic,846MET,3.98,,CDR1_CANAR,pocket8,replica_1
CDR1_CANAR_prepared_Milbemycin_pocket8_complex_recombined_complex_explicit_stripped_initial_frame,Hydrophobic,997TYR,2.99,,CDR1_CANAR,pocket8,replica_1
CDR1_CANAR_prepared_Milbemycin_pocket8_complex_recombined_complex_explicit_stripped_initial_frame,Hydrophobic,997TYR,3.3,,CDR1_CANAR,pocket8,replica_1
CDR1_CANAR_prepared_Milbemycin_pocket8_complex_recombined_complex_explicit_stripped_initial_frame,Hydrophobic,996ALA,3.47,,CDR1_CANAR,pocket8,replica_1
CDR1_CANAR_prepared_Milbemycin_pocket8_complex_recombined_complex_explicit_stripped_final_frame,HydrogenBond,805GLU,2.88,O2->O3,CDR1_CANAR,pocket8,replica_1
CDR1_CANAR_prepared_Milbemycin_pocket8_complex_recombined_complex_explicit_stripped_final_frame,HydrogenBond,807ALA,3.42,O3->Nam,CDR1_CANAR,pocket8,replica_1
CDR1_CANAR_prepared_Milbemycin_pocket8_complex_recombined_complex_explicit_stripped_final_frame,Hydrophobic,842TYR,3.48,,CDR1_CANAR,pocket8,replica_1
CDR1_CANAR_prepared_Milbemycin_pocket8_complex_recombined_complex_explicit_stripped_final_frame,Hydrophobic,842TYR,3.86,,CDR1_CANAR,pocket8,replica_1
CDR1_CANAR_prepared_Milbemycin_pocket8_complex_recombined_complex_explicit_stripped_final_frame,Hydrophobic,996ALA,3.66,,CDR1_CANAR,pocket8,replica_1
CDR1_CANAR_prepared_Milbemycin_pocket8_complex_recombined_complex_explicit_stripped_final_frame,Hydrophobic,997TYR,3.89,,CDR1_CANAR,pocket8,replica_1
CDR1_CANAR_prepared_Milbemycin_pocket7_complex_recombined_complex_explicit_stripped_initial_frame,Hydrophobic,1485ILE,2.55,,CDR1_CANAR,pocket7,replica_1
CDR1_CANAR_prepared_Milbemycin_pocket7_complex_recombined_complex_explicit_stripped_initial_frame,Hydrophobic,1493PHE,2.85,,CDR1_CANAR,pocket7,replica_1
CDR1_CANAR_prepared_Milbemycin_pocket7_complex_recombined_complex_explicit_stripped_final_frame,HydrogenBond,1336TYR,2.83,O3->O3,CDR1_CANAR,pocket7,replica_1
CDR1_CANAR_prepared_Milbemycin_pocket7_complex_recombined_complex_explicit_stripped_final_frame,Hydrophobic,1390PRO,3.89,,CDR1_CANAR,pocket7,replica_1
CDR1_CANAR_prepared_Milbemycin_pocket7_complex_recombined_complex_explicit_stripped_final_frame,Hydrophobic,1482PHE,3.98,,CDR1_CANAR,pocket7,replica_1
CDR1_CANAR_prepared_Milbemycin_pocket7_complex_recombined_complex_explicit_stripped_final_frame,Hydrophobic,1492PHE,3.85,,CDR1_CANAR,pocket7,replica_1
CDR1_CANAR_prepared_Milbemycin_pocket7_complex_recombined_complex_explicit_stripped_final_frame,Hydrophobic,1492PHE,3.8,,CDR1_CANAR,pocket7,replica_1
CDR1_CANAR_prepared_Milbemycin_pocket7_complex_recombined_complex_explicit_stripped_final_frame,Hydrophobic,1492PHE,3.7,,CDR1_CANAR,pocket7,replica_1
CDR1_CANAR_prepared_Milbemycin_pocket1_complex_recombined_complex_explicit_stripped_initial_frame,HydrogenBond,275ASN,4.03,O2->O3,CDR1_CANAR,pocket1,replica_1
CDR1_CANAR_prepared_Milbemycin_pocket1_complex_recombined_complex_explicit_stripped_initial_frame,HydrogenBond,331GLY,3.53,O2->O3,CDR1_CANAR,pocket1,replica_1
CDR1_CANAR_prepared_Milbemycin_pocket1_complex_recombined_complex_explicit_stripped_initial_frame,HydrogenBond,331GLY,3.67,O3->Nam,CDR1_CANAR,pocket1,replica_1
CDR1_CANAR_prepared_Milbemycin_pocket1_complex_recombined_complex_explicit_stripped_initial_frame,Hydrophobic,113TRP,3.3,,CDR1_CANAR,pocket1,replica_1
CDR1_CANAR_prepared_Milbemycin_pocket1_complex_recombined_complex_explicit_stripped_initial_frame,Hydrophobic,273PRO,3.18,,CDR1_CANAR,pocket1,replica_1
CDR1_CANAR_prepared_Milbemycin_pocket1_complex_recombined_complex_explicit_stripped_initial_frame,Hydrophobic,273PRO,2.74,,CDR1_CANAR,pocket1,replica_1
CDR1_CANAR_prepared_Milbemycin_pocket1_complex_recombined_complex_explicit_stripped_initial_frame,Hydrophobic,329LEU,3.8,,CDR1_CANAR,pocket1,replica_1
CDR1_CANAR_prepared_Milbemycin_pocket1_complex_recombined_complex_explicit_stripped_initial_frame,Hydrophobic,114VAL,2.93,,CDR1_CANAR,pocket1,replica_1
CDR1_CANAR_prepared_Milbemycin_pocket1_complex_recombined_complex_explicit_stripped_initial_frame,Hydrophobic,117MET,2.53,,CDR1_CANAR,pocket1,replica_1
CDR1_CANAR_prepared_Milbemycin_pocket1_complex_recombined_complex_explicit_stripped_initial_frame,Hydrophobic,121PHE,1.02,,CDR1_CANAR,pocket1,replica_1
CDR1_CANAR_prepared_Milbemycin_pocket1_complex_recombined_complex_explicit_stripped_initial_frame,Hydrophobic,121PHE,2.09,,CDR1_CANAR,pocket1,replica_1
CDR1_CANAR_prepared_Milbemycin_pocket1_complex_recombined_complex_explicit_stripped_initial_frame,Hydrophobic,363LEU,1.44,,CDR1_CANAR,pocket1,replica_1
CDR1_CANAR_prepared_Milbemycin_pocket1_complex_recombined_complex_explicit_stripped_initial_frame,Hydrophobic,363LEU,1.57,,CDR1_CANAR,pocket1,replica_1
CDR1_CANAR_prepared_Milbemycin_pocket1_complex_recombined_complex_explicit_stripped_initial_frame,Hydrophobic,489LYS,3.65,,CDR1_CANAR,pocket1,replica_1
CDR1_CANAR_prepared_Milbemycin_pocket1_complex_recombined_complex_explicit_stripped_initial_frame,SaltBridge,489LYS,5.38,A↔A,CDR1_CANAR,pocket1,replica_1
CDR1_CANAR_prepared_Milbemycin_pocket1_complex_recombined_complex_explicit_stripped_final_frame,HydrogenBond,335GLN,3.05,O3->Nam,CDR1_CANAR,pocket1,replica_1
CDR1_CANAR_prepared_Milbemycin_pocket1_complex_recombined_complex_explicit_stripped_final_frame,HydrogenBond,131SER,3.19,O3->Nam,CDR1_CANAR,pocket1,replica_1
CDR1_CANAR_prepared_Milbemycin_pocket1_complex_recombined_complex_explicit_stripped_final_frame,HydrogenBond,131SER,2.84,O3->O3,CDR1_CANAR,pocket1,replica_1
CDR1_CANAR_prepared_Milbemycin_pocket1_complex_recombined_complex_explicit_stripped_final_frame,HydrogenBond,275ASN,3.1,O3->Nam,CDR1_CANAR,pocket1,replica_1
CDR1_CANAR_prepared_Milbemycin_pocket1_complex_recombined_complex_explicit_stripped_final_frame,Hydrophobic,113TRP,3.56,,CDR1_CANAR,pocket1,replica_1
CDR1_CANAR_prepared_Milbemycin_pocket1_complex_recombined_complex_explicit_stripped_final_frame,Hydrophobic,121PHE,3.46,,CDR1_CANAR,pocket1,replica_1
CDR1_CANAR_prepared_Milbemycin_pocket1_complex_recombined_complex_explicit_stripped_final_frame,Hydrophobic,273PRO,3.99,,CDR1_CANAR,pocket1,replica_1
CDR1_CANAR_prepared_Milbemycin_pocket1_complex_recombined_complex_explicit_stripped_final_frame,Hydrophobic,356LEU,3.75,,CDR1_CANAR,pocket1,replica_1
CDR1_CANAR_prepared_Milbemycin_pocket1_complex_recombined_complex_explicit_stripped_final_frame,Hydrophobic,121PHE,3.49,,CDR1_CANAR,pocket1,replica_1
CDR1_CANAR_prepared_Milbemycin_pocket11_complex_recombined_complex_explicit_stripped_final_frame,HydrogenBond,309ASP,3.92,O2->O3,CDR1_CANAR,pocket11,replica_1
CDR1_CANAR_prepared_Milbemycin_pocket11_complex_recombined_complex_explicit_stripped_final_frame,Hydrophobic,953ILE,3.8,,CDR1_CANAR,pocket11,replica_1
CDR1_CANAR_prepared_Milbemycin_pocket11_complex_recombined_complex_explicit_stripped_initial_frame,HydrogenBond,252ASP,2.91,O2->O3,CDR1_CANAR,pocket11,replica_1
CDR1_CANAR_prepared_Milbemycin_pocket11_complex_recombined_complex_explicit_stripped_initial_frame,HydrogenBond,252ASP,3.38,O3->Nam,CDR1_CANAR,pocket11,replica_1
CDR1_CANAR_prepared_Milbemycin_pocket11_complex_recombined_complex_explicit_stripped_initial_frame,Hydrophobic,253VAL,3.95,,CDR1_CANAR,pocket11,replica_1
CDR1_CANAR_prepared_Milbemycin_pocket11_complex_recombined_complex_explicit_stripped_initial_frame,Hydrophobic,342ARG,3.93,,CDR1_CANAR,pocket11,replica_1
CDR1_CANAR_prepared_Milbemycin_pocket11_complex_recombined_complex_explicit_stripped_initial_frame,Hydrophobic,951GLN,3.35,,CDR1_CANAR,pocket11,replica_1
CDR1_CANAR_prepared_Milbemycin_pocket11_complex_recombined_complex_explicit_stripped_initial_frame,Hydrophobic,953ILE,3.92,,CDR1_CANAR,pocket11,replica_1
CDR1_CANAR_prepared_Milbemycin_pocket11_complex_recombined_complex_explicit_stripped_initial_frame,Hydrophobic,251THR,2.5,,CDR1_CANAR,pocket11,replica_1
CDR1_CANAR_prepared_Milbemycin_pocket11_complex_recombined_complex_explicit_stripped_initial_frame,Hydrophobic,252ASP,3.75,,CDR1_CANAR,pocket11,replica_1
CDR1_CANAR_prepared_Milbemycin_pocket13_complex_recombined_complex_explicit_stripped_initial_frame,Hydrophobic,556TYR,3.19,,CDR1_CANAR,pocket13,replica_1
CDR1_CANAR_prepared_Milbemycin_pocket13_complex_recombined_complex_explicit_stripped_initial_frame,Hydrophobic,760TYR,3.9,,CDR1_CANAR,pocket13,replica_1
CDR1_CANAR_prepared_Milbemycin_pocket13_complex_recombined_complex_explicit_stripped_initial_frame,Hydrophobic,554PHE,2.97,,CDR1_CANAR,pocket13,replica_1
CDR1_CANAR_prepared_Milbemycin_pocket13_complex_recombined_complex_explicit_stripped_initial_frame,Hydrophobic,555TYR,1.2,,CDR1_CANAR,pocket13,replica_1
CDR1_CANAR_prepared_Milbemycin_pocket13_complex_recombined_complex_explicit_stripped_initial_frame,Hydrophobic,555TYR,1.78,,CDR1_CANAR,pocket13,replica_1
CDR1_CANAR_prepared_Milbemycin_pocket13_complex_recombined_complex_explicit_stripped_initial_frame,Hydrophobic,555TYR,0.61,,CDR1_CANAR,pocket13,replica_1
CDR1_CANAR_prepared_Milbemycin_pocket13_complex_recombined_complex_explicit_stripped_initial_frame,Hydrophobic,745THR,3.56,,CDR1_CANAR,pocket13,replica_1
CDR1_CANAR_prepared_Milbemycin_pocket13_complex_recombined_complex_explicit_stripped_final_frame,HydrogenBond,1230GLN,3.23,O2->O3,CDR1_CANAR,pocket13,replica_1
CDR1_CANAR_prepared_Milbemycin_pocket13_complex_recombined_complex_explicit_stripped_final_frame,Hydrophobic,555TYR,3.97,,CDR1_CANAR,pocket13,replica_1
CDR1_CANAR_prepared_Milbemycin_pocket13_complex_recombined_complex_explicit_stripped_final_frame,Hydrophobic,765PHE,4.0,,CDR1_CANAR,pocket13,replica_1
CDR1_CANAR_prepared_Milbemycin_pocket13_complex_recombined_complex_explicit_stripped_final_frame,Hydrophobic,1461PHE,3.45,,CDR1_CANAR,pocket13,replica_1
CDR1_CANAR_prepared_Milbemycin_pocket13_complex_recombined_complex_explicit_stripped_final_frame,Hydrophobic,1461PHE,3.66,,CDR1_CANAR,pocket13,replica_1
CDR1_CANAR_prepared_Milbemycin_pocket15_complex_recombined_complex_explicit_stripped_final_frame,Hydrophobic,74GLN,3.98,,CDR1_CANAR,pocket15,replica_1
CDR1_CANAR_prepared_Milbemycin_pocket15_complex_recombined_complex_explicit_stripped_final_frame,Hydrophobic,77LEU,3.55,,CDR1_CANAR,pocket15,replica_1
CDR1_CANAR_prepared_Milbemycin_pocket15_complex_recombined_complex_explicit_stripped_final_frame,Hydrophobic,193GLU,3.86,,CDR1_CANAR,pocket15,replica_1
CDR1_CANAR_prepared_Milbemycin_pocket15_complex_recombined_complex_explicit_stripped_initial_frame,Hydrophobic,74GLN,3.71,,CDR1_CANAR,pocket15,replica_1
CDR1_CANAR_prepared_Milbemycin_pocket15_complex_recombined_complex_explicit_stripped_initial_frame,Hydrophobic,77LEU,2.9,,CDR1_CANAR,pocket15,replica_1
CDR1_CANAR_prepared_Milbemycin_pocket15_complex_recombined_complex_explicit_stripped_initial_frame,Hydrophobic,193GLU,3.51,,CDR1_CANAR,pocket15,replica_1
CDR1_CANAR_prepared_Milbemycin_pocket15_complex_recombined_complex_explicit_stripped_initial_frame,Hydrophobic,77LEU,3.93,,CDR1_CANAR,pocket15,replica_1
CDR1_CANAR_prepared_Milbemycin_pocket15_complex_recombined_complex_explicit_stripped_initial_frame,Hydrophobic,77LEU,3.2,,CDR1_CANAR,pocket15,replica_1
CDR1_CANAR_prepared_Milbemycin_pocket15_complex_recombined_complex_explicit_stripped_initial_frame,Hydrophobic,383ASP,2.81,,CDR1_CANAR,pocket15,replica_1
CDR1_CANAR_prepared_Milbemycin_pocket9_complex_recombined_complex_explicit_stripped_initial_frame,HydrogenBond,1415ILE,3.9,O3->Nam,CDR1_CANAR,pocket9,replica_1
CDR1_CANAR_prepared_Milbemycin_pocket9_complex_recombined_complex_explicit_stripped_initial_frame,Hydrophobic,1413ARG,3.9,,CDR1_CANAR,pocket9,replica_1
CDR1_CANAR_prepared_Milbemycin_pocket9_complex_recombined_complex_explicit_stripped_initial_frame,Hydrophobic,1415ILE,2.93,,CDR1_CANAR,pocket9,replica_1
CDR1_CANAR_prepared_Milbemycin_pocket9_complex_recombined_complex_explicit_stripped_initial_frame,Hydrophobic,763THR,1.76,,CDR1_CANAR,pocket9,replica_1
CDR1_CANAR_prepared_Milbemycin_pocket9_complex_recombined_complex_explicit_stripped_initial_frame,Hydrophobic,1413ARG,1.31,,CDR1_CANAR,pocket9,replica_1
CDR1_CANAR_prepared_Milbemycin_pocket9_complex_recombined_complex_explicit_stripped_final_frame,HydrogenBond,762GLN,3.92,O3->Nam,CDR1_CANAR,pocket9,replica_1
CDR1_CANAR_prepared_Milbemycin_pocket9_complex_recombined_complex_explicit_stripped_final_frame,Hydrophobic,763THR,3.91,,CDR1_CANAR,pocket9,replica_1
CDR1_CANAR_prepared_Milbemycin_pocket9_complex_recombined_complex_explicit_stripped_final_frame,Hydrophobic,766GLU,3.73,,CDR1_CANAR,pocket9,replica_1
CDR1_CANAR_prepared_Milbemycin_pocket5_complex_recombined_complex_explicit_stripped_initial_frame,Hydrophobic,556TYR,3.11,,CDR1_CANAR,pocket5,replica_1
CDR1_CANAR_prepared_Milbemycin_pocket5_complex_recombined_complex_explicit_stripped_initial_frame,Hydrophobic,760TYR,3.88,,CDR1_CANAR,pocket5,replica_1
CDR1_CANAR_prepared_Milbemycin_pocket5_complex_recombined_complex_explicit_stripped_initial_frame,Hydrophobic,554PHE,2.84,,CDR1_CANAR,pocket5,replica_1
CDR1_CANAR_prepared_Milbemycin_pocket5_complex_recombined_complex_explicit_stripped_initial_frame,Hydrophobic,555TYR,1.3,,CDR1_CANAR,pocket5,replica_1
CDR1_CANAR_prepared_Milbemycin_pocket5_complex_recombined_complex_explicit_stripped_initial_frame,Hydrophobic,555TYR,1.75,,CDR1_CANAR,pocket5,replica_1
CDR1_CANAR_prepared_Milbemycin_pocket5_complex_recombined_complex_explicit_stripped_initial_frame,Hydrophobic,555TYR,0.59,,CDR1_CANAR,pocket5,replica_1
CDR1_CANAR_prepared_Milbemycin_pocket5_complex_recombined_complex_explicit_stripped_initial_frame,Hydrophobic,745THR,3.42,,CDR1_CANAR,pocket5,replica_1
CDR1_CANAR_prepared_Milbemycin_pocket5_complex_recombined_complex_explicit_stripped_final_frame,HydrogenBond,746ALA,2.64,O3->Nam,CDR1_CANAR,pocket5,replica_1
CDR1_CANAR_prepared_Milbemycin_pocket5_complex_recombined_complex_explicit_stripped_final_frame,Hydrophobic,555TYR,3.68,,CDR1_CANAR,pocket5,replica_1
CDR1_CANAR_prepared_Milbemycin_pocket5_complex_recombined_complex_explicit_stripped_final_frame,Hydrophobic,555TYR,3.59,,CDR1_CANAR,pocket5,replica_1
CDR1_CANAR_prepared_Milbemycin_pocket5_complex_recombined_complex_explicit_stripped_final_frame,Hydrophobic,684PHE,3.95,,CDR1_CANAR,pocket5,replica_1
CDR1_CANAR_prepared_Milbemycin_pocket5_complex_recombined_complex_explicit_stripped_final_frame,Hydrophobic,1413ARG,3.88,,CDR1_CANAR,pocket5,replica_1
CDR1_CANAR_prepared_Milbemycin_pocket5_complex_recombined_complex_explicit_stripped_final_frame,Hydrophobic,1461PHE,3.33,,CDR1_CANAR,pocket5,replica_1
CDR1_CANAR_prepared_Milbemycin_pocket5_complex_recombined_complex_explicit_stripped_final_frame,Hydrophobic,1461PHE,3.54,,CDR1_CANAR,pocket5,replica_1
CDR1_CANAR_prepared_Milbemycin_pocket5_complex_recombined_complex_explicit_stripped_final_frame,Hydrophobic,765PHE,3.69,,CDR1_CANAR,pocket5,replica_1
CDR1_CANAR_prepared_Milbemycin_pocket3_complex_recombined_complex_explicit_stripped_final_frame,HydrogenBond,581GLU,2.83,O2->O3,CDR1_CANAR,pocket3,replica_1
CDR1_CANAR_prepared_Milbemycin_pocket3_complex_recombined_complex_explicit_stripped_final_frame,HydrogenBond,581GLU,2.94,O3->O3,CDR1_CANAR,pocket3,replica_1
CDR1_CANAR_prepared_Milbemycin_pocket3_complex_recombined_complex_explicit_stripped_final_frame,HydrogenBond,581GLU,2.94,O3->O3,CDR1_CANAR,pocket3,replica_1
CDR1_CANAR_prepared_Milbemycin_pocket3_complex_recombined_complex_explicit_stripped_final_frame,Hydrophobic,310PHE,3.42,,CDR1_CANAR,pocket3,replica_1
CDR1_CANAR_prepared_Milbemycin_pocket3_complex_recombined_complex_explicit_stripped_final_frame,Hydrophobic,581GLU,3.08,,CDR1_CANAR,pocket3,replica_1
CDR1_CANAR_prepared_Milbemycin_pocket3_complex_recombined_complex_explicit_stripped_final_frame,Hydrophobic,581GLU,2.4,,CDR1_CANAR,pocket3,replica_1
CDR1_CANAR_prepared_Milbemycin_pocket3_complex_recombined_complex_explicit_stripped_initial_frame,HydrogenBond,578SER,1.78,O2->O3,CDR1_CANAR,pocket3,replica_1
CDR1_CANAR_prepared_Milbemycin_pocket3_complex_recombined_complex_explicit_stripped_initial_frame,HydrogenBond,581GLU,2.96,O3->O3,CDR1_CANAR,pocket3,replica_1
CDR1_CANAR_prepared_Milbemycin_pocket3_complex_recombined_complex_explicit_stripped_initial_frame,HydrogenBond,582ALA,2.63,O3->Nam,CDR1_CANAR,pocket3,replica_1
CDR1_CANAR_prepared_Milbemycin_pocket3_complex_recombined_complex_explicit_stripped_initial_frame,HydrogenBond,583ARG,4.1,O3->Nam,CDR1_CANAR,pocket3,replica_1
CDR1_CANAR_prepared_Milbemycin_pocket3_complex_recombined_complex_explicit_stripped_initial_frame,Hydrophobic,310PHE,3.5,,CDR1_CANAR,pocket3,replica_1
CDR1_CANAR_prepared_Milbemycin_pocket3_complex_recombined_complex_explicit_stripped_initial_frame,Hydrophobic,310PHE,3.73,,CDR1_CANAR,pocket3,replica_1
CDR1_CANAR_prepared_Milbemycin_pocket3_complex_recombined_complex_explicit_stripped_initial_frame,Hydrophobic,1256PRO,3.98,,CDR1_CANAR,pocket3,replica_1
CDR1_CANAR_prepared_Milbemycin_pocket3_complex_recombined_complex_explicit_stripped_initial_frame,Hydrophobic,310PHE,2.93,,CDR1_CANAR,pocket3,replica_1
CDR1_CANAR_prepared_Milbemycin_pocket3_complex_recombined_complex_explicit_stripped_initial_frame,Hydrophobic,580PHE,2.96,,CDR1_CANAR,pocket3,replica_1
CDR1_CANAR_prepared_Milbemycin_pocket3_complex_recombined_complex_explicit_stripped_initial_frame,Hydrophobic,581GLU,2.51,,CDR1_CANAR,pocket3,replica_1
CDR1_CANAR_prepared_Milbemycin_pocket3_complex_recombined_complex_explicit_stripped_initial_frame,Hydrophobic,581GLU,2.56,,CDR1_CANAR,pocket3,replica_1
CDR1_CANAR_prepared_Milbemycin_pocket12_complex_recombined_complex_explicit_stripped_initial_frame,HydrogenBond,1266GLU,2.41,O2->O3,CDR1_CANAR,pocket12,replica_1
CDR1_CANAR_prepared_Milbemycin_pocket12_complex_recombined_complex_explicit_stripped_initial_frame,HydrogenBond,1349GLU,3.68,O3->O3,CDR1_CANAR,pocket12,replica_1
CDR1_CANAR_prepared_Milbemycin_pocket12_complex_recombined_complex_explicit_stripped_initial_frame,Hydrophobic,1271PRO,3.74,,CDR1_CANAR,pocket12,replica_1
CDR1_CANAR_prepared_Milbemycin_pocket12_complex_recombined_complex_explicit_stripped_initial_frame,Hydrophobic,919ARG,2.72,,CDR1_CANAR,pocket12,replica_1
CDR1_CANAR_prepared_Milbemycin_pocket12_complex_recombined_complex_explicit_stripped_initial_frame,Hydrophobic,921THR,3.11,,CDR1_CANAR,pocket12,replica_1
CDR1_CANAR_prepared_Milbemycin_pocket12_complex_recombined_complex_explicit_stripped_initial_frame,Hydrophobic,1270ALA,2.95,,CDR1_CANAR,pocket12,replica_1
CDR1_CANAR_prepared_Milbemycin_pocket12_complex_recombined_complex_explicit_stripped_initial_frame,Hydrophobic,1271PRO,2.61,,CDR1_CANAR,pocket12,replica_1
CDR1_CANAR_prepared_Milbemycin_pocket12_complex_recombined_complex_explicit_stripped_final_frame,Hydrophobic,1271PRO,3.86,,CDR1_CANAR,pocket12,replica_1
CDR1_CANAR_prepared_Milbemycin_pocket12_complex_recombined_complex_explicit_stripped_final_frame,Hydrophobic,1500PRO,3.66,,CDR1_CANAR,pocket12,replica_1
CDR1_CANAR_prepared_Milbemycin_pocket12_complex_recombined_complex_explicit_stripped_final_frame,Hydrophobic,1270ALA,3.65,,CDR1_CANAR,pocket12,replica_1
CDR1_CANAR_prepared_Milbemycin_pocket14_complex_recombined_complex_explicit_stripped_initial_frame,HydrogenBond,389TYR,4.05,O3->O3,CDR1_CANAR,pocket14,replica_1
CDR1_CANAR_prepared_Milbemycin_pocket14_complex_recombined_complex_explicit_stripped_initial_frame,HydrogenBond,429PRO,4.09,O2->O3,CDR1_CANAR,pocket14,replica_1
CDR1_CANAR_prepared_Milbemycin_pocket14_complex_recombined_complex_explicit_stripped_initial_frame,HydrogenBond,389TYR,4.05,O3->O3,CDR1_CANAR,pocket14,replica_1
CDR1_CANAR_prepared_Milbemycin_pocket14_complex_recombined_complex_explicit_stripped_initial_frame,HydrogenBond,847GLU,3.8,O3->O3,CDR1_CANAR,pocket14,replica_1
CDR1_CANAR_prepared_Milbemycin_pocket14_complex_recombined_complex_explicit_stripped_initial_frame,Hydrophobic,429PRO,3.59,,CDR1_CANAR,pocket14,replica_1
CDR1_CANAR_prepared_Milbemycin_pocket14_complex_recombined_complex_explicit_stripped_initial_frame,Hydrophobic,847GLU,3.5,,CDR1_CANAR,pocket14,replica_1
CDR1_CANAR_prepared_Milbemycin_pocket14_complex_recombined_complex_explicit_stripped_initial_frame,Hydrophobic,429PRO,2.0,,CDR1_CANAR,pocket14,replica_1
CDR1_CANAR_prepared_Milbemycin_pocket14_complex_recombined_complex_explicit_stripped_final_frame,HydrogenBond,429PRO,2.74,O2->O3,CDR1_CANAR,pocket14,replica_1
CDR1_CANAR_prepared_Milbemycin_pocket14_complex_recombined_complex_explicit_stripped_final_frame,HydrogenBond,848LYS,3.21,O3->N3+,CDR1_CANAR,pocket14,replica_1
CDR1_CANAR_prepared_Milbemycin_pocket14_complex_recombined_complex_explicit_stripped_final_frame,Hydrophobic,430GLU,3.88,,CDR1_CANAR,pocket14,replica_1
CDR1_CANAR_prepared_Milbemycin_pocket14_complex_recombined_complex_explicit_stripped_final_frame,Hydrophobic,444ARG,3.76,,CDR1_CANAR,pocket14,replica_1
CDR1_CANAR_prepared_Milbemycin_pocket14_complex_recombined_complex_explicit_stripped_final_frame,SaltBridge,848LYS,5.32,A↔A,CDR1_CANAR,pocket14,replica_1
CDR1_CANAR_prepared_Milbemycin_pocket2_complex_recombined_complex_explicit_stripped_initial_frame,HydrogenBond,1013GLN,3.37,O3->Nam,CDR1_CANAR,pocket2,replica_1
CDR1_CANAR_prepared_Milbemycin_pocket2_complex_recombined_complex_explicit_stripped_initial_frame,Hydrophobic,200ARG,3.34,,CDR1_CANAR,pocket2,replica_1
CDR1_CANAR_prepared_Milbemycin_pocket2_complex_recombined_complex_explicit_stripped_initial_frame,Hydrophobic,806ILE,3.72,,CDR1_CANAR,pocket2,replica_1
CDR1_CANAR_prepared_Milbemycin_pocket2_complex_recombined_complex_explicit_stripped_initial_frame,Hydrophobic,842TYR,3.39,,CDR1_CANAR,pocket2,replica_1
CDR1_CANAR_prepared_Milbemycin_pocket2_complex_recombined_complex_explicit_stripped_initial_frame,Hydrophobic,842TYR,3.47,,CDR1_CANAR,pocket2,replica_1
CDR1_CANAR_prepared_Milbemycin_pocket2_complex_recombined_complex_explicit_stripped_initial_frame,Hydrophobic,997TYR,3.13,,CDR1_CANAR,pocket2,replica_1
CDR1_CANAR_prepared_Milbemycin_pocket2_complex_recombined_complex_explicit_stripped_initial_frame,Hydrophobic,997TYR,3.45,,CDR1_CANAR,pocket2,replica_1
CDR1_CANAR_prepared_Milbemycin_pocket2_complex_recombined_complex_explicit_stripped_initial_frame,Hydrophobic,996ALA,3.5,,CDR1_CANAR,pocket2,replica_1
CDR1_CANAR_prepared_Milbemycin_pocket2_complex_recombined_complex_explicit_stripped_final_frame,HydrogenBond,805GLU,2.8,O2->O3,CDR1_CANAR,pocket2,replica_1
CDR1_CANAR_prepared_Milbemycin_pocket2_complex_recombined_complex_explicit_stripped_final_frame,HydrogenBond,843SER,3.82,O3->Nam,CDR1_CANAR,pocket2,replica_1
CDR1_CANAR_prepared_Milbemycin_pocket2_complex_recombined_complex_explicit_stripped_final_frame,Hydrophobic,179PHE,3.41,,CDR1_CANAR,pocket2,replica_1
CDR1_CANAR_prepared_Milbemycin_pocket2_complex_recombined_complex_explicit_stripped_final_frame,Hydrophobic,181ILE,3.94,,CDR1_CANAR,pocket2,replica_1
CDR1_CANAR_prepared_Milbemycin_pocket2_complex_recombined_complex_explicit_stripped_final_frame,Hydrophobic,806ILE,3.78,,CDR1_CANAR,pocket2,replica_1
CDR1_CANAR_prepared_Milbemycin_pocket2_complex_recombined_complex_explicit_stripped_final_frame,Hydrophobic,809PHE,3.56,,CDR1_CANAR,pocket2,replica_1
CDR1_CANAR_prepared_Milbemycin_pocket2_complex_recombined_complex_explicit_stripped_final_frame,Hydrophobic,997TYR,3.82,,CDR1_CANAR,pocket2,replica_1
CDR1_CANAR_prepared_Milbemycin_pocket2_complex_recombined_complex_explicit_stripped_final_frame,Hydrophobic,997TYR,3.94,,CDR1_CANAR,pocket2,replica_1
CDR1_CANAR_prepared_Milbemycin_pocket2_complex_recombined_complex_explicit_stripped_final_frame,Hydrophobic,997TYR,3.93,,CDR1_CANAR,pocket2,replica_1
CDR1_CANAR_prepared_Milbemycin_pocket2_complex_recombined_complex_explicit_stripped_final_frame,Hydrophobic,1000ALA,3.79,,CDR1_CANAR,pocket2,replica_1
CDR1_CANAR_prepared_Milbemycin_pocket2_complex_recombined_complex_explicit_stripped_final_frame,Hydrophobic,1009LEU,3.71,,CDR1_CANAR,pocket2,replica_1
CDR1_CANAR_prepared_Milbemycin_pocket2_complex_recombined_complex_explicit_stripped_final_frame,Hydrophobic,1013GLN,3.99,,CDR1_CANAR,pocket2,replica_1
PDH1_CANGA_prepared_Milbemycin_pocket10_complex_recombined_complex_explicit_stripped_initial_frame,Hydrophobic,695TRP,1.13,,PDH1_CANGA,pocket10,replica_1
PDH1_CANGA_prepared_Milbemycin_pocket10_complex_recombined_complex_explicit_stripped_initial_frame,Hydrophobic,696ILE,3.17,,PDH1_CANGA,pocket10,replica_1
PDH1_CANGA_prepared_Milbemycin_pocket10_complex_recombined_complex_explicit_stripped_initial_frame,Hydrophobic,1231PHE,3.68,,PDH1_CANGA,pocket10,replica_1
PDH1_CANGA_prepared_Milbemycin_pocket10_complex_recombined_complex_explicit_stripped_initial_frame,Hydrophobic,692TRP,1.99,,PDH1_CANGA,pocket10,replica_1
PDH1_CANGA_prepared_Milbemycin_pocket10_complex_recombined_complex_explicit_stripped_initial_frame,Hydrophobic,692TRP,1.85,,PDH1_CANGA,pocket10,replica_1
PDH1_CANGA_prepared_Milbemycin_pocket10_complex_recombined_complex_explicit_stripped_initial_frame,Hydrophobic,695TRP,0.99,,PDH1_CANGA,pocket10,replica_1
PDH1_CANGA_prepared_Milbemycin_pocket10_complex_recombined_complex_explicit_stripped_initial_frame,Hydrophobic,696ILE,2.76,,PDH1_CANGA,pocket10,replica_1
PDH1_CANGA_prepared_Milbemycin_pocket10_complex_recombined_complex_explicit_stripped_initial_frame,Hydrophobic,1238PHE,1.95,,PDH1_CANGA,pocket10,replica_1
PDH1_CANGA_prepared_Milbemycin_pocket10_complex_recombined_complex_explicit_stripped_final_frame,Hydrophobic,1231PHE,3.68,,PDH1_CANGA,pocket10,replica_1
PDH1_CANGA_prepared_Milbemycin_pocket10_complex_recombined_complex_explicit_stripped_final_frame,Hydrophobic,1231PHE,3.94,,PDH1_CANGA,pocket10,replica_1
PDH1_CANGA_prepared_Milbemycin_pocket10_complex_recombined_complex_explicit_stripped_final_frame,Hydrophobic,1234LEU,3.76,,PDH1_CANGA,pocket10,replica_1
PDH1_CANGA_prepared_Milbemycin_pocket10_complex_recombined_complex_explicit_stripped_final_frame,Hydrophobic,1235PHE,3.54,,PDH1_CANGA,pocket10,replica_1
PDH1_CANGA_prepared_Milbemycin_pocket10_complex_recombined_complex_explicit_stripped_final_frame,Hydrophobic,1235PHE,3.3,,PDH1_CANGA,pocket10,replica_1
PDH1_CANGA_prepared_Milbemycin_pocket4_complex_recombined_complex_explicit_stripped_initial_frame,Hydrophobic,527PHE,2.82,,PDH1_CANGA,pocket4,replica_1
PDH1_CANGA_prepared_Milbemycin_pocket4_complex_recombined_complex_explicit_stripped_initial_frame,Hydrophobic,531ALA,3.8,,PDH1_CANGA,pocket4,replica_1
PDH1_CANGA_prepared_Milbemycin_pocket4_complex_recombined_complex_explicit_stripped_initial_frame,Hydrophobic,534PHE,3.06,,PDH1_CANGA,pocket4,replica_1
PDH1_CANGA_prepared_Milbemycin_pocket4_complex_recombined_complex_explicit_stripped_initial_frame,Hydrophobic,616LEU,3.6,,PDH1_CANGA,pocket4,replica_1
PDH1_CANGA_prepared_Milbemycin_pocket4_complex_recombined_complex_explicit_stripped_initial_frame,Hydrophobic,620ILE,3.25,,PDH1_CANGA,pocket4,replica_1
PDH1_CANGA_prepared_Milbemycin_pocket4_complex_recombined_complex_explicit_stripped_initial_frame,Hydrophobic,527PHE,2.0,,PDH1_CANGA,pocket4,replica_1
PDH1_CANGA_prepared_Milbemycin_pocket4_complex_recombined_complex_explicit_stripped_initial_frame,Hydrophobic,534PHE,2.97,,PDH1_CANGA,pocket4,replica_1
PDH1_CANGA_prepared_Milbemycin_pocket4_complex_recombined_complex_explicit_stripped_final_frame,Hydrophobic,527PHE,3.97,,PDH1_CANGA,pocket4,replica_1
PDH1_CANGA_prepared_Milbemycin_pocket4_complex_recombined_complex_explicit_stripped_final_frame,Hydrophobic,531ALA,3.96,,PDH1_CANGA,pocket4,replica_1
PDH1_CANGA_prepared_Milbemycin_pocket4_complex_recombined_complex_explicit_stripped_final_frame,Hydrophobic,534PHE,3.95,,PDH1_CANGA,pocket4,replica_1
PDH1_CANGA_prepared_Milbemycin_pocket4_complex_recombined_complex_explicit_stripped_final_frame,Hydrophobic,534PHE,3.91,,PDH1_CANGA,pocket4,replica_1
PDH1_CANGA_prepared_Milbemycin_pocket4_complex_recombined_complex_explicit_stripped_final_frame,Hydrophobic,527PHE,3.84,,PDH1_CANGA,pocket4,replica_1
PDH1_CANGA_prepared_Milbemycin_pocket8_complex_recombined_complex_explicit_stripped_initial_frame,Hydrophobic,1377LEU,3.69,,PDH1_CANGA,pocket8,replica_1
PDH1_CANGA_prepared_Milbemycin_pocket8_complex_recombined_complex_explicit_stripped_initial_frame,Hydrophobic,1378MET,3.46,,PDH1_CANGA,pocket8,replica_1
PDH1_CANGA_prepared_Milbemycin_pocket8_complex_recombined_complex_explicit_stripped_initial_frame,Hydrophobic,1401PHE,3.53,,PDH1_CANGA,pocket8,replica_1
PDH1_CANGA_prepared_Milbemycin_pocket8_complex_recombined_complex_explicit_stripped_initial_frame,Hydrophobic,1503PHE,3.69,,PDH1_CANGA,pocket8,replica_1
PDH1_CANGA_prepared_Milbemycin_pocket8_complex_recombined_complex_explicit_stripped_initial_frame,Hydrophobic,535ILE,2.35,,PDH1_CANGA,pocket8,replica_1
PDH1_CANGA_prepared_Milbemycin_pocket8_complex_recombined_complex_explicit_stripped_initial_frame,Hydrophobic,1360PHE,2.45,,PDH1_CANGA,pocket8,replica_1
PDH1_CANGA_prepared_Milbemycin_pocket8_complex_recombined_complex_explicit_stripped_initial_frame,Hydrophobic,1401PHE,2.6,,PDH1_CANGA,pocket8,replica_1
PDH1_CANGA_prepared_Milbemycin_pocket8_complex_recombined_complex_explicit_stripped_initial_frame,Hydrophobic,1405VAL,2.75,,PDH1_CANGA,pocket8,replica_1
PDH1_CANGA_prepared_Milbemycin_pocket8_complex_recombined_complex_explicit_stripped_initial_frame,Hydrophobic,1405VAL,1.8,,PDH1_CANGA,pocket8,replica_1
PDH1_CANGA_prepared_Milbemycin_pocket8_complex_recombined_complex_explicit_stripped_final_frame,HydrogenBond,1378MET,2.6,O2->O3,PDH1_CANGA,pocket8,replica_1
PDH1_CANGA_prepared_Milbemycin_pocket8_complex_recombined_complex_explicit_stripped_final_frame,Hydrophobic,531ALA,3.98,,PDH1_CANGA,pocket8,replica_1
PDH1_CANGA_prepared_Milbemycin_pocket8_complex_recombined_complex_explicit_stripped_final_frame,Hydrophobic,1377LEU,3.77,,PDH1_CANGA,pocket8,replica_1
PDH1_CANGA_prepared_Milbemycin_pocket7_complex_recombined_complex_explicit_stripped_final_frame,HydrogenBond,579GLU,3.68,O3->Nam,PDH1_CANGA,pocket7,replica_1
PDH1_CANGA_prepared_Milbemycin_pocket7_complex_recombined_complex_explicit_stripped_final_frame,Hydrophobic,246ILE,3.71,,PDH1_CANGA,pocket7,replica_1
PDH1_CANGA_prepared_Milbemycin_pocket7_complex_recombined_complex_explicit_stripped_final_frame,Hydrophobic,248LEU,3.91,,PDH1_CANGA,pocket7,replica_1
PDH1_CANGA_prepared_Milbemycin_pocket7_complex_recombined_complex_explicit_stripped_final_frame,Hydrophobic,249PRO,3.67,,PDH1_CANGA,pocket7,replica_1
PDH1_CANGA_prepared_Milbemycin_pocket7_complex_recombined_complex_explicit_stripped_final_frame,Hydrophobic,304LEU,3.97,,PDH1_CANGA,pocket7,replica_1
PDH1_CANGA_prepared_Milbemycin_pocket7_complex_recombined_complex_explicit_stripped_final_frame,Hydrophobic,578TYR,3.98,,PDH1_CANGA,pocket7,replica_1
PDH1_CANGA_prepared_Milbemycin_pocket7_complex_recombined_complex_explicit_stripped_final_frame,Hydrophobic,583ILE,3.65,,PDH1_CANGA,pocket7,replica_1
PDH1_CANGA_prepared_Milbemycin_pocket7_complex_recombined_complex_explicit_stripped_final_frame,Hydrophobic,1368ALA,3.71,,PDH1_CANGA,pocket7,replica_1
PDH1_CANGA_prepared_Milbemycin_pocket7_complex_recombined_complex_explicit_stripped_final_frame,Hydrophobic,579GLU,2.38,,PDH1_CANGA,pocket7,replica_1
PDH1_CANGA_prepared_Milbemycin_pocket7_complex_recombined_complex_explicit_stripped_initial_frame,HydrogenBond,581ARG,3.61,O3->Nam,PDH1_CANGA,pocket7,replica_1
PDH1_CANGA_prepared_Milbemycin_pocket7_complex_recombined_complex_explicit_stripped_initial_frame,HydrogenBond,1277GLN,3.9,O3->Nam,PDH1_CANGA,pocket7,replica_1
PDH1_CANGA_prepared_Milbemycin_pocket7_complex_recombined_complex_explicit_stripped_initial_frame,Hydrophobic,575PHE,3.93,,PDH1_CANGA,pocket7,replica_1
PDH1_CANGA_prepared_Milbemycin_pocket7_complex_recombined_complex_explicit_stripped_initial_frame,Hydrophobic,578TYR,3.8,,PDH1_CANGA,pocket7,replica_1
PDH1_CANGA_prepared_Milbemycin_pocket7_complex_recombined_complex_explicit_stripped_initial_frame,Hydrophobic,581ARG,3.95,,PDH1_CANGA,pocket7,replica_1
PDH1_CANGA_prepared_Milbemycin_pocket7_complex_recombined_complex_explicit_stripped_initial_frame,Hydrophobic,583ILE,3.89,,PDH1_CANGA,pocket7,replica_1
PDH1_CANGA_prepared_Milbemycin_pocket7_complex_recombined_complex_explicit_stripped_initial_frame,Hydrophobic,579GLU,1.16,,PDH1_CANGA,pocket7,replica_1
PDH1_CANGA_prepared_Milbemycin_pocket7_complex_recombined_complex_explicit_stripped_initial_frame,Hydrophobic,580ALA,2.58,,PDH1_CANGA,pocket7,replica_1
PDH1_CANGA_prepared_Milbemycin_pocket7_complex_recombined_complex_explicit_stripped_initial_frame,Hydrophobic,582PRO,3.4,,PDH1_CANGA,pocket7,replica_1
PDH1_CANGA_prepared_Milbemycin_pocket1_complex_recombined_complex_explicit_stripped_initial_frame,HydrogenBond,356ILE,3.79,O2->O3,PDH1_CANGA,pocket1,replica_1
PDH1_CANGA_prepared_Milbemycin_pocket1_complex_recombined_complex_explicit_stripped_initial_frame,Hydrophobic,111ALA,0.91,,PDH1_CANGA,pocket1,replica_1
PDH1_CANGA_prepared_Milbemycin_pocket1_complex_recombined_complex_explicit_stripped_initial_frame,Hydrophobic,356ILE,2.81,,PDH1_CANGA,pocket1,replica_1
PDH1_CANGA_prepared_Milbemycin_pocket1_complex_recombined_complex_explicit_stripped_initial_frame,SaltBridge,112LYS,5.07,A↔A,PDH1_CANGA,pocket1,replica_1
PDH1_CANGA_prepared_Milbemycin_pocket1_complex_recombined_complex_explicit_stripped_final_frame,HydrogenBond,71PHE,4.02,O2->O3,PDH1_CANGA,pocket1,replica_1
PDH1_CANGA_prepared_Milbemycin_pocket1_complex_recombined_complex_explicit_stripped_final_frame,HydrogenBond,108GLN,3.05,O3->Nam,PDH1_CANGA,pocket1,replica_1
PDH1_CANGA_prepared_Milbemycin_pocket1_complex_recombined_complex_explicit_stripped_final_frame,Hydrophobic,111ALA,3.67,,PDH1_CANGA,pocket1,replica_1
PDH1_CANGA_prepared_Milbemycin_pocket1_complex_recombined_complex_explicit_stripped_final_frame,Hydrophobic,108GLN,3.75,,PDH1_CANGA,pocket1,replica_1
PDH1_CANGA_prepared_Milbemycin_pocket1_complex_recombined_complex_explicit_stripped_final_frame,SaltBridge,112LYS,2.65,A↔A,PDH1_CANGA,pocket1,replica_1
PDH1_CANGA_prepared_Milbemycin_pocket11_complex_recombined_complex_explicit_stripped_initial_frame,Hydrophobic,583ILE,3.11,,PDH1_CANGA,pocket11,replica_1
PDH1_CANGA_prepared_Milbemycin_pocket11_complex_recombined_complex_explicit_stripped_initial_frame,Hydrophobic,244ALA,1.64,,PDH1_CANGA,pocket11,replica_1
PDH1_CANGA_prepared_Milbemycin_pocket11_complex_recombined_complex_explicit_stripped_initial_frame,Hydrophobic,246ILE,2.23,,PDH1_CANGA,pocket11,replica_1
PDH1_CANGA_prepared_Milbemycin_pocket11_complex_recombined_complex_explicit_stripped_initial_frame,Hydrophobic,246ILE,1.62,,PDH1_CANGA,pocket11,replica_1
PDH1_CANGA_prepared_Milbemycin_pocket11_complex_recombined_complex_explicit_stripped_initial_frame,Hydrophobic,582PRO,2.91,,PDH1_CANGA,pocket11,replica_1
PDH1_CANGA_prepared_Milbemycin_pocket11_complex_recombined_complex_explicit_stripped_initial_frame,Hydrophobic,583ILE,2.21,,PDH1_CANGA,pocket11,replica_1
PDH1_CANGA_prepared_Milbemycin_pocket11_complex_recombined_complex_explicit_stripped_final_frame,HydrogenBond,1277GLN,3.25,O3->Nam,PDH1_CANGA,pocket11,replica_1
PDH1_CANGA_prepared_Milbemycin_pocket11_complex_recombined_complex_explicit_stripped_final_frame,HydrogenBond,973LYS,3.02,O3->N3+,PDH1_CANGA,pocket11,replica_1
PDH1_CANGA_prepared_Milbemycin_pocket11_complex_recombined_complex_explicit_stripped_final_frame,Hydrophobic,304LEU,3.96,,PDH1_CANGA,pocket11,replica_1
PDH1_CANGA_prepared_Milbemycin_pocket11_complex_recombined_complex_explicit_stripped_final_frame,Hydrophobic,582PRO,3.94,,PDH1_CANGA,pocket11,replica_1
PDH1_CANGA_prepared_Milbemycin_pocket11_complex_recombined_complex_explicit_stripped_final_frame,Hydrophobic,1280ASP,3.72,,PDH1_CANGA,pocket11,replica_1
PDH1_CANGA_prepared_Milbemycin_pocket11_complex_recombined_complex_explicit_stripped_final_frame,Hydrophobic,1281LEU,3.97,,PDH1_CANGA,pocket11,replica_1
PDH1_CANGA_prepared_Milbemycin_pocket13_complex_recombined_complex_explicit_stripped_final_frame,HydrogenBond,580ALA,2.38,O3->N3,PDH1_CANGA,pocket13,replica_1
PDH1_CANGA_prepared_Milbemycin_pocket13_complex_recombined_complex_explicit_stripped_final_frame,Hydrophobic,249PRO,3.83,,PDH1_CANGA,pocket13,replica_1
PDH1_CANGA_prepared_Milbemycin_pocket13_complex_recombined_complex_explicit_stripped_final_frame,Hydrophobic,250HIS,3.97,,PDH1_CANGA,pocket13,replica_1
PDH1_CANGA_prepared_Milbemycin_pocket13_complex_recombined_complex_explicit_stripped_final_frame,Hydrophobic,302ASN,3.72,,PDH1_CANGA,pocket13,replica_1
PDH1_CANGA_prepared_Milbemycin_pocket13_complex_recombined_complex_explicit_stripped_final_frame,Hydrophobic,305VAL,3.71,,PDH1_CANGA,pocket13,replica_1
PDH1_CANGA_prepared_Milbemycin_pocket13_complex_recombined_complex_explicit_stripped_final_frame,Hydrophobic,575PHE,3.74,,PDH1_CANGA,pocket13,replica_1
PDH1_CANGA_prepared_Milbemycin_pocket13_complex_recombined_complex_explicit_stripped_final_frame,Hydrophobic,581ARG,3.94,,PDH1_CANGA,pocket13,replica_1
PDH1_CANGA_prepared_Milbemycin_pocket13_complex_recombined_complex_explicit_stripped_final_frame,Hydrophobic,582PRO,3.97,,PDH1_CANGA,pocket13,replica_1
PDH1_CANGA_prepared_Milbemycin_pocket13_complex_recombined_complex_explicit_stripped_final_frame,Hydrophobic,662LEU,3.92,,PDH1_CANGA,pocket13,replica_1
PDH1_CANGA_prepared_Milbemycin_pocket13_complex_recombined_complex_explicit_stripped_final_frame,Hydrophobic,798ALA,3.59,,PDH1_CANGA,pocket13,replica_1
PDH1_CANGA_prepared_Milbemycin_pocket13_complex_recombined_complex_explicit_stripped_final_frame,Hydrophobic,1369GLU,3.71,,PDH1_CANGA,pocket13,replica_1
PDH1_CANGA_prepared_Milbemycin_pocket13_complex_recombined_complex_explicit_stripped_final_frame,Hydrophobic,579GLU,2.62,,PDH1_CANGA,pocket13,replica_1
PDH1_CANGA_prepared_Milbemycin_pocket13_complex_recombined_complex_explicit_stripped_final_frame,SaltBridge,250HIS,4.94,A↔A,PDH1_CANGA,pocket13,replica_1
PDH1_CANGA_prepared_Milbemycin_pocket13_complex_recombined_complex_explicit_stripped_initial_frame,HydrogenBond,581ARG,3.76,O3->Nam,PDH1_CANGA,pocket13,replica_1
PDH1_CANGA_prepared_Milbemycin_pocket13_complex_recombined_complex_explicit_stripped_initial_frame,Hydrophobic,583ILE,3.43,,PDH1_CANGA,pocket13,replica_1
PDH1_CANGA_prepared_Milbemycin_pocket13_complex_recombined_complex_explicit_stripped_initial_frame,Hydrophobic,579GLU,0.96,,PDH1_CANGA,pocket13,replica_1
PDH1_CANGA_prepared_Milbemycin_pocket13_complex_recombined_complex_explicit_stripped_initial_frame,Hydrophobic,580ALA,2.5,,PDH1_CANGA,pocket13,replica_1
PDH1_CANGA_prepared_Milbemycin_pocket15_complex_recombined_complex_explicit_stripped_final_frame,HydrogenBond,1186LEU,2.78,O2->O3,PDH1_CANGA,pocket15,replica_1
PDH1_CANGA_prepared_Milbemycin_pocket15_complex_recombined_complex_explicit_stripped_final_frame,HydrogenBond,1188ASN,3.44,O3->Nam,PDH1_CANGA,pocket15,replica_1
PDH1_CANGA_prepared_Milbemycin_pocket15_complex_recombined_complex_explicit_stripped_final_frame,HydrogenBond,1187ASP,2.17,O3->Nam,PDH1_CANGA,pocket15,replica_1
PDH1_CANGA_prepared_Milbemycin_pocket15_complex_recombined_complex_explicit_stripped_final_frame,HydrogenBond,1188ASN,2.87,O3->Nam,PDH1_CANGA,pocket15,replica_1
PDH1_CANGA_prepared_Milbemycin_pocket15_complex_recombined_complex_explicit_stripped_final_frame,Hydrophobic,882GLU,3.52,,PDH1_CANGA,pocket15,replica_1
PDH1_CANGA_prepared_Milbemycin_pocket15_complex_recombined_complex_explicit_stripped_final_frame,Hydrophobic,949VAL,3.93,,PDH1_CANGA,pocket15,replica_1
PDH1_CANGA_prepared_Milbemycin_pocket15_complex_recombined_complex_explicit_stripped_final_frame,Hydrophobic,952ARG,3.64,,PDH1_CANGA,pocket15,replica_1
PDH1_CANGA_prepared_Milbemycin_pocket15_complex_recombined_complex_explicit_stripped_final_frame,Hydrophobic,958PHE,3.76,,PDH1_CANGA,pocket15,replica_1
PDH1_CANGA_prepared_Milbemycin_pocket15_complex_recombined_complex_explicit_stripped_final_frame,Hydrophobic,1184LYS,3.62,,PDH1_CANGA,pocket15,replica_1
PDH1_CANGA_prepared_Milbemycin_pocket15_complex_recombined_complex_explicit_stripped_final_frame,Hydrophobic,1185GLU,3.89,,PDH1_CANGA,pocket15,replica_1
PDH1_CANGA_prepared_Milbemycin_pocket15_complex_recombined_complex_explicit_stripped_final_frame,Hydrophobic,1187ASP,3.01,,PDH1_CANGA,pocket15,replica_1
PDH1_CANGA_prepared_Milbemycin_pocket15_complex_recombined_complex_explicit_stripped_final_frame,Hydrophobic,1046LEU,3.77,,PDH1_CANGA,pocket15,replica_1
PDH1_CANGA_prepared_Milbemycin_pocket15_complex_recombined_complex_explicit_stripped_initial_frame,HydrogenBond,1187ASP,3.31,O2->O3,PDH1_CANGA,pocket15,replica_1
PDH1_CANGA_prepared_Milbemycin_pocket15_complex_recombined_complex_explicit_stripped_initial_frame,HydrogenBond,1187ASP,3.85,O3->Nam,PDH1_CANGA,pocket15,replica_1
PDH1_CANGA_prepared_Milbemycin_pocket15_complex_recombined_complex_explicit_stripped_initial_frame,HydrogenBond,1189ASP,3.32,O3->Nam,PDH1_CANGA,pocket15,replica_1
PDH1_CANGA_prepared_Milbemycin_pocket15_complex_recombined_complex_explicit_stripped_initial_frame,HydrogenBond,1187ASP,3.25,O3->O3,PDH1_CANGA,pocket15,replica_1
PDH1_CANGA_prepared_Milbemycin_pocket15_complex_recombined_complex_explicit_stripped_initial_frame,Hydrophobic,950ASN,3.81,,PDH1_CANGA,pocket15,replica_1
PDH1_CANGA_prepared_Milbemycin_pocket15_complex_recombined_complex_explicit_stripped_initial_frame,Hydrophobic,1046LEU,1.51,,PDH1_CANGA,pocket15,replica_1
PDH1_CANGA_prepared_Milbemycin_pocket15_complex_recombined_complex_explicit_stripped_initial_frame,Hydrophobic,1186LEU,2.83,,PDH1_CANGA,pocket15,replica_1
PDH1_CANGA_prepared_Milbemycin_pocket15_complex_recombined_complex_explicit_stripped_initial_frame,Hydrophobic,882GLU,2.17,,PDH1_CANGA,pocket15,replica_1
PDH1_CANGA_prepared_Milbemycin_pocket15_complex_recombined_complex_explicit_stripped_initial_frame,Hydrophobic,883ALA,3.32,,PDH1_CANGA,pocket15,replica_1
PDH1_CANGA_prepared_Milbemycin_pocket15_complex_recombined_complex_explicit_stripped_initial_frame,Hydrophobic,949VAL,1.87,,PDH1_CANGA,pocket15,replica_1
PDH1_CANGA_prepared_Milbemycin_pocket15_complex_recombined_complex_explicit_stripped_initial_frame,Hydrophobic,1046LEU,2.58,,PDH1_CANGA,pocket15,replica_1
PDH1_CANGA_prepared_Milbemycin_pocket15_complex_recombined_complex_explicit_stripped_initial_frame,Hydrophobic,1186LEU,2.81,,PDH1_CANGA,pocket15,replica_1
PDH1_CANGA_prepared_Milbemycin_pocket15_complex_recombined_complex_explicit_stripped_initial_frame,Hydrophobic,1187ASP,3.48,,PDH1_CANGA,pocket15,replica_1
PDH1_CANGA_prepared_Milbemycin_pocket15_complex_recombined_complex_explicit_stripped_initial_frame,Hydrophobic,1187ASP,2.83,,PDH1_CANGA,pocket15,replica_1
PDH1_CANGA_prepared_Milbemycin_pocket9_complex_recombined_complex_explicit_stripped_final_frame,Hydrophobic,604ILE,3.27,,PDH1_CANGA,pocket9,replica_1
PDH1_CANGA_prepared_Milbemycin_pocket9_complex_recombined_complex_explicit_stripped_initial_frame,HydrogenBond,642VAL,3.17,O2->O3,PDH1_CANGA,pocket9,replica_1
PDH1_CANGA_prepared_Milbemycin_pocket9_complex_recombined_complex_explicit_stripped_initial_frame,Hydrophobic,600PHE,3.01,,PDH1_CANGA,pocket9,replica_1
PDH1_CANGA_prepared_Milbemycin_pocket9_complex_recombined_complex_explicit_stripped_initial_frame,Hydrophobic,607ILE,3.13,,PDH1_CANGA,pocket9,replica_1
PDH1_CANGA_prepared_Milbemycin_pocket9_complex_recombined_complex_explicit_stripped_initial_frame,Hydrophobic,785PHE,3.88,,PDH1_CANGA,pocket9,replica_1
PDH1_CANGA_prepared_Milbemycin_pocket9_complex_recombined_complex_explicit_stripped_initial_frame,Hydrophobic,603VAL,2.6,,PDH1_CANGA,pocket9,replica_1
PDH1_CANGA_prepared_Milbemycin_pocket9_complex_recombined_complex_explicit_stripped_initial_frame,Hydrophobic,604ILE,3.02,,PDH1_CANGA,pocket9,replica_1
PDH1_CANGA_prepared_Milbemycin_pocket9_complex_recombined_complex_explicit_stripped_initial_frame,Hydrophobic,607ILE,1.51,,PDH1_CANGA,pocket9,replica_1
PDH1_CANGA_prepared_Milbemycin_pocket9_complex_recombined_complex_explicit_stripped_initial_frame,Hydrophobic,642VAL,2.78,,PDH1_CANGA,pocket9,replica_1
PDH1_CANGA_prepared_Milbemycin_pocket9_complex_recombined_complex_explicit_stripped_initial_frame,Hydrophobic,646PHE,3.08,,PDH1_CANGA,pocket9,replica_1
PDH1_CANGA_prepared_Milbemycin_pocket9_complex_recombined_complex_explicit_stripped_initial_frame,Hydrophobic,646PHE,2.89,,PDH1_CANGA,pocket9,replica_1
PDH1_CANGA_prepared_Milbemycin_pocket5_complex_recombined_complex_explicit_stripped_final_frame,HydrogenBond,1404ARG,2.86,O2->O3,PDH1_CANGA,pocket5,replica_1
PDH1_CANGA_prepared_Milbemycin_pocket5_complex_recombined_complex_explicit_stripped_final_frame,HydrogenBond,1410TYR,3.94,O3->O3,PDH1_CANGA,pocket5,replica_1
PDH1_CANGA_prepared_Milbemycin_pocket5_complex_recombined_complex_explicit_stripped_final_frame,Hydrophobic,1492ARG,3.74,,PDH1_CANGA,pocket5,replica_1
PDH1_CANGA_prepared_Milbemycin_pocket5_complex_recombined_complex_explicit_stripped_final_frame,Hydrophobic,1496ILE,3.79,,PDH1_CANGA,pocket5,replica_1
PDH1_CANGA_prepared_Milbemycin_pocket5_complex_recombined_complex_explicit_stripped_final_frame,Hydrophobic,1496ILE,3.94,,PDH1_CANGA,pocket5,replica_1
PDH1_CANGA_prepared_Milbemycin_pocket5_complex_recombined_complex_explicit_stripped_final_frame,Hydrophobic,1500PHE,3.67,,PDH1_CANGA,pocket5,replica_1
PDH1_CANGA_prepared_Milbemycin_pocket5_complex_recombined_complex_explicit_stripped_initial_frame,Hydrophobic,1401PHE,3.93,,PDH1_CANGA,pocket5,replica_1
PDH1_CANGA_prepared_Milbemycin_pocket5_complex_recombined_complex_explicit_stripped_initial_frame,Hydrophobic,1405VAL,1.55,,PDH1_CANGA,pocket5,replica_1
PDH1_CANGA_prepared_Milbemycin_pocket5_complex_recombined_complex_explicit_stripped_initial_frame,Hydrophobic,1405VAL,1.35,,PDH1_CANGA,pocket5,replica_1
PDH1_CANGA_prepared_Milbemycin_pocket5_complex_recombined_complex_explicit_stripped_initial_frame,Hydrophobic,1503PHE,1.43,,PDH1_CANGA,pocket5,replica_1
PDH1_CANGA_prepared_Milbemycin_pocket5_complex_recombined_complex_explicit_stripped_initial_frame,Hydrophobic,1503PHE,1.89,,PDH1_CANGA,pocket5,replica_1
PDH1_CANGA_prepared_Milbemycin_pocket3_complex_recombined_complex_explicit_stripped_initial_frame,HydrogenBond,553TYR,2.7,O3->Nam,PDH1_CANGA,pocket3,replica_1
PDH1_CANGA_prepared_Milbemycin_pocket3_complex_recombined_complex_explicit_stripped_initial_frame,HydrogenBond,1482THR,2.82,O3->O3,PDH1_CANGA,pocket3,replica_1
PDH1_CANGA_prepared_Milbemycin_pocket3_complex_recombined_complex_explicit_stripped_initial_frame,Hydrophobic,553TYR,3.82,,PDH1_CANGA,pocket3,replica_1
PDH1_CANGA_prepared_Milbemycin_pocket3_complex_recombined_complex_explicit_stripped_initial_frame,Hydrophobic,758PHE,2.93,,PDH1_CANGA,pocket3,replica_1
PDH1_CANGA_prepared_Milbemycin_pocket3_complex_recombined_complex_explicit_stripped_initial_frame,Hydrophobic,552PHE,1.13,,PDH1_CANGA,pocket3,replica_1
PDH1_CANGA_prepared_Milbemycin_pocket3_complex_recombined_complex_explicit_stripped_initial_frame,Hydrophobic,553TYR,1.64,,PDH1_CANGA,pocket3,replica_1
PDH1_CANGA_prepared_Milbemycin_pocket3_complex_recombined_complex_explicit_stripped_initial_frame,Hydrophobic,553TYR,3.1,,PDH1_CANGA,pocket3,replica_1
PDH1_CANGA_prepared_Milbemycin_pocket3_complex_recombined_complex_explicit_stripped_final_frame,HydrogenBond,742ALA,2.88,O2->O3,PDH1_CANGA,pocket3,replica_1
PDH1_CANGA_prepared_Milbemycin_pocket3_complex_recombined_complex_explicit_stripped_final_frame,Hydrophobic,550ASP,3.99,,PDH1_CANGA,pocket3,replica_1
PDH1_CANGA_prepared_Milbemycin_pocket3_complex_recombined_complex_explicit_stripped_final_frame,Hydrophobic,553TYR,3.68,,PDH1_CANGA,pocket3,replica_1
PDH1_CANGA_prepared_Milbemycin_pocket3_complex_recombined_complex_explicit_stripped_final_frame,Hydrophobic,554PHE,3.74,,PDH1_CANGA,pocket3,replica_1
PDH1_CANGA_prepared_Milbemycin_pocket3_complex_recombined_complex_explicit_stripped_final_frame,Hydrophobic,1479PHE,3.76,,PDH1_CANGA,pocket3,replica_1
PDH1_CANGA_prepared_Milbemycin_pocket3_complex_recombined_complex_explicit_stripped_final_frame,Hydrophobic,1482THR,3.71,,PDH1_CANGA,pocket3,replica_1
PDH1_CANGA_prepared_Milbemycin_pocket12_complex_recombined_complex_explicit_stripped_initial_frame,Hydrophobic,246ILE,3.63,,PDH1_CANGA,pocket12,replica_1
PDH1_CANGA_prepared_Milbemycin_pocket12_complex_recombined_complex_explicit_stripped_initial_frame,Hydrophobic,969ASP,3.52,,PDH1_CANGA,pocket12,replica_1
PDH1_CANGA_prepared_Milbemycin_pocket12_complex_recombined_complex_explicit_stripped_initial_frame,Hydrophobic,970LEU,3.48,,PDH1_CANGA,pocket12,replica_1
PDH1_CANGA_prepared_Milbemycin_pocket12_complex_recombined_complex_explicit_stripped_initial_frame,Hydrophobic,1028VAL,2.62,,PDH1_CANGA,pocket12,replica_1
PDH1_CANGA_prepared_Milbemycin_pocket12_complex_recombined_complex_explicit_stripped_initial_frame,Hydrophobic,1028VAL,3.36,,PDH1_CANGA,pocket12,replica_1
PDH1_CANGA_prepared_Milbemycin_pocket12_complex_recombined_complex_explicit_stripped_initial_frame,Hydrophobic,244ALA,3.21,,PDH1_CANGA,pocket12,replica_1
PDH1_CANGA_prepared_Milbemycin_pocket12_complex_recombined_complex_explicit_stripped_final_frame,HydrogenBond,303ASP,3.22,O2->O3,PDH1_CANGA,pocket12,replica_1
PDH1_CANGA_prepared_Milbemycin_pocket12_complex_recombined_complex_explicit_stripped_final_frame,HydrogenBond,971HIS,2.71,O2->O3,PDH1_CANGA,pocket12,replica_1
PDH1_CANGA_prepared_Milbemycin_pocket12_complex_recombined_complex_explicit_stripped_final_frame,HydrogenBond,973LYS,2.98,O3->Nam,PDH1_CANGA,pocket12,replica_1
PDH1_CANGA_prepared_Milbemycin_pocket12_complex_recombined_complex_explicit_stripped_final_frame,Hydrophobic,244ALA,3.95,,PDH1_CANGA,pocket12,replica_1
PDH1_CANGA_prepared_Milbemycin_pocket12_complex_recombined_complex_explicit_stripped_final_frame,Hydrophobic,246ILE,3.86,,PDH1_CANGA,pocket12,replica_1
PDH1_CANGA_prepared_Milbemycin_pocket14_complex_recombined_complex_explicit_stripped_initial_frame,Hydrophobic,658LEU,2.45,,PDH1_CANGA,pocket14,replica_1
PDH1_CANGA_prepared_Milbemycin_pocket14_complex_recombined_complex_explicit_stripped_initial_frame,Hydrophobic,658LEU,1.77,,PDH1_CANGA,pocket14,replica_1
PDH1_CANGA_prepared_Milbemycin_pocket14_complex_recombined_complex_explicit_stripped_initial_frame,Hydrophobic,659THR,3.84,,PDH1_CANGA,pocket14,replica_1
PDH1_CANGA_prepared_Milbemycin_pocket14_complex_recombined_complex_explicit_stripped_initial_frame,Hydrophobic,664GLU,3.88,,PDH1_CANGA,pocket14,replica_1
PDH1_CANGA_prepared_Milbemycin_pocket14_complex_recombined_complex_explicit_stripped_initial_frame,Hydrophobic,658LEU,1.16,,PDH1_CANGA,pocket14,replica_1
PDH1_CANGA_prepared_Milbemycin_pocket14_complex_recombined_complex_explicit_stripped_initial_frame,Hydrophobic,667VAL,3.71,,PDH1_CANGA,pocket14,replica_1
PDH1_CANGA_prepared_Milbemycin_pocket14_complex_recombined_complex_explicit_stripped_initial_frame,Hydrophobic,668PRO,2.97,,PDH1_CANGA,pocket14,replica_1
PDH1_CANGA_prepared_Milbemycin_pocket14_complex_recombined_complex_explicit_stripped_initial_frame,Hydrophobic,668PRO,2.76,,PDH1_CANGA,pocket14,replica_1
PDH1_CANGA_prepared_Milbemycin_pocket14_complex_recombined_complex_explicit_stripped_final_frame,HydrogenBond,664GLU,2.67,O2->O3,PDH1_CANGA,pocket14,replica_1
PDH1_CANGA_prepared_Milbemycin_pocket14_complex_recombined_complex_explicit_stripped_final_frame,HydrogenBond,1224SER,3.91,O3->O3,PDH1_CANGA,pocket14,replica_1
PDH1_CANGA_prepared_Milbemycin_pocket14_complex_recombined_complex_explicit_stripped_final_frame,Hydrophobic,155LEU,3.71,,PDH1_CANGA,pocket14,replica_1
PDH1_CANGA_prepared_Milbemycin_pocket14_complex_recombined_complex_explicit_stripped_final_frame,Hydrophobic,158ALA,3.84,,PDH1_CANGA,pocket14,replica_1
PDH1_CANGA_prepared_Milbemycin_pocket14_complex_recombined_complex_explicit_stripped_final_frame,Hydrophobic,664GLU,3.77,,PDH1_CANGA,pocket14,replica_1
PDH1_CANGA_prepared_Milbemycin_pocket14_complex_recombined_complex_explicit_stripped_final_frame,Hydrophobic,668PRO,3.98,,PDH1_CANGA,pocket14,replica_1
PDH1_CANGA_prepared_Milbemycin_pocket14_complex_recombined_complex_explicit_stripped_final_frame,Hydrophobic,1220ASP,3.73,,PDH1_CANGA,pocket14,replica_1
PDH1_CANGA_prepared_Milbemycin_pocket14_complex_recombined_complex_explicit_stripped_final_frame,Hydrophobic,159VAL,3.49,,PDH1_CANGA,pocket14,replica_1
PDH1_CANGA_prepared_Milbemycin_pocket2_complex_recombined_complex_explicit_stripped_final_frame,HydrogenBond,138GLU,2.81,O2->O3,PDH1_CANGA,pocket2,replica_1
PDH1_CANGA_prepared_Milbemycin_pocket2_complex_recombined_complex_explicit_stripped_final_frame,HydrogenBond,140ALA,3.9,O3->Nam,PDH1_CANGA,pocket2,replica_1
PDH1_CANGA_prepared_Milbemycin_pocket2_complex_recombined_complex_explicit_stripped_final_frame,Hydrophobic,799LYS,3.49,,PDH1_CANGA,pocket2,replica_1
PDH1_CANGA_prepared_Milbemycin_pocket2_complex_recombined_complex_explicit_stripped_final_frame,Hydrophobic,801LYS,3.52,,PDH1_CANGA,pocket2,replica_1
PDH1_CANGA_prepared_Milbemycin_pocket2_complex_recombined_complex_explicit_stripped_initial_frame,HydrogenBond,802GLY,3.27,O2->O3,PDH1_CANGA,pocket2,replica_1
PDH1_CANGA_prepared_Milbemycin_pocket2_complex_recombined_complex_explicit_stripped_initial_frame,HydrogenBond,200THR,3.48,O3->O3,PDH1_CANGA,pocket2,replica_1
PDH1_CANGA_prepared_Milbemycin_pocket2_complex_recombined_complex_explicit_stripped_initial_frame,HydrogenBond,805LEU,3.1,O3->Nam,PDH1_CANGA,pocket2,replica_1
PDH1_CANGA_prepared_Milbemycin_pocket2_complex_recombined_complex_explicit_stripped_initial_frame,Hydrophobic,172PHE,3.91,,PDH1_CANGA,pocket2,replica_1
PDH1_CANGA_prepared_Milbemycin_pocket2_complex_recombined_complex_explicit_stripped_initial_frame,Hydrophobic,203LYS,3.98,,PDH1_CANGA,pocket2,replica_1
PDH1_CANGA_prepared_Milbemycin_pocket2_complex_recombined_complex_explicit_stripped_initial_frame,Hydrophobic,801LYS,3.49,,PDH1_CANGA,pocket2,replica_1
PDH1_CANGA_prepared_Milbemycin_pocket2_complex_recombined_complex_explicit_stripped_initial_frame,Hydrophobic,803GLU,3.55,,PDH1_CANGA,pocket2,replica_1
PDH1_CANGA_prepared_Milbemycin_pocket2_complex_recombined_complex_explicit_stripped_initial_frame,Hydrophobic,174ILE,1.61,,PDH1_CANGA,pocket2,replica_1
PDH1_CANGA_prepared_Milbemycin_pocket2_complex_recombined_complex_explicit_stripped_initial_frame,Hydrophobic,212PHE,0.95,,PDH1_CANGA,pocket2,replica_1
PDH1_CANGA_prepared_Milbemycin_pocket2_complex_recombined_complex_explicit_stripped_initial_frame,Hydrophobic,804MET,2.45,,PDH1_CANGA,pocket2,replica_1
CIMG_00533_prepared_Milbemycin_pocket10_complex_recombined_complex_explicit_stripped_initial_frame,HydrogenBond,799LEU,3.8,O2->O3,CIMG_00533,pocket10,replica_1
CIMG_00533_prepared_Milbemycin_pocket10_complex_recombined_complex_explicit_stripped_initial_frame,HydrogenBond,798THR,2.64,O3->O3,CIMG_00533,pocket10,replica_1
CIMG_00533_prepared_Milbemycin_pocket10_complex_recombined_complex_explicit_stripped_initial_frame,HydrogenBond,800SER,3.13,O3->O3,CIMG_00533,pocket10,replica_1
CIMG_00533_prepared_Milbemycin_pocket10_complex_recombined_complex_explicit_stripped_initial_frame,Hydrophobic,235TYR,3.74,,CIMG_00533,pocket10,replica_1
CIMG_00533_prepared_Milbemycin_pocket10_complex_recombined_complex_explicit_stripped_initial_frame,Hydrophobic,574LEU,3.52,,CIMG_00533,pocket10,replica_1
CIMG_00533_prepared_Milbemycin_pocket10_complex_recombined_complex_explicit_stripped_initial_frame,Hydrophobic,992ASN,2.81,,CIMG_00533,pocket10,replica_1
CIMG_00533_prepared_Milbemycin_pocket10_complex_recombined_complex_explicit_stripped_initial_frame,Hydrophobic,237ALA,2.71,,CIMG_00533,pocket10,replica_1
CIMG_00533_prepared_Milbemycin_pocket10_complex_recombined_complex_explicit_stripped_initial_frame,Hydrophobic,574LEU,1.84,,CIMG_00533,pocket10,replica_1
CIMG_00533_prepared_Milbemycin_pocket10_complex_recombined_complex_explicit_stripped_initial_frame,Hydrophobic,798THR,2.41,,CIMG_00533,pocket10,replica_1
CIMG_00533_prepared_Milbemycin_pocket10_complex_recombined_complex_explicit_stripped_initial_frame,Hydrophobic,993PRO,1.2,,CIMG_00533,pocket10,replica_1
CIMG_00533_prepared_Milbemycin_pocket10_complex_recombined_complex_explicit_stripped_final_frame,HydrogenBond,799LEU,3.94,O2->O3,CIMG_00533,pocket10,replica_1
CIMG_00533_prepared_Milbemycin_pocket10_complex_recombined_complex_explicit_stripped_final_frame,HydrogenBond,241LYS,2.97,O3->N3+,CIMG_00533,pocket10,replica_1
CIMG_00533_prepared_Milbemycin_pocket10_complex_recombined_complex_explicit_stripped_final_frame,HydrogenBond,239ASP,3.97,O3->O3,CIMG_00533,pocket10,replica_1
CIMG_00533_prepared_Milbemycin_pocket10_complex_recombined_complex_explicit_stripped_final_frame,HydrogenBond,800SER,3.4,O3->O3,CIMG_00533,pocket10,replica_1
CIMG_00533_prepared_Milbemycin_pocket10_complex_recombined_complex_explicit_stripped_final_frame,Hydrophobic,238GLU,3.93,,CIMG_00533,pocket10,replica_1
CIMG_00533_prepared_Milbemycin_pocket10_complex_recombined_complex_explicit_stripped_final_frame,Hydrophobic,574LEU,3.94,,CIMG_00533,pocket10,replica_1
CIMG_00533_prepared_Milbemycin_pocket10_complex_recombined_complex_explicit_stripped_final_frame,Hydrophobic,939GLN,3.7,,CIMG_00533,pocket10,replica_1
CIMG_00533_prepared_Milbemycin_pocket10_complex_recombined_complex_explicit_stripped_final_frame,SaltBridge,241LYS,2.55,A↔A,CIMG_00533,pocket10,replica_1
CIMG_00533_prepared_Milbemycin_pocket4_complex_recombined_complex_explicit_stripped_final_frame,HydrogenBond,102PHE,2.81,O2->O3,CIMG_00533,pocket4,replica_1
CIMG_00533_prepared_Milbemycin_pocket4_complex_recombined_complex_explicit_stripped_final_frame,Hydrophobic,340GLU,3.89,,CIMG_00533,pocket4,replica_1
CIMG_00533_prepared_Milbemycin_pocket4_complex_recombined_complex_explicit_stripped_final_frame,Hydrophobic,1123LYS,3.58,,CIMG_00533,pocket4,replica_1
CIMG_00533_prepared_Milbemycin_pocket4_complex_recombined_complex_explicit_stripped_initial_frame,HydrogenBond,105TYR,3.22,O3->Nam,CIMG_00533,pocket4,replica_1
CIMG_00533_prepared_Milbemycin_pocket4_complex_recombined_complex_explicit_stripped_initial_frame,HydrogenBond,106LYS,2.99,O3->Nam,CIMG_00533,pocket4,replica_1
CIMG_00533_prepared_Milbemycin_pocket4_complex_recombined_complex_explicit_stripped_initial_frame,Hydrophobic,284ILE,3.5,,CIMG_00533,pocket4,replica_1
CIMG_00533_prepared_Milbemycin_pocket4_complex_recombined_complex_explicit_stripped_initial_frame,Hydrophobic,284ILE,3.83,,CIMG_00533,pocket4,replica_1
CIMG_00533_prepared_Milbemycin_pocket4_complex_recombined_complex_explicit_stripped_initial_frame,Hydrophobic,347ILE,3.89,,CIMG_00533,pocket4,replica_1
CIMG_00533_prepared_Milbemycin_pocket4_complex_recombined_complex_explicit_stripped_initial_frame,Hydrophobic,104PHE,1.46,,CIMG_00533,pocket4,replica_1
CIMG_00533_prepared_Milbemycin_pocket4_complex_recombined_complex_explicit_stripped_initial_frame,Hydrophobic,105TYR,3.02,,CIMG_00533,pocket4,replica_1
CIMG_00533_prepared_Milbemycin_pocket4_complex_recombined_complex_explicit_stripped_initial_frame,Hydrophobic,1120PRO,2.84,,CIMG_00533,pocket4,replica_1
CIMG_00533_prepared_Milbemycin_pocket8_complex_recombined_complex_explicit_stripped_initial_frame,HydrogenBond,421ARG,4.06,O3->Ng+,CIMG_00533,pocket8,replica_1
CIMG_00533_prepared_Milbemycin_pocket8_complex_recombined_complex_explicit_stripped_initial_frame,HydrogenBond,421ARG,3.04,O3->Ng+,CIMG_00533,pocket8,replica_1
CIMG_00533_prepared_Milbemycin_pocket8_complex_recombined_complex_explicit_stripped_initial_frame,Hydrophobic,418PRO,3.96,,CIMG_00533,pocket8,replica_1
CIMG_00533_prepared_Milbemycin_pocket8_complex_recombined_complex_explicit_stripped_initial_frame,Hydrophobic,431VAL,3.98,,CIMG_00533,pocket8,replica_1
CIMG_00533_prepared_Milbemycin_pocket8_complex_recombined_complex_explicit_stripped_initial_frame,Hydrophobic,433ARG,3.7,,CIMG_00533,pocket8,replica_1
CIMG_00533_prepared_Milbemycin_pocket8_complex_recombined_complex_explicit_stripped_initial_frame,Hydrophobic,835ILE,2.33,,CIMG_00533,pocket8,replica_1
CIMG_00533_prepared_Milbemycin_pocket8_complex_recombined_complex_explicit_stripped_initial_frame,Hydrophobic,837PRO,0.7,,CIMG_00533,pocket8,replica_1
CIMG_00533_prepared_Milbemycin_pocket8_complex_recombined_complex_explicit_stripped_initial_frame,Hydrophobic,433ARG,2.8,,CIMG_00533,pocket8,replica_1
CIMG_00533_prepared_Milbemycin_pocket8_complex_recombined_complex_explicit_stripped_initial_frame,Hydrophobic,835ILE,3.56,,CIMG_00533,pocket8,replica_1
CIMG_00533_prepared_Milbemycin_pocket8_complex_recombined_complex_explicit_stripped_initial_frame,Hydrophobic,837PRO,1.92,,CIMG_00533,pocket8,replica_1
CIMG_00533_prepared_Milbemycin_pocket8_complex_recombined_complex_explicit_stripped_initial_frame,SaltBridge,421ARG,4.45,A↔A,CIMG_00533,pocket8,replica_1
CIMG_00533_prepared_Milbemycin_pocket8_complex_recombined_complex_explicit_stripped_final_frame,HydrogenBond,418PRO,2.85,O2->O3,CIMG_00533,pocket8,replica_1
CIMG_00533_prepared_Milbemycin_pocket8_complex_recombined_complex_explicit_stripped_final_frame,Hydrophobic,433ARG,3.79,,CIMG_00533,pocket8,replica_1
CIMG_00533_prepared_Milbemycin_pocket8_complex_recombined_complex_explicit_stripped_final_frame,Hydrophobic,835ILE,3.79,,CIMG_00533,pocket8,replica_1
CIMG_00533_prepared_Milbemycin_pocket8_complex_recombined_complex_explicit_stripped_final_frame,Hydrophobic,835ILE,3.92,,CIMG_00533,pocket8,replica_1
CIMG_00533_prepared_Milbemycin_pocket8_complex_recombined_complex_explicit_stripped_final_frame,SaltBridge,421ARG,5.45,A↔A,CIMG_00533,pocket8,replica_1
CIMG_00533_prepared_Milbemycin_pocket7_complex_recombined_complex_explicit_stripped_initial_frame,Hydrophobic,659THR,3.54,,CIMG_00533,pocket7,replica_1
CIMG_00533_prepared_Milbemycin_pocket7_complex_recombined_complex_explicit_stripped_initial_frame,Hydrophobic,677MET,3.44,,CIMG_00533,pocket7,replica_1
CIMG_00533_prepared_Milbemycin_pocket7_complex_recombined_complex_explicit_stripped_initial_frame,Hydrophobic,700TRP,2.94,,CIMG_00533,pocket7,replica_1
CIMG_00533_prepared_Milbemycin_pocket7_complex_recombined_complex_explicit_stripped_initial_frame,Hydrophobic,704ILE,3.36,,CIMG_00533,pocket7,replica_1
CIMG_00533_prepared_Milbemycin_pocket7_complex_recombined_complex_explicit_stripped_initial_frame,Hydrophobic,660LEU,2.2,,CIMG_00533,pocket7,replica_1
CIMG_00533_prepared_Milbemycin_pocket7_complex_recombined_complex_explicit_stripped_initial_frame,Hydrophobic,673PHE,2.21,,CIMG_00533,pocket7,replica_1
CIMG_00533_prepared_Milbemycin_pocket7_complex_recombined_complex_explicit_stripped_initial_frame,Hydrophobic,704ILE,2.21,,CIMG_00533,pocket7,replica_1
CIMG_00533_prepared_Milbemycin_pocket7_complex_recombined_complex_explicit_stripped_initial_frame,Hydrophobic,784PHE,2.85,,CIMG_00533,pocket7,replica_1
CIMG_00533_prepared_Milbemycin_pocket7_complex_recombined_complex_explicit_stripped_initial_frame,Hydrophobic,787LEU,1.05,,CIMG_00533,pocket7,replica_1
CIMG_00533_prepared_Milbemycin_pocket7_complex_recombined_complex_explicit_stripped_final_frame,Hydrophobic,681ILE,3.95,,CIMG_00533,pocket7,replica_1
CIMG_00533_prepared_Milbemycin_pocket7_complex_recombined_complex_explicit_stripped_final_frame,Hydrophobic,701ILE,3.83,,CIMG_00533,pocket7,replica_1
CIMG_00533_prepared_Milbemycin_pocket7_complex_recombined_complex_explicit_stripped_final_frame,Hydrophobic,705ASN,3.84,,CIMG_00533,pocket7,replica_1
CIMG_00533_prepared_Milbemycin_pocket7_complex_recombined_complex_explicit_stripped_final_frame,Hydrophobic,784PHE,3.93,,CIMG_00533,pocket7,replica_1
CIMG_00533_prepared_Milbemycin_pocket7_complex_recombined_complex_explicit_stripped_final_frame,Hydrophobic,704ILE,3.84,,CIMG_00533,pocket7,replica_1
CIMG_00533_prepared_Milbemycin_pocket1_complex_recombined_complex_explicit_stripped_initial_frame,HydrogenBond,105TYR,3.05,O3->Nam,CIMG_00533,pocket1,replica_1
CIMG_00533_prepared_Milbemycin_pocket1_complex_recombined_complex_explicit_stripped_initial_frame,HydrogenBond,106LYS,3.12,O3->Nam,CIMG_00533,pocket1,replica_1
CIMG_00533_prepared_Milbemycin_pocket1_complex_recombined_complex_explicit_stripped_initial_frame,Hydrophobic,284ILE,3.37,,CIMG_00533,pocket1,replica_1
CIMG_00533_prepared_Milbemycin_pocket1_complex_recombined_complex_explicit_stripped_initial_frame,Hydrophobic,284ILE,3.65,,CIMG_00533,pocket1,replica_1
CIMG_00533_prepared_Milbemycin_pocket1_complex_recombined_complex_explicit_stripped_initial_frame,Hydrophobic,347ILE,3.55,,CIMG_00533,pocket1,replica_1
CIMG_00533_prepared_Milbemycin_pocket1_complex_recombined_complex_explicit_stripped_initial_frame,Hydrophobic,104PHE,1.77,,CIMG_00533,pocket1,replica_1
CIMG_00533_prepared_Milbemycin_pocket1_complex_recombined_complex_explicit_stripped_initial_frame,Hydrophobic,105TYR,2.93,,CIMG_00533,pocket1,replica_1
CIMG_00533_prepared_Milbemycin_pocket1_complex_recombined_complex_explicit_stripped_initial_frame,Hydrophobic,1120PRO,2.47,,CIMG_00533,pocket1,replica_1
CIMG_00533_prepared_Milbemycin_pocket1_complex_recombined_complex_explicit_stripped_final_frame,HydrogenBond,103ASP,2.63,O2->O3,CIMG_00533,pocket1,replica_1
CIMG_00533_prepared_Milbemycin_pocket1_complex_recombined_complex_explicit_stripped_final_frame,HydrogenBond,340GLU,2.59,O3->O3,CIMG_00533,pocket1,replica_1
CIMG_00533_prepared_Milbemycin_pocket1_complex_recombined_complex_explicit_stripped_final_frame,HydrogenBond,343ARG,3.24,O2->O3,CIMG_00533,pocket1,replica_1
CIMG_00533_prepared_Milbemycin_pocket1_complex_recombined_complex_explicit_stripped_final_frame,HydrogenBond,105TYR,3.44,O3->Nam,CIMG_00533,pocket1,replica_1
CIMG_00533_prepared_Milbemycin_pocket1_complex_recombined_complex_explicit_stripped_final_frame,Hydrophobic,105TYR,3.64,,CIMG_00533,pocket1,replica_1
CIMG_00533_prepared_Milbemycin_pocket1_complex_recombined_complex_explicit_stripped_final_frame,Hydrophobic,1120PRO,3.9,,CIMG_00533,pocket1,replica_1
CIMG_00533_prepared_Milbemycin_pocket1_complex_recombined_complex_explicit_stripped_final_frame,Hydrophobic,104PHE,3.71,,CIMG_00533,pocket1,replica_1
CIMG_00533_prepared_Milbemycin_pocket1_complex_recombined_complex_explicit_stripped_final_frame,Hydrophobic,105TYR,3.72,,CIMG_00533,pocket1,replica_1
CIMG_00533_prepared_Milbemycin_pocket11_complex_recombined_complex_explicit_stripped_final_frame,Hydrophobic,1340ILE,3.57,,CIMG_00533,pocket11,replica_1
CIMG_00533_prepared_Milbemycin_pocket11_complex_recombined_complex_explicit_stripped_final_frame,Hydrophobic,1476VAL,3.78,,CIMG_00533,pocket11,replica_1
CIMG_00533_prepared_Milbemycin_pocket11_complex_recombined_complex_explicit_stripped_final_frame,Hydrophobic,1477LEU,3.72,,CIMG_00533,pocket11,replica_1
CIMG_00533_prepared_Milbemycin_pocket11_complex_recombined_complex_explicit_stripped_final_frame,Hydrophobic,1477LEU,3.87,,CIMG_00533,pocket11,replica_1
CIMG_00533_prepared_Milbemycin_pocket11_complex_recombined_complex_explicit_stripped_final_frame,Hydrophobic,1480LEU,3.89,,CIMG_00533,pocket11,replica_1
CIMG_00533_prepared_Milbemycin_pocket11_complex_recombined_complex_explicit_stripped_final_frame,Hydrophobic,1499ALA,3.62,,CIMG_00533,pocket11,replica_1
CIMG_00533_prepared_Milbemycin_pocket11_complex_recombined_complex_explicit_stripped_initial_frame,Hydrophobic,1481PHE,1.44,,CIMG_00533,pocket11,replica_1
CIMG_00533_prepared_Milbemycin_pocket11_complex_recombined_complex_explicit_stripped_initial_frame,Hydrophobic,1502TYR,3.98,,CIMG_00533,pocket11,replica_1
CIMG_00533_prepared_Milbemycin_pocket11_complex_recombined_complex_explicit_stripped_initial_frame,Hydrophobic,1506ILE,3.8,,CIMG_00533,pocket11,replica_1
CIMG_00533_prepared_Milbemycin_pocket11_complex_recombined_complex_explicit_stripped_initial_frame,Hydrophobic,1480LEU,3.02,,CIMG_00533,pocket11,replica_1
CIMG_00533_prepared_Milbemycin_pocket11_complex_recombined_complex_explicit_stripped_initial_frame,Hydrophobic,1481PHE,2.27,,CIMG_00533,pocket11,replica_1
CIMG_00533_prepared_Milbemycin_pocket11_complex_recombined_complex_explicit_stripped_initial_frame,Hydrophobic,1495TRP,3.14,,CIMG_00533,pocket11,replica_1
CIMG_00533_prepared_Milbemycin_pocket13_complex_recombined_complex_explicit_stripped_final_frame,HydrogenBond,238GLU,3.12,O2->O3,CIMG_00533,pocket13,replica_1
CIMG_00533_prepared_Milbemycin_pocket13_complex_recombined_complex_explicit_stripped_final_frame,HydrogenBond,327ASP,2.64,O2->O3,CIMG_00533,pocket13,replica_1
CIMG_00533_prepared_Milbemycin_pocket13_complex_recombined_complex_explicit_stripped_final_frame,HydrogenBond,198LYS,3.09,O3->N3+,CIMG_00533,pocket13,replica_1
CIMG_00533_prepared_Milbemycin_pocket13_complex_recombined_complex_explicit_stripped_final_frame,Hydrophobic,803GLU,3.87,,CIMG_00533,pocket13,replica_1
CIMG_00533_prepared_Milbemycin_pocket13_complex_recombined_complex_explicit_stripped_final_frame,Hydrophobic,993PRO,3.81,,CIMG_00533,pocket13,replica_1
CIMG_00533_prepared_Milbemycin_pocket13_complex_recombined_complex_explicit_stripped_final_frame,Hydrophobic,328ASN,3.64,,CIMG_00533,pocket13,replica_1
CIMG_00533_prepared_Milbemycin_pocket13_complex_recombined_complex_explicit_stripped_initial_frame,HydrogenBond,799LEU,3.7,O2->O3,CIMG_00533,pocket13,replica_1
CIMG_00533_prepared_Milbemycin_pocket13_complex_recombined_complex_explicit_stripped_initial_frame,HydrogenBond,798THR,2.62,O3->O3,CIMG_00533,pocket13,replica_1
CIMG_00533_prepared_Milbemycin_pocket13_complex_recombined_complex_explicit_stripped_initial_frame,HydrogenBond,800SER,3.08,O3->O3,CIMG_00533,pocket13,replica_1
CIMG_00533_prepared_Milbemycin_pocket13_complex_recombined_complex_explicit_stripped_initial_frame,Hydrophobic,235TYR,3.71,,CIMG_00533,pocket13,replica_1
CIMG_00533_prepared_Milbemycin_pocket13_complex_recombined_complex_explicit_stripped_initial_frame,Hydrophobic,574LEU,3.57,,CIMG_00533,pocket13,replica_1
CIMG_00533_prepared_Milbemycin_pocket13_complex_recombined_complex_explicit_stripped_initial_frame,Hydrophobic,992ASN,2.78,,CIMG_00533,pocket13,replica_1
CIMG_00533_prepared_Milbemycin_pocket13_complex_recombined_complex_explicit_stripped_initial_frame,Hydrophobic,237ALA,2.82,,CIMG_00533,pocket13,replica_1
CIMG_00533_prepared_Milbemycin_pocket13_complex_recombined_complex_explicit_stripped_initial_frame,Hydrophobic,574LEU,1.9,,CIMG_00533,pocket13,replica_1
CIMG_00533_prepared_Milbemycin_pocket13_complex_recombined_complex_explicit_stripped_initial_frame,Hydrophobic,798THR,2.42,,CIMG_00533,pocket13,replica_1
CIMG_00533_prepared_Milbemycin_pocket13_complex_recombined_complex_explicit_stripped_initial_frame,Hydrophobic,993PRO,1.23,,CIMG_00533,pocket13,replica_1
CIMG_00533_prepared_Milbemycin_pocket15_complex_recombined_complex_explicit_stripped_final_frame,HydrogenBond,909THR,3.11,O3->O3,CIMG_00533,pocket15,replica_1
CIMG_00533_prepared_Milbemycin_pocket15_complex_recombined_complex_explicit_stripped_final_frame,HydrogenBond,1486SER,2.88,O2->O3,CIMG_00533,pocket15,replica_1
CIMG_00533_prepared_Milbemycin_pocket15_complex_recombined_complex_explicit_stripped_final_frame,HydrogenBond,909THR,3.42,O3->O3,CIMG_00533,pocket15,replica_1
CIMG_00533_prepared_Milbemycin_pocket15_complex_recombined_complex_explicit_stripped_final_frame,Hydrophobic,907GLN,3.68,,CIMG_00533,pocket15,replica_1
CIMG_00533_prepared_Milbemycin_pocket15_complex_recombined_complex_explicit_stripped_initial_frame,HydrogenBond,1262ARG,4.1,O3->Ng+,CIMG_00533,pocket15,replica_1
CIMG_00533_prepared_Milbemycin_pocket15_complex_recombined_complex_explicit_stripped_initial_frame,HydrogenBond,1262ARG,2.81,O3->Ng+,CIMG_00533,pocket15,replica_1
CIMG_00533_prepared_Milbemycin_pocket15_complex_recombined_complex_explicit_stripped_initial_frame,HydrogenBond,910THR,3.7,O3->O3,CIMG_00533,pocket15,replica_1
CIMG_00533_prepared_Milbemycin_pocket15_complex_recombined_complex_explicit_stripped_initial_frame,Hydrophobic,908ARG,3.87,,CIMG_00533,pocket15,replica_1
CIMG_00533_prepared_Milbemycin_pocket15_complex_recombined_complex_explicit_stripped_initial_frame,Hydrophobic,909THR,3.92,,CIMG_00533,pocket15,replica_1
CIMG_00533_prepared_Milbemycin_pocket15_complex_recombined_complex_explicit_stripped_initial_frame,Hydrophobic,1483VAL,3.89,,CIMG_00533,pocket15,replica_1
CIMG_00533_prepared_Milbemycin_pocket15_complex_recombined_complex_explicit_stripped_initial_frame,Hydrophobic,910THR,2.55,,CIMG_00533,pocket15,replica_1
CIMG_00533_prepared_Milbemycin_pocket9_complex_recombined_complex_explicit_stripped_initial_frame,HydrogenBond,237ALA,3.75,O2->O3,CIMG_00533,pocket9,replica_1
CIMG_00533_prepared_Milbemycin_pocket9_complex_recombined_complex_explicit_stripped_initial_frame,HydrogenBond,239ASP,3.41,O2->O3,CIMG_00533,pocket9,replica_1
CIMG_00533_prepared_Milbemycin_pocket9_complex_recombined_complex_explicit_stripped_initial_frame,HydrogenBond,309LYS,3.72,O3->N3+,CIMG_00533,pocket9,replica_1
CIMG_00533_prepared_Milbemycin_pocket9_complex_recombined_complex_explicit_stripped_initial_frame,HydrogenBond,239ASP,3.52,O3->O3,CIMG_00533,pocket9,replica_1
CIMG_00533_prepared_Milbemycin_pocket9_complex_recombined_complex_explicit_stripped_initial_frame,HydrogenBond,240GLU,2.43,O3->Nam,CIMG_00533,pocket9,replica_1
CIMG_00533_prepared_Milbemycin_pocket9_complex_recombined_complex_explicit_stripped_initial_frame,Hydrophobic,331ARG,3.19,,CIMG_00533,pocket9,replica_1
CIMG_00533_prepared_Milbemycin_pocket9_complex_recombined_complex_explicit_stripped_initial_frame,Hydrophobic,938GLN,3.81,,CIMG_00533,pocket9,replica_1
CIMG_00533_prepared_Milbemycin_pocket9_complex_recombined_complex_explicit_stripped_initial_frame,Hydrophobic,939GLN,2.86,,CIMG_00533,pocket9,replica_1
CIMG_00533_prepared_Milbemycin_pocket9_complex_recombined_complex_explicit_stripped_initial_frame,Hydrophobic,993PRO,3.65,,CIMG_00533,pocket9,replica_1
CIMG_00533_prepared_Milbemycin_pocket9_complex_recombined_complex_explicit_stripped_initial_frame,Hydrophobic,239ASP,1.91,,CIMG_00533,pocket9,replica_1
CIMG_00533_prepared_Milbemycin_pocket9_complex_recombined_complex_explicit_stripped_initial_frame,Hydrophobic,309LYS,3.3,,CIMG_00533,pocket9,replica_1
CIMG_00533_prepared_Milbemycin_pocket9_complex_recombined_complex_explicit_stripped_final_frame,HydrogenBond,238GLU,3.67,O2->O3,CIMG_00533,pocket9,replica_1
CIMG_00533_prepared_Milbemycin_pocket9_complex_recombined_complex_explicit_stripped_final_frame,HydrogenBond,239ASP,3.76,O3->Nam,CIMG_00533,pocket9,replica_1
CIMG_00533_prepared_Milbemycin_pocket9_complex_recombined_complex_explicit_stripped_final_frame,HydrogenBond,938GLN,3.06,O3->Nam,CIMG_00533,pocket9,replica_1
CIMG_00533_prepared_Milbemycin_pocket9_complex_recombined_complex_explicit_stripped_final_frame,HydrogenBond,308ARG,2.87,O3->Ng+,CIMG_00533,pocket9,replica_1
CIMG_00533_prepared_Milbemycin_pocket9_complex_recombined_complex_explicit_stripped_final_frame,HydrogenBond,308ARG,3.6,O3->Ng+,CIMG_00533,pocket9,replica_1
CIMG_00533_prepared_Milbemycin_pocket9_complex_recombined_complex_explicit_stripped_final_frame,HydrogenBond,240GLU,3.62,O3->Nam,CIMG_00533,pocket9,replica_1
CIMG_00533_prepared_Milbemycin_pocket9_complex_recombined_complex_explicit_stripped_final_frame,Hydrophobic,298ASP,3.97,,CIMG_00533,pocket9,replica_1
CIMG_00533_prepared_Milbemycin_pocket9_complex_recombined_complex_explicit_stripped_final_frame,Hydrophobic,941LEU,3.98,,CIMG_00533,pocket9,replica_1
CIMG_00533_prepared_Milbemycin_pocket9_complex_recombined_complex_explicit_stripped_final_frame,Hydrophobic,993PRO,3.99,,CIMG_00533,pocket9,replica_1
CIMG_00533_prepared_Milbemycin_pocket9_complex_recombined_complex_explicit_stripped_final_frame,Hydrophobic,999VAL,3.8,,CIMG_00533,pocket9,replica_1
CIMG_00533_prepared_Milbemycin_pocket9_complex_recombined_complex_explicit_stripped_final_frame,Hydrophobic,299TYR,3.36,,CIMG_00533,pocket9,replica_1
CIMG_00533_prepared_Milbemycin_pocket5_complex_recombined_complex_explicit_stripped_final_frame,HydrogenBond,545PHE,3.06,O2->O3,CIMG_00533,pocket5,replica_1
CIMG_00533_prepared_Milbemycin_pocket5_complex_recombined_complex_explicit_stripped_final_frame,HydrogenBond,542ASN,3.29,O3->Nam,CIMG_00533,pocket5,replica_1
CIMG_00533_prepared_Milbemycin_pocket5_complex_recombined_complex_explicit_stripped_final_frame,HydrogenBond,545PHE,3.92,O3->Nam,CIMG_00533,pocket5,replica_1
CIMG_00533_prepared_Milbemycin_pocket5_complex_recombined_complex_explicit_stripped_final_frame,Hydrophobic,544PHE,3.86,,CIMG_00533,pocket5,replica_1
CIMG_00533_prepared_Milbemycin_pocket5_complex_recombined_complex_explicit_stripped_final_frame,Hydrophobic,545PHE,3.02,,CIMG_00533,pocket5,replica_1
CIMG_00533_prepared_Milbemycin_pocket5_complex_recombined_complex_explicit_stripped_final_frame,Hydrophobic,743VAL,3.85,,CIMG_00533,pocket5,replica_1
CIMG_00533_prepared_Milbemycin_pocket5_complex_recombined_complex_explicit_stripped_final_frame,Hydrophobic,1356GLN,3.59,,CIMG_00533,pocket5,replica_1
CIMG_00533_prepared_Milbemycin_pocket5_complex_recombined_complex_explicit_stripped_final_frame,Hydrophobic,1439LEU,3.97,,CIMG_00533,pocket5,replica_1
CIMG_00533_prepared_Milbemycin_pocket5_complex_recombined_complex_explicit_stripped_final_frame,Hydrophobic,1448GLU,3.81,,CIMG_00533,pocket5,replica_1
CIMG_00533_prepared_Milbemycin_pocket5_complex_recombined_complex_explicit_stripped_final_frame,Hydrophobic,545PHE,2.4,,CIMG_00533,pocket5,replica_1
CIMG_00533_prepared_Milbemycin_pocket5_complex_recombined_complex_explicit_stripped_initial_frame,HydrogenBond,1357SER,3.37,O3->O3,CIMG_00533,pocket5,replica_1
CIMG_00533_prepared_Milbemycin_pocket5_complex_recombined_complex_explicit_stripped_initial_frame,Hydrophobic,1448GLU,3.69,,CIMG_00533,pocket5,replica_1
CIMG_00533_prepared_Milbemycin_pocket3_complex_recombined_complex_explicit_stripped_final_frame,Hydrophobic,673PHE,3.65,,CIMG_00533,pocket3,replica_1
CIMG_00533_prepared_Milbemycin_pocket3_complex_recombined_complex_explicit_stripped_final_frame,Hydrophobic,673PHE,3.76,,CIMG_00533,pocket3,replica_1
CIMG_00533_prepared_Milbemycin_pocket3_complex_recombined_complex_explicit_stripped_final_frame,Hydrophobic,673PHE,3.78,,CIMG_00533,pocket3,replica_1
CIMG_00533_prepared_Milbemycin_pocket3_complex_recombined_complex_explicit_stripped_final_frame,Hydrophobic,680ALA,3.52,,CIMG_00533,pocket3,replica_1
CIMG_00533_prepared_Milbemycin_pocket3_complex_recombined_complex_explicit_stripped_final_frame,Hydrophobic,701ILE,3.81,,CIMG_00533,pocket3,replica_1
CIMG_00533_prepared_Milbemycin_pocket3_complex_recombined_complex_explicit_stripped_final_frame,Hydrophobic,704ILE,3.98,,CIMG_00533,pocket3,replica_1
CIMG_00533_prepared_Milbemycin_pocket3_complex_recombined_complex_explicit_stripped_final_frame,Hydrophobic,705ASN,3.87,,CIMG_00533,pocket3,replica_1
CIMG_00533_prepared_Milbemycin_pocket3_complex_recombined_complex_explicit_stripped_final_frame,Hydrophobic,783PHE,3.98,,CIMG_00533,pocket3,replica_1
CIMG_00533_prepared_Milbemycin_pocket3_complex_recombined_complex_explicit_stripped_final_frame,Hydrophobic,660LEU,3.83,,CIMG_00533,pocket3,replica_1
CIMG_00533_prepared_Milbemycin_pocket3_complex_recombined_complex_explicit_stripped_final_frame,Hydrophobic,701ILE,3.41,,CIMG_00533,pocket3,replica_1
CIMG_00533_prepared_Milbemycin_pocket3_complex_recombined_complex_explicit_stripped_initial_frame,Hydrophobic,700TRP,2.97,,CIMG_00533,pocket3,replica_1
CIMG_00533_prepared_Milbemycin_pocket3_complex_recombined_complex_explicit_stripped_initial_frame,Hydrophobic,704ILE,3.25,,CIMG_00533,pocket3,replica_1
CIMG_00533_prepared_Milbemycin_pocket3_complex_recombined_complex_explicit_stripped_initial_frame,Hydrophobic,784PHE,3.99,,CIMG_00533,pocket3,replica_1
CIMG_00533_prepared_Milbemycin_pocket3_complex_recombined_complex_explicit_stripped_initial_frame,Hydrophobic,659THR,3.48,,CIMG_00533,pocket3,replica_1
CIMG_00533_prepared_Milbemycin_pocket3_complex_recombined_complex_explicit_stripped_initial_frame,Hydrophobic,660LEU,2.28,,CIMG_00533,pocket3,replica_1
CIMG_00533_prepared_Milbemycin_pocket3_complex_recombined_complex_explicit_stripped_initial_frame,Hydrophobic,673PHE,2.35,,CIMG_00533,pocket3,replica_1
CIMG_00533_prepared_Milbemycin_pocket3_complex_recombined_complex_explicit_stripped_initial_frame,Hydrophobic,704ILE,2.22,,CIMG_00533,pocket3,replica_1
CIMG_00533_prepared_Milbemycin_pocket3_complex_recombined_complex_explicit_stripped_initial_frame,Hydrophobic,784PHE,2.75,,CIMG_00533,pocket3,replica_1
CIMG_00533_prepared_Milbemycin_pocket3_complex_recombined_complex_explicit_stripped_initial_frame,Hydrophobic,787LEU,0.93,,CIMG_00533,pocket3,replica_1
CIMG_00533_prepared_Milbemycin_pocket12_complex_recombined_complex_explicit_stripped_initial_frame,HydrogenBond,308ARG,2.83,O3->Ng+,CIMG_00533,pocket12,replica_1
CIMG_00533_prepared_Milbemycin_pocket12_complex_recombined_complex_explicit_stripped_initial_frame,Hydrophobic,1256VAL,3.41,,CIMG_00533,pocket12,replica_1
CIMG_00533_prepared_Milbemycin_pocket12_complex_recombined_complex_explicit_stripped_final_frame,HydrogenBond,298ASP,3.43,O3->O3,CIMG_00533,pocket12,replica_1
CIMG_00533_prepared_Milbemycin_pocket12_complex_recombined_complex_explicit_stripped_final_frame,HydrogenBond,937GLN,2.94,O3->Nam,CIMG_00533,pocket12,replica_1
CIMG_00533_prepared_Milbemycin_pocket12_complex_recombined_complex_explicit_stripped_final_frame,Hydrophobic,1251ARG,3.79,,CIMG_00533,pocket12,replica_1
CIMG_00533_prepared_Milbemycin_pocket12_complex_recombined_complex_explicit_stripped_final_frame,Hydrophobic,1256VAL,3.64,,CIMG_00533,pocket12,replica_1
CIMG_00533_prepared_Milbemycin_pocket12_complex_recombined_complex_explicit_stripped_final_frame,Hydrophobic,1255GLU,3.85,,CIMG_00533,pocket12,replica_1
CIMG_00533_prepared_Milbemycin_pocket12_complex_recombined_complex_explicit_stripped_final_frame,SaltBridge,301ARG,4.26,A↔A,CIMG_00533,pocket12,replica_1
CIMG_00533_prepared_Milbemycin_pocket12_complex_recombined_complex_explicit_stripped_final_frame,SaltBridge,908ARG,5.29,A↔A,CIMG_00533,pocket12,replica_1
CIMG_00533_prepared_Milbemycin_pocket14_complex_recombined_complex_explicit_stripped_initial_frame,HydrogenBond,799LEU,3.82,O2->O3,CIMG_00533,pocket14,replica_1
CIMG_00533_prepared_Milbemycin_pocket14_complex_recombined_complex_explicit_stripped_initial_frame,HydrogenBond,798THR,2.73,O3->O3,CIMG_00533,pocket14,replica_1
CIMG_00533_prepared_Milbemycin_pocket14_complex_recombined_complex_explicit_stripped_initial_frame,HydrogenBond,800SER,3.06,O3->O3,CIMG_00533,pocket14,replica_1
CIMG_00533_prepared_Milbemycin_pocket14_complex_recombined_complex_explicit_stripped_initial_frame,Hydrophobic,235TYR,3.71,,CIMG_00533,pocket14,replica_1
CIMG_00533_prepared_Milbemycin_pocket14_complex_recombined_complex_explicit_stripped_initial_frame,Hydrophobic,574LEU,3.59,,CIMG_00533,pocket14,replica_1
CIMG_00533_prepared_Milbemycin_pocket14_complex_recombined_complex_explicit_stripped_initial_frame,Hydrophobic,992ASN,2.8,,CIMG_00533,pocket14,replica_1
CIMG_00533_prepared_Milbemycin_pocket14_complex_recombined_complex_explicit_stripped_initial_frame,Hydrophobic,237ALA,2.68,,CIMG_00533,pocket14,replica_1
CIMG_00533_prepared_Milbemycin_pocket14_complex_recombined_complex_explicit_stripped_initial_frame,Hydrophobic,574LEU,1.9,,CIMG_00533,pocket14,replica_1
CIMG_00533_prepared_Milbemycin_pocket14_complex_recombined_complex_explicit_stripped_initial_frame,Hydrophobic,798THR,2.46,,CIMG_00533,pocket14,replica_1
CIMG_00533_prepared_Milbemycin_pocket14_complex_recombined_complex_explicit_stripped_initial_frame,Hydrophobic,993PRO,1.11,,CIMG_00533,pocket14,replica_1
CIMG_00533_prepared_Milbemycin_pocket14_complex_recombined_complex_explicit_stripped_final_frame,HydrogenBond,327ASP,2.91,O3->O3,CIMG_00533,pocket14,replica_1
CIMG_00533_prepared_Milbemycin_pocket14_complex_recombined_complex_explicit_stripped_final_frame,HydrogenBond,239ASP,3.03,O2->O3,CIMG_00533,pocket14,replica_1
CIMG_00533_prepared_Milbemycin_pocket14_complex_recombined_complex_explicit_stripped_final_frame,HydrogenBond,993PRO,3.04,O2->O3,CIMG_00533,pocket14,replica_1
CIMG_00533_prepared_Milbemycin_pocket14_complex_recombined_complex_explicit_stripped_final_frame,HydrogenBond,239ASP,3.58,O3->Nam,CIMG_00533,pocket14,replica_1
CIMG_00533_prepared_Milbemycin_pocket14_complex_recombined_complex_explicit_stripped_final_frame,HydrogenBond,194SER,3.73,O3->O3,CIMG_00533,pocket14,replica_1
CIMG_00533_prepared_Milbemycin_pocket14_complex_recombined_complex_explicit_stripped_final_frame,HydrogenBond,198LYS,3.01,O3->N3+,CIMG_00533,pocket14,replica_1
CIMG_00533_prepared_Milbemycin_pocket14_complex_recombined_complex_explicit_stripped_final_frame,HydrogenBond,800SER,3.38,O3->O3,CIMG_00533,pocket14,replica_1
CIMG_00533_prepared_Milbemycin_pocket14_complex_recombined_complex_explicit_stripped_final_frame,Hydrophobic,237ALA,3.97,,CIMG_00533,pocket14,replica_1
CIMG_00533_prepared_Milbemycin_pocket14_complex_recombined_complex_explicit_stripped_final_frame,Hydrophobic,299TYR,3.71,,CIMG_00533,pocket14,replica_1
CIMG_00533_prepared_Milbemycin_pocket14_complex_recombined_complex_explicit_stripped_final_frame,Hydrophobic,587PRO,3.95,,CIMG_00533,pocket14,replica_1
CIMG_00533_prepared_Milbemycin_pocket14_complex_recombined_complex_explicit_stripped_final_frame,Hydrophobic,803GLU,3.9,,CIMG_00533,pocket14,replica_1
CIMG_00533_prepared_Milbemycin_pocket14_complex_recombined_complex_explicit_stripped_final_frame,Hydrophobic,992ASN,3.56,,CIMG_00533,pocket14,replica_1
CIMG_00533_prepared_Milbemycin_pocket14_complex_recombined_complex_explicit_stripped_final_frame,Hydrophobic,993PRO,3.78,,CIMG_00533,pocket14,replica_1
CIMG_00533_prepared_Milbemycin_pocket2_complex_recombined_complex_explicit_stripped_initial_frame,HydrogenBond,237ALA,3.77,O2->O3,CIMG_00533,pocket2,replica_1
CIMG_00533_prepared_Milbemycin_pocket2_complex_recombined_complex_explicit_stripped_initial_frame,HydrogenBond,239ASP,3.41,O2->O3,CIMG_00533,pocket2,replica_1
CIMG_00533_prepared_Milbemycin_pocket2_complex_recombined_complex_explicit_stripped_initial_frame,HydrogenBond,309LYS,3.76,O3->N3+,CIMG_00533,pocket2,replica_1
CIMG_00533_prepared_Milbemycin_pocket2_complex_recombined_complex_explicit_stripped_initial_frame,HydrogenBond,239ASP,3.51,O3->O3,CIMG_00533,pocket2,replica_1
CIMG_00533_prepared_Milbemycin_pocket2_complex_recombined_complex_explicit_stripped_initial_frame,HydrogenBond,240GLU,2.38,O3->Nam,CIMG_00533,pocket2,replica_1
CIMG_00533_prepared_Milbemycin_pocket2_complex_recombined_complex_explicit_stripped_initial_frame,Hydrophobic,331ARG,3.25,,CIMG_00533,pocket2,replica_1
CIMG_00533_prepared_Milbemycin_pocket2_complex_recombined_complex_explicit_stripped_initial_frame,Hydrophobic,938GLN,3.8,,CIMG_00533,pocket2,replica_1
CIMG_00533_prepared_Milbemycin_pocket2_complex_recombined_complex_explicit_stripped_initial_frame,Hydrophobic,939GLN,2.79,,CIMG_00533,pocket2,replica_1
CIMG_00533_prepared_Milbemycin_pocket2_complex_recombined_complex_explicit_stripped_initial_frame,Hydrophobic,993PRO,3.71,,CIMG_00533,pocket2,replica_1
CIMG_00533_prepared_Milbemycin_pocket2_complex_recombined_complex_explicit_stripped_initial_frame,Hydrophobic,239ASP,1.96,,CIMG_00533,pocket2,replica_1
CIMG_00533_prepared_Milbemycin_pocket2_complex_recombined_complex_explicit_stripped_initial_frame,Hydrophobic,309LYS,3.3,,CIMG_00533,pocket2,replica_1
CIMG_00533_prepared_Milbemycin_pocket2_complex_recombined_complex_explicit_stripped_final_frame,HydrogenBond,239ASP,2.79,O3->O3,CIMG_00533,pocket2,replica_1
CIMG_00533_prepared_Milbemycin_pocket2_complex_recombined_complex_explicit_stripped_final_frame,HydrogenBond,298ASP,2.55,O2->O3,CIMG_00533,pocket2,replica_1
CIMG_00533_prepared_Milbemycin_pocket2_complex_recombined_complex_explicit_stripped_final_frame,HydrogenBond,940ASP,3.72,O3->Nam,CIMG_00533,pocket2,replica_1
CIMG_00533_prepared_Milbemycin_pocket2_complex_recombined_complex_explicit_stripped_final_frame,HydrogenBond,939GLN,3.93,O3->Nam,CIMG_00533,pocket2,replica_1
CIMG_00533_prepared_Milbemycin_pocket2_complex_recombined_complex_explicit_stripped_final_frame,HydrogenBond,239ASP,3.65,O3->Nam,CIMG_00533,pocket2,replica_1
CIMG_00533_prepared_Milbemycin_pocket2_complex_recombined_complex_explicit_stripped_final_frame,HydrogenBond,239ASP,2.79,O3->O3,CIMG_00533,pocket2,replica_1
CIMG_00533_prepared_Milbemycin_pocket2_complex_recombined_complex_explicit_stripped_final_frame,HydrogenBond,240GLU,3.89,O3->Nam,CIMG_00533,pocket2,replica_1
CIMG_00533_prepared_Milbemycin_pocket2_complex_recombined_complex_explicit_stripped_final_frame,Hydrophobic,999VAL,3.92,,CIMG_00533,pocket2,replica_1
CIMG_00533_prepared_Milbemycin_pocket2_complex_recombined_complex_explicit_stripped_final_frame,SaltBridge,308ARG,5.04,A↔A,CIMG_00533,pocket2,replica_1
CIMG_01418_prepared_Milbemycin_pocket10_complex_recombined_complex_explicit_stripped_final_frame,HydrogenBond,328GLU,2.51,O2->O3,CIMG_01418,pocket10,replica_1
CIMG_01418_prepared_Milbemycin_pocket10_complex_recombined_complex_explicit_stripped_final_frame,HydrogenBond,310HIS,4.02,O3->Nar,CIMG_01418,pocket10,replica_1
CIMG_01418_prepared_Milbemycin_pocket10_complex_recombined_complex_explicit_stripped_final_frame,Hydrophobic,310HIS,3.93,,CIMG_01418,pocket10,replica_1
CIMG_01418_prepared_Milbemycin_pocket10_complex_recombined_complex_explicit_stripped_final_frame,Hydrophobic,328GLU,3.91,,CIMG_01418,pocket10,replica_1
CIMG_01418_prepared_Milbemycin_pocket10_complex_recombined_complex_explicit_stripped_final_frame,Hydrophobic,886ILE,3.67,,CIMG_01418,pocket10,replica_1
CIMG_01418_prepared_Milbemycin_pocket10_complex_recombined_complex_explicit_stripped_initial_frame,HydrogenBond,912THR,2.91,O3->Nam,CIMG_01418,pocket10,replica_1
CIMG_01418_prepared_Milbemycin_pocket10_complex_recombined_complex_explicit_stripped_initial_frame,Hydrophobic,921VAL,3.06,,CIMG_01418,pocket10,replica_1
CIMG_01418_prepared_Milbemycin_pocket10_complex_recombined_complex_explicit_stripped_initial_frame,Hydrophobic,886ILE,3.4,,CIMG_01418,pocket10,replica_1
CIMG_01418_prepared_Milbemycin_pocket10_complex_recombined_complex_explicit_stripped_initial_frame,Hydrophobic,912THR,3.18,,CIMG_01418,pocket10,replica_1
CIMG_01418_prepared_Milbemycin_pocket10_complex_recombined_complex_explicit_stripped_initial_frame,Hydrophobic,915ASP,3.35,,CIMG_01418,pocket10,replica_1
CIMG_01418_prepared_Milbemycin_pocket4_complex_recombined_complex_explicit_stripped_initial_frame,HydrogenBond,757THR,3.85,O2->O3,CIMG_01418,pocket4,replica_1
CIMG_01418_prepared_Milbemycin_pocket4_complex_recombined_complex_explicit_stripped_initial_frame,HydrogenBond,1234GLN,3.72,O3->Nam,CIMG_01418,pocket4,replica_1
CIMG_01418_prepared_Milbemycin_pocket4_complex_recombined_complex_explicit_stripped_initial_frame,HydrogenBond,757THR,2.6,O3->Nam,CIMG_01418,pocket4,replica_1
CIMG_01418_prepared_Milbemycin_pocket4_complex_recombined_complex_explicit_stripped_initial_frame,Hydrophobic,566PHE,2.15,,CIMG_01418,pocket4,replica_1
CIMG_01418_prepared_Milbemycin_pocket4_complex_recombined_complex_explicit_stripped_initial_frame,Hydrophobic,566PHE,2.9,,CIMG_01418,pocket4,replica_1
CIMG_01418_prepared_Milbemycin_pocket4_complex_recombined_complex_explicit_stripped_initial_frame,Hydrophobic,757THR,3.54,,CIMG_01418,pocket4,replica_1
CIMG_01418_prepared_Milbemycin_pocket4_complex_recombined_complex_explicit_stripped_initial_frame,Hydrophobic,1416LEU,3.71,,CIMG_01418,pocket4,replica_1
CIMG_01418_prepared_Milbemycin_pocket4_complex_recombined_complex_explicit_stripped_initial_frame,Hydrophobic,1455VAL,3.18,,CIMG_01418,pocket4,replica_1
CIMG_01418_prepared_Milbemycin_pocket4_complex_recombined_complex_explicit_stripped_initial_frame,Hydrophobic,1460THR,3.9,,CIMG_01418,pocket4,replica_1
CIMG_01418_prepared_Milbemycin_pocket4_complex_recombined_complex_explicit_stripped_initial_frame,Hydrophobic,1464GLN,1.07,,CIMG_01418,pocket4,replica_1
CIMG_01418_prepared_Milbemycin_pocket4_complex_recombined_complex_explicit_stripped_initial_frame,Hydrophobic,566PHE,0.97,,CIMG_01418,pocket4,replica_1
CIMG_01418_prepared_Milbemycin_pocket4_complex_recombined_complex_explicit_stripped_initial_frame,Hydrophobic,1230LEU,3.39,,CIMG_01418,pocket4,replica_1
CIMG_01418_prepared_Milbemycin_pocket4_complex_recombined_complex_explicit_stripped_initial_frame,Hydrophobic,1464GLN,2.07,,CIMG_01418,pocket4,replica_1
CIMG_01418_prepared_Milbemycin_pocket4_complex_recombined_complex_explicit_stripped_final_frame,HydrogenBond,757THR,3.14,O3->O3,CIMG_01418,pocket4,replica_1
CIMG_01418_prepared_Milbemycin_pocket4_complex_recombined_complex_explicit_stripped_final_frame,HydrogenBond,1231GLN,2.7,O2->O3,CIMG_01418,pocket4,replica_1
CIMG_01418_prepared_Milbemycin_pocket4_complex_recombined_complex_explicit_stripped_final_frame,Hydrophobic,698PRO,3.52,,CIMG_01418,pocket4,replica_1
CIMG_01418_prepared_Milbemycin_pocket4_complex_recombined_complex_explicit_stripped_final_frame,Hydrophobic,1230LEU,3.88,,CIMG_01418,pocket4,replica_1
CIMG_01418_prepared_Milbemycin_pocket4_complex_recombined_complex_explicit_stripped_final_frame,Hydrophobic,1454PRO,3.99,,CIMG_01418,pocket4,replica_1
CIMG_01418_prepared_Milbemycin_pocket4_complex_recombined_complex_explicit_stripped_final_frame,Hydrophobic,1464GLN,3.92,,CIMG_01418,pocket4,replica_1
CIMG_01418_prepared_Milbemycin_pocket8_complex_recombined_complex_explicit_stripped_final_frame,Hydrophobic,667THR,3.87,,CIMG_01418,pocket8,replica_1
CIMG_01418_prepared_Milbemycin_pocket8_complex_recombined_complex_explicit_stripped_final_frame,Hydrophobic,671ILE,3.81,,CIMG_01418,pocket8,replica_1
CIMG_01418_prepared_Milbemycin_pocket8_complex_recombined_complex_explicit_stripped_final_frame,Hydrophobic,685PHE,3.89,,CIMG_01418,pocket8,replica_1
CIMG_01418_prepared_Milbemycin_pocket8_complex_recombined_complex_explicit_stripped_final_frame,Hydrophobic,712LEU,3.58,,CIMG_01418,pocket8,replica_1
CIMG_01418_prepared_Milbemycin_pocket8_complex_recombined_complex_explicit_stripped_initial_frame,Hydrophobic,667THR,3.31,,CIMG_01418,pocket8,replica_1
CIMG_01418_prepared_Milbemycin_pocket8_complex_recombined_complex_explicit_stripped_initial_frame,Hydrophobic,671ILE,3.49,,CIMG_01418,pocket8,replica_1
CIMG_01418_prepared_Milbemycin_pocket8_complex_recombined_complex_explicit_stripped_initial_frame,Hydrophobic,684ILE,2.5,,CIMG_01418,pocket8,replica_1
CIMG_01418_prepared_Milbemycin_pocket8_complex_recombined_complex_explicit_stripped_initial_frame,Hydrophobic,685PHE,2.81,,CIMG_01418,pocket8,replica_1
CIMG_01418_prepared_Milbemycin_pocket8_complex_recombined_complex_explicit_stripped_initial_frame,Hydrophobic,668ILE,2.0,,CIMG_01418,pocket8,replica_1
CIMG_01418_prepared_Milbemycin_pocket8_complex_recombined_complex_explicit_stripped_initial_frame,Hydrophobic,681PRO,3.78,,CIMG_01418,pocket8,replica_1
CIMG_01418_prepared_Milbemycin_pocket8_complex_recombined_complex_explicit_stripped_initial_frame,Hydrophobic,684ILE,1.37,,CIMG_01418,pocket8,replica_1
CIMG_01418_prepared_Milbemycin_pocket8_complex_recombined_complex_explicit_stripped_initial_frame,Hydrophobic,708TRP,2.67,,CIMG_01418,pocket8,replica_1
CIMG_01418_prepared_Milbemycin_pocket8_complex_recombined_complex_explicit_stripped_initial_frame,Hydrophobic,712LEU,1.06,,CIMG_01418,pocket8,replica_1
CIMG_01418_prepared_Milbemycin_pocket6_complex_recombined_complex_explicit_stripped_final_frame,HydrogenBond,263HIS,3.28,O2->O3,CIMG_01418,pocket6,replica_1
CIMG_01418_prepared_Milbemycin_pocket6_complex_recombined_complex_explicit_stripped_final_frame,HydrogenBond,263HIS,3.2,O3->Nam,CIMG_01418,pocket6,replica_1
CIMG_01418_prepared_Milbemycin_pocket6_complex_recombined_complex_explicit_stripped_final_frame,HydrogenBond,319GLU,3.86,O3->Nam,CIMG_01418,pocket6,replica_1
CIMG_01418_prepared_Milbemycin_pocket6_complex_recombined_complex_explicit_stripped_final_frame,Hydrophobic,262THR,3.87,,CIMG_01418,pocket6,replica_1
CIMG_01418_prepared_Milbemycin_pocket6_complex_recombined_complex_explicit_stripped_final_frame,Hydrophobic,319GLU,3.44,,CIMG_01418,pocket6,replica_1
CIMG_01418_prepared_Milbemycin_pocket6_complex_recombined_complex_explicit_stripped_final_frame,Hydrophobic,319GLU,3.68,,CIMG_01418,pocket6,replica_1
CIMG_01418_prepared_Milbemycin_pocket6_complex_recombined_complex_explicit_stripped_final_frame,Hydrophobic,595PRO,3.67,,CIMG_01418,pocket6,replica_1
CIMG_01418_prepared_Milbemycin_pocket6_complex_recombined_complex_explicit_stripped_final_frame,Hydrophobic,1005LEU,3.77,,CIMG_01418,pocket6,replica_1
CIMG_01418_prepared_Milbemycin_pocket6_complex_recombined_complex_explicit_stripped_final_frame,Hydrophobic,953LEU,3.68,,CIMG_01418,pocket6,replica_1
CIMG_01418_prepared_Milbemycin_pocket6_complex_recombined_complex_explicit_stripped_initial_frame,HydrogenBond,956GLU,3.87,O2->O3,CIMG_01418,pocket6,replica_1
CIMG_01418_prepared_Milbemycin_pocket6_complex_recombined_complex_explicit_stripped_initial_frame,HydrogenBond,954HIS,3.97,O3->Nam,CIMG_01418,pocket6,replica_1
CIMG_01418_prepared_Milbemycin_pocket6_complex_recombined_complex_explicit_stripped_initial_frame,Hydrophobic,951GLN,3.12,,CIMG_01418,pocket6,replica_1
CIMG_01418_prepared_Milbemycin_pocket6_complex_recombined_complex_explicit_stripped_initial_frame,Hydrophobic,951GLN,3.93,,CIMG_01418,pocket6,replica_1
CIMG_01418_prepared_Milbemycin_pocket6_complex_recombined_complex_explicit_stripped_initial_frame,Hydrophobic,952ASP,3.96,,CIMG_01418,pocket6,replica_1
CIMG_01418_prepared_Milbemycin_pocket6_complex_recombined_complex_explicit_stripped_initial_frame,Hydrophobic,953LEU,1.96,,CIMG_01418,pocket6,replica_1
CIMG_01418_prepared_Milbemycin_pocket6_complex_recombined_complex_explicit_stripped_initial_frame,Hydrophobic,953LEU,3.75,,CIMG_01418,pocket6,replica_1
CIMG_01418_prepared_Milbemycin_pocket6_complex_recombined_complex_explicit_stripped_initial_frame,Hydrophobic,954HIS,3.55,,CIMG_01418,pocket6,replica_1
CIMG_01418_prepared_Milbemycin_pocket6_complex_recombined_complex_explicit_stripped_initial_frame,Hydrophobic,956GLU,3.8,,CIMG_01418,pocket6,replica_1
CIMG_01418_prepared_Milbemycin_pocket6_complex_recombined_complex_explicit_stripped_initial_frame,Hydrophobic,1005LEU,3.42,,CIMG_01418,pocket6,replica_1
CIMG_01418_prepared_Milbemycin_pocket7_complex_recombined_complex_explicit_stripped_final_frame,HydrogenBond,1364LEU,4.05,O2->O3,CIMG_01418,pocket7,replica_1
CIMG_01418_prepared_Milbemycin_pocket7_complex_recombined_complex_explicit_stripped_final_frame,Hydrophobic,1385MET,3.59,,CIMG_01418,pocket7,replica_1
CIMG_01418_prepared_Milbemycin_pocket7_complex_recombined_complex_explicit_stripped_final_frame,Hydrophobic,1388LEU,3.84,,CIMG_01418,pocket7,replica_1
CIMG_01418_prepared_Milbemycin_pocket7_complex_recombined_complex_explicit_stripped_final_frame,Hydrophobic,1493PHE,3.99,,CIMG_01418,pocket7,replica_1
CIMG_01418_prepared_Milbemycin_pocket7_complex_recombined_complex_explicit_stripped_initial_frame,Hydrophobic,1361LEU,3.89,,CIMG_01418,pocket7,replica_1
CIMG_01418_prepared_Milbemycin_pocket7_complex_recombined_complex_explicit_stripped_initial_frame,Hydrophobic,1485VAL,3.81,,CIMG_01418,pocket7,replica_1
CIMG_01418_prepared_Milbemycin_pocket7_complex_recombined_complex_explicit_stripped_initial_frame,Hydrophobic,1361LEU,2.24,,CIMG_01418,pocket7,replica_1
CIMG_01418_prepared_Milbemycin_pocket7_complex_recombined_complex_explicit_stripped_initial_frame,Hydrophobic,1485VAL,2.49,,CIMG_01418,pocket7,replica_1
CIMG_01418_prepared_Milbemycin_pocket7_complex_recombined_complex_explicit_stripped_initial_frame,Hydrophobic,1493PHE,2.53,,CIMG_01418,pocket7,replica_1
CIMG_01418_prepared_Milbemycin_pocket1_complex_recombined_complex_explicit_stripped_final_frame,HydrogenBond,141ARG,3.25,O2->O3,CIMG_01418,pocket1,replica_1
CIMG_01418_prepared_Milbemycin_pocket1_complex_recombined_complex_explicit_stripped_final_frame,HydrogenBond,500GLU,2.56,O2->O3,CIMG_01418,pocket1,replica_1
CIMG_01418_prepared_Milbemycin_pocket1_complex_recombined_complex_explicit_stripped_final_frame,HydrogenBond,141ARG,3.2,O3->Nam,CIMG_01418,pocket1,replica_1
CIMG_01418_prepared_Milbemycin_pocket1_complex_recombined_complex_explicit_stripped_final_frame,HydrogenBond,280ARG,3.75,O3->Ng+,CIMG_01418,pocket1,replica_1
CIMG_01418_prepared_Milbemycin_pocket1_complex_recombined_complex_explicit_stripped_final_frame,HydrogenBond,284ASN,3.65,O3->Nam,CIMG_01418,pocket1,replica_1
CIMG_01418_prepared_Milbemycin_pocket1_complex_recombined_complex_explicit_stripped_final_frame,Hydrophobic,124LEU,3.82,,CIMG_01418,pocket1,replica_1
CIMG_01418_prepared_Milbemycin_pocket1_complex_recombined_complex_explicit_stripped_final_frame,Hydrophobic,127ILE,3.87,,CIMG_01418,pocket1,replica_1
CIMG_01418_prepared_Milbemycin_pocket1_complex_recombined_complex_explicit_stripped_final_frame,Hydrophobic,140LYS,3.81,,CIMG_01418,pocket1,replica_1
CIMG_01418_prepared_Milbemycin_pocket1_complex_recombined_complex_explicit_stripped_final_frame,Hydrophobic,280ARG,3.88,,CIMG_01418,pocket1,replica_1
CIMG_01418_prepared_Milbemycin_pocket1_complex_recombined_complex_explicit_stripped_initial_frame,HydrogenBond,284ASN,3.23,O2->O3,CIMG_01418,pocket1,replica_1
CIMG_01418_prepared_Milbemycin_pocket1_complex_recombined_complex_explicit_stripped_initial_frame,HydrogenBond,341GLY,3.06,O2->O3,CIMG_01418,pocket1,replica_1
CIMG_01418_prepared_Milbemycin_pocket1_complex_recombined_complex_explicit_stripped_initial_frame,HydrogenBond,131GLN,3.9,O3->Nam,CIMG_01418,pocket1,replica_1
CIMG_01418_prepared_Milbemycin_pocket1_complex_recombined_complex_explicit_stripped_initial_frame,Hydrophobic,123TRP,3.88,,CIMG_01418,pocket1,replica_1
CIMG_01418_prepared_Milbemycin_pocket1_complex_recombined_complex_explicit_stripped_initial_frame,Hydrophobic,127ILE,3.41,,CIMG_01418,pocket1,replica_1
CIMG_01418_prepared_Milbemycin_pocket1_complex_recombined_complex_explicit_stripped_initial_frame,Hydrophobic,282PRO,3.6,,CIMG_01418,pocket1,replica_1
CIMG_01418_prepared_Milbemycin_pocket1_complex_recombined_complex_explicit_stripped_initial_frame,Hydrophobic,124LEU,1.29,,CIMG_01418,pocket1,replica_1
CIMG_01418_prepared_Milbemycin_pocket1_complex_recombined_complex_explicit_stripped_initial_frame,Hydrophobic,128LEU,2.68,,CIMG_01418,pocket1,replica_1
CIMG_01418_prepared_Milbemycin_pocket1_complex_recombined_complex_explicit_stripped_initial_frame,Hydrophobic,338THR,2.79,,CIMG_01418,pocket1,replica_1
CIMG_01418_prepared_Milbemycin_pocket1_complex_recombined_complex_explicit_stripped_initial_frame,Hydrophobic,500GLU,3.41,,CIMG_01418,pocket1,replica_1
CIMG_01418_prepared_Milbemycin_pocket11_complex_recombined_complex_explicit_stripped_final_frame,HydrogenBond,757THR,3.45,O3->Nam,CIMG_01418,pocket11,replica_1
CIMG_01418_prepared_Milbemycin_pocket11_complex_recombined_complex_explicit_stripped_final_frame,Hydrophobic,566PHE,3.55,,CIMG_01418,pocket11,replica_1
CIMG_01418_prepared_Milbemycin_pocket11_complex_recombined_complex_explicit_stripped_final_frame,Hydrophobic,566PHE,3.82,,CIMG_01418,pocket11,replica_1
CIMG_01418_prepared_Milbemycin_pocket11_complex_recombined_complex_explicit_stripped_final_frame,Hydrophobic,695PHE,3.68,,CIMG_01418,pocket11,replica_1
CIMG_01418_prepared_Milbemycin_pocket11_complex_recombined_complex_explicit_stripped_final_frame,Hydrophobic,1374THR,3.78,,CIMG_01418,pocket11,replica_1
CIMG_01418_prepared_Milbemycin_pocket11_complex_recombined_complex_explicit_stripped_final_frame,Hydrophobic,1461PHE,3.71,,CIMG_01418,pocket11,replica_1
CIMG_01418_prepared_Milbemycin_pocket11_complex_recombined_complex_explicit_stripped_final_frame,Hydrophobic,1234GLN,3.86,,CIMG_01418,pocket11,replica_1
CIMG_01418_prepared_Milbemycin_pocket11_complex_recombined_complex_explicit_stripped_final_frame,Hydrophobic,1454PRO,3.67,,CIMG_01418,pocket11,replica_1
CIMG_01418_prepared_Milbemycin_pocket11_complex_recombined_complex_explicit_stripped_final_frame,Hydrophobic,1465VAL,3.5,,CIMG_01418,pocket11,replica_1
CIMG_01418_prepared_Milbemycin_pocket11_complex_recombined_complex_explicit_stripped_initial_frame,HydrogenBond,757THR,3.9,O2->O3,CIMG_01418,pocket11,replica_1
CIMG_01418_prepared_Milbemycin_pocket11_complex_recombined_complex_explicit_stripped_initial_frame,HydrogenBond,1234GLN,3.72,O3->Nam,CIMG_01418,pocket11,replica_1
CIMG_01418_prepared_Milbemycin_pocket11_complex_recombined_complex_explicit_stripped_initial_frame,HydrogenBond,757THR,2.55,O3->Nam,CIMG_01418,pocket11,replica_1
CIMG_01418_prepared_Milbemycin_pocket11_complex_recombined_complex_explicit_stripped_initial_frame,Hydrophobic,566PHE,2.19,,CIMG_01418,pocket11,replica_1
CIMG_01418_prepared_Milbemycin_pocket11_complex_recombined_complex_explicit_stripped_initial_frame,Hydrophobic,566PHE,2.96,,CIMG_01418,pocket11,replica_1
CIMG_01418_prepared_Milbemycin_pocket11_complex_recombined_complex_explicit_stripped_initial_frame,Hydrophobic,757THR,3.52,,CIMG_01418,pocket11,replica_1
CIMG_01418_prepared_Milbemycin_pocket11_complex_recombined_complex_explicit_stripped_initial_frame,Hydrophobic,1416LEU,3.68,,CIMG_01418,pocket11,replica_1
CIMG_01418_prepared_Milbemycin_pocket11_complex_recombined_complex_explicit_stripped_initial_frame,Hydrophobic,1460THR,3.84,,CIMG_01418,pocket11,replica_1
CIMG_01418_prepared_Milbemycin_pocket11_complex_recombined_complex_explicit_stripped_initial_frame,Hydrophobic,1461PHE,3.98,,CIMG_01418,pocket11,replica_1
CIMG_01418_prepared_Milbemycin_pocket11_complex_recombined_complex_explicit_stripped_initial_frame,Hydrophobic,1464GLN,1.14,,CIMG_01418,pocket11,replica_1
CIMG_01418_prepared_Milbemycin_pocket11_complex_recombined_complex_explicit_stripped_initial_frame,Hydrophobic,566PHE,1.06,,CIMG_01418,pocket11,replica_1
CIMG_01418_prepared_Milbemycin_pocket11_complex_recombined_complex_explicit_stripped_initial_frame,Hydrophobic,1230LEU,3.3,,CIMG_01418,pocket11,replica_1
CIMG_01418_prepared_Milbemycin_pocket11_complex_recombined_complex_explicit_stripped_initial_frame,Hydrophobic,1455VAL,3.09,,CIMG_01418,pocket11,replica_1
CIMG_01418_prepared_Milbemycin_pocket11_complex_recombined_complex_explicit_stripped_initial_frame,Hydrophobic,1464GLN,2.17,,CIMG_01418,pocket11,replica_1
CIMG_01418_prepared_Milbemycin_pocket13_complex_recombined_complex_explicit_stripped_initial_frame,HydrogenBond,1012GLU,3.79,O2->O3,CIMG_01418,pocket13,replica_1
CIMG_01418_prepared_Milbemycin_pocket13_complex_recombined_complex_explicit_stripped_initial_frame,HydrogenBond,209ARG,2.4,O3->Ng+,CIMG_01418,pocket13,replica_1
CIMG_01418_prepared_Milbemycin_pocket13_complex_recombined_complex_explicit_stripped_initial_frame,Hydrophobic,990LYS,3.88,,CIMG_01418,pocket13,replica_1
CIMG_01418_prepared_Milbemycin_pocket13_complex_recombined_complex_explicit_stripped_initial_frame,Hydrophobic,440ALA,2.67,,CIMG_01418,pocket13,replica_1
CIMG_01418_prepared_Milbemycin_pocket13_complex_recombined_complex_explicit_stripped_final_frame,HydrogenBond,996GLU,2.56,O2->O3,CIMG_01418,pocket13,replica_1
CIMG_01418_prepared_Milbemycin_pocket13_complex_recombined_complex_explicit_stripped_final_frame,HydrogenBond,1012GLU,2.87,O3->O3,CIMG_01418,pocket13,replica_1
CIMG_01418_prepared_Milbemycin_pocket13_complex_recombined_complex_explicit_stripped_final_frame,HydrogenBond,848GLN,3.0,O3->Nam,CIMG_01418,pocket13,replica_1
CIMG_01418_prepared_Milbemycin_pocket13_complex_recombined_complex_explicit_stripped_final_frame,HydrogenBond,209ARG,3.59,O3->Ng+,CIMG_01418,pocket13,replica_1
CIMG_01418_prepared_Milbemycin_pocket13_complex_recombined_complex_explicit_stripped_final_frame,HydrogenBond,1010ASN,3.91,O3->Nam,CIMG_01418,pocket13,replica_1
CIMG_01418_prepared_Milbemycin_pocket13_complex_recombined_complex_explicit_stripped_final_frame,HydrogenBond,1013GLN,3.53,O3->Nam,CIMG_01418,pocket13,replica_1
CIMG_01418_prepared_Milbemycin_pocket13_complex_recombined_complex_explicit_stripped_final_frame,HydrogenBond,1016ARG,2.79,O3->Ng+,CIMG_01418,pocket13,replica_1
CIMG_01418_prepared_Milbemycin_pocket13_complex_recombined_complex_explicit_stripped_final_frame,HydrogenBond,1016ARG,3.41,O3->Ng+,CIMG_01418,pocket13,replica_1
CIMG_01418_prepared_Milbemycin_pocket13_complex_recombined_complex_explicit_stripped_final_frame,Hydrophobic,997TYR,3.92,,CIMG_01418,pocket13,replica_1
CIMG_01418_prepared_Milbemycin_pocket13_complex_recombined_complex_explicit_stripped_final_frame,Hydrophobic,1046TRP,3.87,,CIMG_01418,pocket13,replica_1
CIMG_01418_prepared_Milbemycin_pocket15_complex_recombined_complex_explicit_stripped_initial_frame,HydrogenBond,1464GLN,4.06,O2->O3,CIMG_01418,pocket15,replica_1
CIMG_01418_prepared_Milbemycin_pocket15_complex_recombined_complex_explicit_stripped_initial_frame,HydrogenBond,757THR,3.57,O3->Nam,CIMG_01418,pocket15,replica_1
CIMG_01418_prepared_Milbemycin_pocket15_complex_recombined_complex_explicit_stripped_initial_frame,Hydrophobic,566PHE,2.73,,CIMG_01418,pocket15,replica_1
CIMG_01418_prepared_Milbemycin_pocket15_complex_recombined_complex_explicit_stripped_initial_frame,Hydrophobic,1464GLN,2.09,,CIMG_01418,pocket15,replica_1
CIMG_01418_prepared_Milbemycin_pocket15_complex_recombined_complex_explicit_stripped_initial_frame,Hydrophobic,566PHE,1.96,,CIMG_01418,pocket15,replica_1
CIMG_01418_prepared_Milbemycin_pocket15_complex_recombined_complex_explicit_stripped_initial_frame,Hydrophobic,1464GLN,0.57,,CIMG_01418,pocket15,replica_1
CIMG_01418_prepared_Milbemycin_pocket15_complex_recombined_complex_explicit_stripped_final_frame,HydrogenBond,755GLY,2.72,O2->O3,CIMG_01418,pocket15,replica_1
CIMG_01418_prepared_Milbemycin_pocket15_complex_recombined_complex_explicit_stripped_final_frame,Hydrophobic,757THR,3.83,,CIMG_01418,pocket15,replica_1
CIMG_01418_prepared_Milbemycin_pocket15_complex_recombined_complex_explicit_stripped_final_frame,Hydrophobic,1454PRO,3.99,,CIMG_01418,pocket15,replica_1
CIMG_01418_prepared_Milbemycin_pocket9_complex_recombined_complex_explicit_stripped_initial_frame,HydrogenBond,261GLU,3.44,O2->O3,CIMG_01418,pocket9,replica_1
CIMG_01418_prepared_Milbemycin_pocket9_complex_recombined_complex_explicit_stripped_initial_frame,HydrogenBond,952ASP,3.05,O3->Nam,CIMG_01418,pocket9,replica_1
CIMG_01418_prepared_Milbemycin_pocket9_complex_recombined_complex_explicit_stripped_initial_frame,HydrogenBond,261GLU,3.88,O3->Nam,CIMG_01418,pocket9,replica_1
CIMG_01418_prepared_Milbemycin_pocket9_complex_recombined_complex_explicit_stripped_initial_frame,HydrogenBond,329ARG,3.5,O3->Ng+,CIMG_01418,pocket9,replica_1
CIMG_01418_prepared_Milbemycin_pocket9_complex_recombined_complex_explicit_stripped_initial_frame,HydrogenBond,319GLU,3.08,O3->O3,CIMG_01418,pocket9,replica_1
CIMG_01418_prepared_Milbemycin_pocket9_complex_recombined_complex_explicit_stripped_initial_frame,Hydrophobic,319GLU,3.98,,CIMG_01418,pocket9,replica_1
CIMG_01418_prepared_Milbemycin_pocket9_complex_recombined_complex_explicit_stripped_initial_frame,Hydrophobic,949GLN,3.33,,CIMG_01418,pocket9,replica_1
CIMG_01418_prepared_Milbemycin_pocket9_complex_recombined_complex_explicit_stripped_initial_frame,Hydrophobic,950GLN,2.62,,CIMG_01418,pocket9,replica_1
CIMG_01418_prepared_Milbemycin_pocket9_complex_recombined_complex_explicit_stripped_initial_frame,Hydrophobic,951GLN,2.71,,CIMG_01418,pocket9,replica_1
CIMG_01418_prepared_Milbemycin_pocket9_complex_recombined_complex_explicit_stripped_initial_frame,Hydrophobic,952ASP,3.61,,CIMG_01418,pocket9,replica_1
CIMG_01418_prepared_Milbemycin_pocket9_complex_recombined_complex_explicit_stripped_initial_frame,Hydrophobic,953LEU,2.14,,CIMG_01418,pocket9,replica_1
CIMG_01418_prepared_Milbemycin_pocket9_complex_recombined_complex_explicit_stripped_final_frame,HydrogenBond,319GLU,2.72,O3->O3,CIMG_01418,pocket9,replica_1
CIMG_01418_prepared_Milbemycin_pocket9_complex_recombined_complex_explicit_stripped_final_frame,HydrogenBond,319GLU,3.94,O2->O3,CIMG_01418,pocket9,replica_1
CIMG_01418_prepared_Milbemycin_pocket9_complex_recombined_complex_explicit_stripped_final_frame,HydrogenBond,951GLN,2.84,O3->Nam,CIMG_01418,pocket9,replica_1
CIMG_01418_prepared_Milbemycin_pocket9_complex_recombined_complex_explicit_stripped_final_frame,HydrogenBond,329ARG,3.86,O3->Ng+,CIMG_01418,pocket9,replica_1
CIMG_01418_prepared_Milbemycin_pocket9_complex_recombined_complex_explicit_stripped_final_frame,HydrogenBond,319GLU,2.72,O3->O3,CIMG_01418,pocket9,replica_1
CIMG_01418_prepared_Milbemycin_pocket9_complex_recombined_complex_explicit_stripped_final_frame,Hydrophobic,330LYS,3.65,,CIMG_01418,pocket9,replica_1
CIMG_01418_prepared_Milbemycin_pocket9_complex_recombined_complex_explicit_stripped_final_frame,Hydrophobic,352ARG,3.74,,CIMG_01418,pocket9,replica_1
CIMG_01418_prepared_Milbemycin_pocket5_complex_recombined_complex_explicit_stripped_final_frame,Hydrophobic,1260THR,3.96,,CIMG_01418,pocket5,replica_1
CIMG_01418_prepared_Milbemycin_pocket5_complex_recombined_complex_explicit_stripped_initial_frame,HydrogenBond,1260THR,3.98,O3->Nam,CIMG_01418,pocket5,replica_1
CIMG_01418_prepared_Milbemycin_pocket5_complex_recombined_complex_explicit_stripped_initial_frame,Hydrophobic,320TYR,3.24,,CIMG_01418,pocket5,replica_1
CIMG_01418_prepared_Milbemycin_pocket5_complex_recombined_complex_explicit_stripped_initial_frame,Hydrophobic,679LEU,2.78,,CIMG_01418,pocket5,replica_1
CIMG_01418_prepared_Milbemycin_pocket5_complex_recombined_complex_explicit_stripped_initial_frame,Hydrophobic,1256PRO,2.67,,CIMG_01418,pocket5,replica_1
CIMG_01418_prepared_Milbemycin_pocket5_complex_recombined_complex_explicit_stripped_initial_frame,Hydrophobic,1257TYR,1.68,,CIMG_01418,pocket5,replica_1
CIMG_01418_prepared_Milbemycin_pocket5_complex_recombined_complex_explicit_stripped_initial_frame,Hydrophobic,1260THR,2.68,,CIMG_01418,pocket5,replica_1
CIMG_01418_prepared_Milbemycin_pocket5_complex_recombined_complex_explicit_stripped_initial_frame,Hydrophobic,675LEU,1.79,,CIMG_01418,pocket5,replica_1
CIMG_01418_prepared_Milbemycin_pocket5_complex_recombined_complex_explicit_stripped_initial_frame,Hydrophobic,675LEU,1.09,,CIMG_01418,pocket5,replica_1
CIMG_01418_prepared_Milbemycin_pocket5_complex_recombined_complex_explicit_stripped_initial_frame,Hydrophobic,1257TYR,2.43,,CIMG_01418,pocket5,replica_1
CIMG_01418_prepared_Milbemycin_pocket3_complex_recombined_complex_explicit_stripped_initial_frame,Hydrophobic,667THR,3.36,,CIMG_01418,pocket3,replica_1
CIMG_01418_prepared_Milbemycin_pocket3_complex_recombined_complex_explicit_stripped_initial_frame,Hydrophobic,671ILE,3.6,,CIMG_01418,pocket3,replica_1
CIMG_01418_prepared_Milbemycin_pocket3_complex_recombined_complex_explicit_stripped_initial_frame,Hydrophobic,684ILE,2.35,,CIMG_01418,pocket3,replica_1
CIMG_01418_prepared_Milbemycin_pocket3_complex_recombined_complex_explicit_stripped_initial_frame,Hydrophobic,685PHE,2.74,,CIMG_01418,pocket3,replica_1
CIMG_01418_prepared_Milbemycin_pocket3_complex_recombined_complex_explicit_stripped_initial_frame,Hydrophobic,668ILE,1.9,,CIMG_01418,pocket3,replica_1
CIMG_01418_prepared_Milbemycin_pocket3_complex_recombined_complex_explicit_stripped_initial_frame,Hydrophobic,681PRO,3.69,,CIMG_01418,pocket3,replica_1
CIMG_01418_prepared_Milbemycin_pocket3_complex_recombined_complex_explicit_stripped_initial_frame,Hydrophobic,684ILE,1.26,,CIMG_01418,pocket3,replica_1
CIMG_01418_prepared_Milbemycin_pocket3_complex_recombined_complex_explicit_stripped_initial_frame,Hydrophobic,708TRP,2.6,,CIMG_01418,pocket3,replica_1
CIMG_01418_prepared_Milbemycin_pocket3_complex_recombined_complex_explicit_stripped_initial_frame,Hydrophobic,712LEU,1.06,,CIMG_01418,pocket3,replica_1
CIMG_01418_prepared_Milbemycin_pocket3_complex_recombined_complex_explicit_stripped_final_frame,Hydrophobic,685PHE,3.63,,CIMG_01418,pocket3,replica_1
CIMG_01418_prepared_Milbemycin_pocket3_complex_recombined_complex_explicit_stripped_final_frame,Hydrophobic,685PHE,3.36,,CIMG_01418,pocket3,replica_1
CIMG_01418_prepared_Milbemycin_pocket3_complex_recombined_complex_explicit_stripped_final_frame,Hydrophobic,688ALA,3.97,,CIMG_01418,pocket3,replica_1
CIMG_01418_prepared_Milbemycin_pocket3_complex_recombined_complex_explicit_stripped_final_frame,Hydrophobic,712LEU,3.8,,CIMG_01418,pocket3,replica_1
CIMG_01418_prepared_Milbemycin_pocket3_complex_recombined_complex_explicit_stripped_final_frame,Hydrophobic,796PHE,3.95,,CIMG_01418,pocket3,replica_1
CIMG_01418_prepared_Milbemycin_pocket3_complex_recombined_complex_explicit_stripped_final_frame,Hydrophobic,797PHE,3.93,,CIMG_01418,pocket3,replica_1
CIMG_01418_prepared_Milbemycin_pocket12_complex_recombined_complex_explicit_stripped_initial_frame,Hydrophobic,667THR,3.26,,CIMG_01418,pocket12,replica_1
CIMG_01418_prepared_Milbemycin_pocket12_complex_recombined_complex_explicit_stripped_initial_frame,Hydrophobic,671ILE,3.57,,CIMG_01418,pocket12,replica_1
CIMG_01418_prepared_Milbemycin_pocket12_complex_recombined_complex_explicit_stripped_initial_frame,Hydrophobic,684ILE,2.34,,CIMG_01418,pocket12,replica_1
CIMG_01418_prepared_Milbemycin_pocket12_complex_recombined_complex_explicit_stripped_initial_frame,Hydrophobic,685PHE,2.65,,CIMG_01418,pocket12,replica_1
CIMG_01418_prepared_Milbemycin_pocket12_complex_recombined_complex_explicit_stripped_initial_frame,Hydrophobic,797PHE,3.99,,CIMG_01418,pocket12,replica_1
CIMG_01418_prepared_Milbemycin_pocket12_complex_recombined_complex_explicit_stripped_initial_frame,Hydrophobic,797PHE,3.96,,CIMG_01418,pocket12,replica_1
CIMG_01418_prepared_Milbemycin_pocket12_complex_recombined_complex_explicit_stripped_initial_frame,Hydrophobic,668ILE,1.79,,CIMG_01418,pocket12,replica_1
CIMG_01418_prepared_Milbemycin_pocket12_complex_recombined_complex_explicit_stripped_initial_frame,Hydrophobic,681PRO,3.64,,CIMG_01418,pocket12,replica_1
CIMG_01418_prepared_Milbemycin_pocket12_complex_recombined_complex_explicit_stripped_initial_frame,Hydrophobic,684ILE,1.18,,CIMG_01418,pocket12,replica_1
CIMG_01418_prepared_Milbemycin_pocket12_complex_recombined_complex_explicit_stripped_initial_frame,Hydrophobic,708TRP,2.67,,CIMG_01418,pocket12,replica_1
CIMG_01418_prepared_Milbemycin_pocket12_complex_recombined_complex_explicit_stripped_initial_frame,Hydrophobic,712LEU,1.01,,CIMG_01418,pocket12,replica_1
CIMG_01418_prepared_Milbemycin_pocket12_complex_recombined_complex_explicit_stripped_final_frame,Hydrophobic,712LEU,3.44,,CIMG_01418,pocket12,replica_1
CIMG_01418_prepared_Milbemycin_pocket12_complex_recombined_complex_explicit_stripped_final_frame,Hydrophobic,797PHE,3.98,,CIMG_01418,pocket12,replica_1
CIMG_01418_prepared_Milbemycin_pocket12_complex_recombined_complex_explicit_stripped_final_frame,Hydrophobic,1218PHE,3.96,,CIMG_01418,pocket12,replica_1
CIMG_01418_prepared_Milbemycin_pocket12_complex_recombined_complex_explicit_stripped_final_frame,Hydrophobic,685PHE,3.88,,CIMG_01418,pocket12,replica_1
CIMG_01418_prepared_Milbemycin_pocket12_complex_recombined_complex_explicit_stripped_final_frame,Hydrophobic,709ILE,3.94,,CIMG_01418,pocket12,replica_1
CIMG_01418_prepared_Milbemycin_pocket14_complex_recombined_complex_explicit_stripped_final_frame,HydrogenBond,262THR,3.88,O3->O3,CIMG_01418,pocket14,replica_1
CIMG_01418_prepared_Milbemycin_pocket14_complex_recombined_complex_explicit_stripped_final_frame,HydrogenBond,319GLU,2.98,O3->O3,CIMG_01418,pocket14,replica_1
CIMG_01418_prepared_Milbemycin_pocket14_complex_recombined_complex_explicit_stripped_final_frame,HydrogenBond,262THR,3.88,O3->O3,CIMG_01418,pocket14,replica_1
CIMG_01418_prepared_Milbemycin_pocket14_complex_recombined_complex_explicit_stripped_final_frame,HydrogenBond,319GLU,2.98,O3->O3,CIMG_01418,pocket14,replica_1
CIMG_01418_prepared_Milbemycin_pocket14_complex_recombined_complex_explicit_stripped_final_frame,Hydrophobic,595PRO,3.92,,CIMG_01418,pocket14,replica_1
CIMG_01418_prepared_Milbemycin_pocket14_complex_recombined_complex_explicit_stripped_final_frame,Hydrophobic,1260THR,3.62,,CIMG_01418,pocket14,replica_1
CIMG_01418_prepared_Milbemycin_pocket14_complex_recombined_complex_explicit_stripped_initial_frame,HydrogenBond,956GLU,3.98,O2->O3,CIMG_01418,pocket14,replica_1
CIMG_01418_prepared_Milbemycin_pocket14_complex_recombined_complex_explicit_stripped_initial_frame,HydrogenBond,954HIS,4.06,O3->Nam,CIMG_01418,pocket14,replica_1
CIMG_01418_prepared_Milbemycin_pocket14_complex_recombined_complex_explicit_stripped_initial_frame,Hydrophobic,951GLN,3.16,,CIMG_01418,pocket14,replica_1
CIMG_01418_prepared_Milbemycin_pocket14_complex_recombined_complex_explicit_stripped_initial_frame,Hydrophobic,951GLN,3.95,,CIMG_01418,pocket14,replica_1
CIMG_01418_prepared_Milbemycin_pocket14_complex_recombined_complex_explicit_stripped_initial_frame,Hydrophobic,952ASP,3.96,,CIMG_01418,pocket14,replica_1
CIMG_01418_prepared_Milbemycin_pocket14_complex_recombined_complex_explicit_stripped_initial_frame,Hydrophobic,953LEU,1.95,,CIMG_01418,pocket14,replica_1
CIMG_01418_prepared_Milbemycin_pocket14_complex_recombined_complex_explicit_stripped_initial_frame,Hydrophobic,953LEU,3.77,,CIMG_01418,pocket14,replica_1
CIMG_01418_prepared_Milbemycin_pocket14_complex_recombined_complex_explicit_stripped_initial_frame,Hydrophobic,954HIS,3.55,,CIMG_01418,pocket14,replica_1
CIMG_01418_prepared_Milbemycin_pocket14_complex_recombined_complex_explicit_stripped_initial_frame,Hydrophobic,956GLU,3.8,,CIMG_01418,pocket14,replica_1
CIMG_01418_prepared_Milbemycin_pocket14_complex_recombined_complex_explicit_stripped_initial_frame,Hydrophobic,1005LEU,3.4,,CIMG_01418,pocket14,replica_1
CIMG_01418_prepared_Milbemycin_pocket2_complex_recombined_complex_explicit_stripped_initial_frame,HydrogenBond,261GLU,3.76,O2->O3,CIMG_01418,pocket2,replica_1
CIMG_01418_prepared_Milbemycin_pocket2_complex_recombined_complex_explicit_stripped_initial_frame,HydrogenBond,952ASP,2.76,O3->Nam,CIMG_01418,pocket2,replica_1
CIMG_01418_prepared_Milbemycin_pocket2_complex_recombined_complex_explicit_stripped_initial_frame,HydrogenBond,261GLU,3.99,O3->Nam,CIMG_01418,pocket2,replica_1
CIMG_01418_prepared_Milbemycin_pocket2_complex_recombined_complex_explicit_stripped_initial_frame,HydrogenBond,329ARG,3.71,O3->Ng+,CIMG_01418,pocket2,replica_1
CIMG_01418_prepared_Milbemycin_pocket2_complex_recombined_complex_explicit_stripped_initial_frame,HydrogenBond,319GLU,2.38,O3->O3,CIMG_01418,pocket2,replica_1
CIMG_01418_prepared_Milbemycin_pocket2_complex_recombined_complex_explicit_stripped_initial_frame,Hydrophobic,949GLN,3.63,,CIMG_01418,pocket2,replica_1
CIMG_01418_prepared_Milbemycin_pocket2_complex_recombined_complex_explicit_stripped_initial_frame,Hydrophobic,952ASP,3.8,,CIMG_01418,pocket2,replica_1
CIMG_01418_prepared_Milbemycin_pocket2_complex_recombined_complex_explicit_stripped_initial_frame,Hydrophobic,950GLN,3.12,,CIMG_01418,pocket2,replica_1
CIMG_01418_prepared_Milbemycin_pocket2_complex_recombined_complex_explicit_stripped_initial_frame,Hydrophobic,951GLN,3.19,,CIMG_01418,pocket2,replica_1
CIMG_01418_prepared_Milbemycin_pocket2_complex_recombined_complex_explicit_stripped_initial_frame,Hydrophobic,953LEU,2.72,,CIMG_01418,pocket2,replica_1
CIMG_01418_prepared_Milbemycin_pocket2_complex_recombined_complex_explicit_stripped_initial_frame,Hydrophobic,953LEU,1.45,,CIMG_01418,pocket2,replica_1
CIMG_01418_prepared_Milbemycin_pocket2_complex_recombined_complex_explicit_stripped_final_frame,HydrogenBond,952ASP,3.68,O3->Nam,CIMG_01418,pocket2,replica_1
CIMG_01418_prepared_Milbemycin_pocket2_complex_recombined_complex_explicit_stripped_final_frame,HydrogenBond,1005LEU,2.9,O3->Nam,CIMG_01418,pocket2,replica_1
CIMG_01418_prepared_Milbemycin_pocket2_complex_recombined_complex_explicit_stripped_final_frame,Hydrophobic,951GLN,3.85,,CIMG_01418,pocket2,replica_1
CIMG_01418_prepared_Milbemycin_pocket2_complex_recombined_complex_explicit_stripped_final_frame,Hydrophobic,952ASP,3.97,,CIMG_01418,pocket2,replica_1
CIMG_01418_prepared_Milbemycin_pocket2_complex_recombined_complex_explicit_stripped_final_frame,Hydrophobic,953LEU,3.82,,CIMG_01418,pocket2,replica_1
CIMG_01418_prepared_Milbemycin_pocket2_complex_recombined_complex_explicit_stripped_final_frame,SaltBridge,1014ARG,4.34,A↔A,CIMG_01418,pocket2,replica_1
MDR1_CRYNH_prepared_Milbemycin_pocket10_complex_recombined_complex_explicit_stripped_initial_frame,HydrogenBond,914ARG,3.14,O3->Ng+,MDR1_CRYNH,pocket10,replica_1
MDR1_CRYNH_prepared_Milbemycin_pocket10_complex_recombined_complex_explicit_stripped_initial_frame,HydrogenBond,914ARG,3.48,O3->Ng+,MDR1_CRYNH,pocket10,replica_1
MDR1_CRYNH_prepared_Milbemycin_pocket10_complex_recombined_complex_explicit_stripped_initial_frame,Hydrophobic,280THR,3.14,,MDR1_CRYNH,pocket10,replica_1
MDR1_CRYNH_prepared_Milbemycin_pocket10_complex_recombined_complex_explicit_stripped_initial_frame,Hydrophobic,284THR,3.43,,MDR1_CRYNH,pocket10,replica_1
MDR1_CRYNH_prepared_Milbemycin_pocket10_complex_recombined_complex_explicit_stripped_initial_frame,Hydrophobic,948GLN,3.54,,MDR1_CRYNH,pocket10,replica_1
MDR1_CRYNH_prepared_Milbemycin_pocket10_complex_recombined_complex_explicit_stripped_initial_frame,Hydrophobic,59VAL,3.85,,MDR1_CRYNH,pocket10,replica_1
MDR1_CRYNH_prepared_Milbemycin_pocket10_complex_recombined_complex_explicit_stripped_initial_frame,Hydrophobic,940THR,3.42,,MDR1_CRYNH,pocket10,replica_1
MDR1_CRYNH_prepared_Milbemycin_pocket10_complex_recombined_complex_explicit_stripped_initial_frame,Hydrophobic,944ALA,2.41,,MDR1_CRYNH,pocket10,replica_1
MDR1_CRYNH_prepared_Milbemycin_pocket10_complex_recombined_complex_explicit_stripped_initial_frame,Hydrophobic,944ALA,1.54,,MDR1_CRYNH,pocket10,replica_1
MDR1_CRYNH_prepared_Milbemycin_pocket10_complex_recombined_complex_explicit_stripped_initial_frame,Hydrophobic,945ASP,3.57,,MDR1_CRYNH,pocket10,replica_1
MDR1_CRYNH_prepared_Milbemycin_pocket4_complex_recombined_complex_explicit_stripped_initial_frame,HydrogenBond,141PHE,3.84,O2->O3,MDR1_CRYNH,pocket4,replica_1
MDR1_CRYNH_prepared_Milbemycin_pocket4_complex_recombined_complex_explicit_stripped_initial_frame,HydrogenBond,144LEU,3.57,O3->Nam,MDR1_CRYNH,pocket4,replica_1
MDR1_CRYNH_prepared_Milbemycin_pocket4_complex_recombined_complex_explicit_stripped_initial_frame,HydrogenBond,145PHE,3.6,O3->Nam,MDR1_CRYNH,pocket4,replica_1
MDR1_CRYNH_prepared_Milbemycin_pocket4_complex_recombined_complex_explicit_stripped_initial_frame,Hydrophobic,142PHE,3.75,,MDR1_CRYNH,pocket4,replica_1
MDR1_CRYNH_prepared_Milbemycin_pocket4_complex_recombined_complex_explicit_stripped_initial_frame,Hydrophobic,143ALA,3.47,,MDR1_CRYNH,pocket4,replica_1
MDR1_CRYNH_prepared_Milbemycin_pocket4_complex_recombined_complex_explicit_stripped_initial_frame,Hydrophobic,153ILE,3.78,,MDR1_CRYNH,pocket4,replica_1
MDR1_CRYNH_prepared_Milbemycin_pocket4_complex_recombined_complex_explicit_stripped_initial_frame,Hydrophobic,142PHE,3.5,,MDR1_CRYNH,pocket4,replica_1
MDR1_CRYNH_prepared_Milbemycin_pocket4_complex_recombined_complex_explicit_stripped_initial_frame,Hydrophobic,145PHE,3.21,,MDR1_CRYNH,pocket4,replica_1
MDR1_CRYNH_prepared_Milbemycin_pocket4_complex_recombined_complex_explicit_stripped_initial_frame,Hydrophobic,146ARG,1.19,,MDR1_CRYNH,pocket4,replica_1
MDR1_CRYNH_prepared_Milbemycin_pocket4_complex_recombined_complex_explicit_stripped_final_frame,Hydrophobic,142PHE,3.78,,MDR1_CRYNH,pocket4,replica_1
MDR1_CRYNH_prepared_Milbemycin_pocket4_complex_recombined_complex_explicit_stripped_final_frame,Hydrophobic,145PHE,3.83,,MDR1_CRYNH,pocket4,replica_1
MDR1_CRYNH_prepared_Milbemycin_pocket4_complex_recombined_complex_explicit_stripped_final_frame,Hydrophobic,145PHE,3.72,,MDR1_CRYNH,pocket4,replica_1
MDR1_CRYNH_prepared_Milbemycin_pocket4_complex_recombined_complex_explicit_stripped_final_frame,Hydrophobic,160LEU,3.49,,MDR1_CRYNH,pocket4,replica_1
MDR1_CRYNH_prepared_Milbemycin_pocket4_complex_recombined_complex_explicit_stripped_final_frame,Hydrophobic,142PHE,3.56,,MDR1_CRYNH,pocket4,replica_1
MDR1_CRYNH_prepared_Milbemycin_pocket8_complex_recombined_complex_explicit_stripped_initial_frame,HydrogenBond,1208GLN,2.55,O2->O3,MDR1_CRYNH,pocket8,replica_1
MDR1_CRYNH_prepared_Milbemycin_pocket8_complex_recombined_complex_explicit_stripped_initial_frame,HydrogenBond,369ARG,3.56,O3->Ng+,MDR1_CRYNH,pocket8,replica_1
MDR1_CRYNH_prepared_Milbemycin_pocket8_complex_recombined_complex_explicit_stripped_initial_frame,HydrogenBond,369ARG,3.9,O3->Ng+,MDR1_CRYNH,pocket8,replica_1
MDR1_CRYNH_prepared_Milbemycin_pocket8_complex_recombined_complex_explicit_stripped_initial_frame,HydrogenBond,1208GLN,3.48,O3->Nam,MDR1_CRYNH,pocket8,replica_1
MDR1_CRYNH_prepared_Milbemycin_pocket8_complex_recombined_complex_explicit_stripped_initial_frame,Hydrophobic,930ASP,3.46,,MDR1_CRYNH,pocket8,replica_1
MDR1_CRYNH_prepared_Milbemycin_pocket8_complex_recombined_complex_explicit_stripped_initial_frame,Hydrophobic,1171TYR,3.87,,MDR1_CRYNH,pocket8,replica_1
MDR1_CRYNH_prepared_Milbemycin_pocket8_complex_recombined_complex_explicit_stripped_initial_frame,SaltBridge,1174ARG,5.39,A↔A,MDR1_CRYNH,pocket8,replica_1
MDR1_CRYNH_prepared_Milbemycin_pocket8_complex_recombined_complex_explicit_stripped_final_frame,HydrogenBond,1208GLN,2.76,O2->O3,MDR1_CRYNH,pocket8,replica_1
MDR1_CRYNH_prepared_Milbemycin_pocket8_complex_recombined_complex_explicit_stripped_final_frame,HydrogenBond,369ARG,3.1,O3->Ng+,MDR1_CRYNH,pocket8,replica_1
MDR1_CRYNH_prepared_Milbemycin_pocket8_complex_recombined_complex_explicit_stripped_final_frame,HydrogenBond,369ARG,3.03,O3->Ng+,MDR1_CRYNH,pocket8,replica_1
MDR1_CRYNH_prepared_Milbemycin_pocket8_complex_recombined_complex_explicit_stripped_final_frame,Hydrophobic,1245GLN,3.68,,MDR1_CRYNH,pocket8,replica_1
MDR1_CRYNH_prepared_Milbemycin_pocket8_complex_recombined_complex_explicit_stripped_final_frame,Hydrophobic,1171TYR,3.61,,MDR1_CRYNH,pocket8,replica_1
MDR1_CRYNH_prepared_Milbemycin_pocket7_complex_recombined_complex_explicit_stripped_initial_frame,Hydrophobic,267ILE,2.96,,MDR1_CRYNH,pocket7,replica_1
MDR1_CRYNH_prepared_Milbemycin_pocket7_complex_recombined_complex_explicit_stripped_initial_frame,Hydrophobic,550PHE,3.09,,MDR1_CRYNH,pocket7,replica_1
MDR1_CRYNH_prepared_Milbemycin_pocket7_complex_recombined_complex_explicit_stripped_initial_frame,Hydrophobic,267ILE,2.07,,MDR1_CRYNH,pocket7,replica_1
MDR1_CRYNH_prepared_Milbemycin_pocket7_complex_recombined_complex_explicit_stripped_initial_frame,Hydrophobic,1030LYS,0.84,,MDR1_CRYNH,pocket7,replica_1
MDR1_CRYNH_prepared_Milbemycin_pocket7_complex_recombined_complex_explicit_stripped_initial_frame,SaltBridge,1030LYS,4.65,A↔A,MDR1_CRYNH,pocket7,replica_1
MDR1_CRYNH_prepared_Milbemycin_pocket7_complex_recombined_complex_explicit_stripped_final_frame,HydrogenBond,1300GLY,3.39,O2->O3,MDR1_CRYNH,pocket7,replica_1
MDR1_CRYNH_prepared_Milbemycin_pocket7_complex_recombined_complex_explicit_stripped_final_frame,HydrogenBond,1303SER,3.79,O3->O3,MDR1_CRYNH,pocket7,replica_1
MDR1_CRYNH_prepared_Milbemycin_pocket7_complex_recombined_complex_explicit_stripped_final_frame,Hydrophobic,271ASP,3.92,,MDR1_CRYNH,pocket7,replica_1
MDR1_CRYNH_prepared_Milbemycin_pocket1_complex_recombined_complex_explicit_stripped_initial_frame,HydrogenBond,1071GLN,4.04,O2->O3,MDR1_CRYNH,pocket1,replica_1
MDR1_CRYNH_prepared_Milbemycin_pocket1_complex_recombined_complex_explicit_stripped_initial_frame,HydrogenBond,302GLN,3.67,O3->Nam,MDR1_CRYNH,pocket1,replica_1
MDR1_CRYNH_prepared_Milbemycin_pocket1_complex_recombined_complex_explicit_stripped_initial_frame,HydrogenBond,48THR,3.07,O3->Nam,MDR1_CRYNH,pocket1,replica_1
MDR1_CRYNH_prepared_Milbemycin_pocket1_complex_recombined_complex_explicit_stripped_initial_frame,HydrogenBond,1115ASN,3.31,O3->Nam,MDR1_CRYNH,pocket1,replica_1
MDR1_CRYNH_prepared_Milbemycin_pocket1_complex_recombined_complex_explicit_stripped_initial_frame,Hydrophobic,46TYR,3.28,,MDR1_CRYNH,pocket1,replica_1
MDR1_CRYNH_prepared_Milbemycin_pocket1_complex_recombined_complex_explicit_stripped_initial_frame,Hydrophobic,46TYR,2.74,,MDR1_CRYNH,pocket1,replica_1
MDR1_CRYNH_prepared_Milbemycin_pocket1_complex_recombined_complex_explicit_stripped_initial_frame,Hydrophobic,166ALA,3.63,,MDR1_CRYNH,pocket1,replica_1
MDR1_CRYNH_prepared_Milbemycin_pocket1_complex_recombined_complex_explicit_stripped_initial_frame,Hydrophobic,458GLU,3.05,,MDR1_CRYNH,pocket1,replica_1
MDR1_CRYNH_prepared_Milbemycin_pocket1_complex_recombined_complex_explicit_stripped_initial_frame,Hydrophobic,45PRO,0.74,,MDR1_CRYNH,pocket1,replica_1
MDR1_CRYNH_prepared_Milbemycin_pocket1_complex_recombined_complex_explicit_stripped_initial_frame,Hydrophobic,45PRO,2.8,,MDR1_CRYNH,pocket1,replica_1
MDR1_CRYNH_prepared_Milbemycin_pocket1_complex_recombined_complex_explicit_stripped_initial_frame,Hydrophobic,299LEU,3.66,,MDR1_CRYNH,pocket1,replica_1
MDR1_CRYNH_prepared_Milbemycin_pocket1_complex_recombined_complex_explicit_stripped_initial_frame,Hydrophobic,302GLN,2.92,,MDR1_CRYNH,pocket1,replica_1
MDR1_CRYNH_prepared_Milbemycin_pocket1_complex_recombined_complex_explicit_stripped_initial_frame,Hydrophobic,303TYR,2.78,,MDR1_CRYNH,pocket1,replica_1
MDR1_CRYNH_prepared_Milbemycin_pocket1_complex_recombined_complex_explicit_stripped_final_frame,HydrogenBond,1000ARG,2.67,O2->O3,MDR1_CRYNH,pocket1,replica_1
MDR1_CRYNH_prepared_Milbemycin_pocket1_complex_recombined_complex_explicit_stripped_final_frame,HydrogenBond,1115ASN,3.84,O2->O3,MDR1_CRYNH,pocket1,replica_1
MDR1_CRYNH_prepared_Milbemycin_pocket1_complex_recombined_complex_explicit_stripped_final_frame,HydrogenBond,1000ARG,3.81,O3->Ng+,MDR1_CRYNH,pocket1,replica_1
MDR1_CRYNH_prepared_Milbemycin_pocket1_complex_recombined_complex_explicit_stripped_final_frame,HydrogenBond,303TYR,2.94,O3->O3,MDR1_CRYNH,pocket1,replica_1
MDR1_CRYNH_prepared_Milbemycin_pocket1_complex_recombined_complex_explicit_stripped_final_frame,Hydrophobic,296LYS,3.79,,MDR1_CRYNH,pocket1,replica_1
MDR1_CRYNH_prepared_Milbemycin_pocket1_complex_recombined_complex_explicit_stripped_final_frame,Hydrophobic,296LYS,3.73,,MDR1_CRYNH,pocket1,replica_1
MDR1_CRYNH_prepared_Milbemycin_pocket1_complex_recombined_complex_explicit_stripped_final_frame,Hydrophobic,303TYR,3.73,,MDR1_CRYNH,pocket1,replica_1
MDR1_CRYNH_prepared_Milbemycin_pocket1_complex_recombined_complex_explicit_stripped_final_frame,Hydrophobic,1001LEU,3.75,,MDR1_CRYNH,pocket1,replica_1
MDR1_CRYNH_prepared_Milbemycin_pocket1_complex_recombined_complex_explicit_stripped_final_frame,Hydrophobic,1003VAL,3.93,,MDR1_CRYNH,pocket1,replica_1
MDR1_CRYNH_prepared_Milbemycin_pocket1_complex_recombined_complex_explicit_stripped_final_frame,Hydrophobic,1004VAL,3.39,,MDR1_CRYNH,pocket1,replica_1
MDR1_CRYNH_prepared_Milbemycin_pocket1_complex_recombined_complex_explicit_stripped_final_frame,Hydrophobic,1067PHE,3.64,,MDR1_CRYNH,pocket1,replica_1
MDR1_CRYNH_prepared_Milbemycin_pocket1_complex_recombined_complex_explicit_stripped_final_frame,Hydrophobic,1067PHE,3.81,,MDR1_CRYNH,pocket1,replica_1
MDR1_CRYNH_prepared_Milbemycin_pocket1_complex_recombined_complex_explicit_stripped_final_frame,Hydrophobic,1071GLN,3.9,,MDR1_CRYNH,pocket1,replica_1
MDR1_CRYNH_prepared_Milbemycin_pocket1_complex_recombined_complex_explicit_stripped_final_frame,Hydrophobic,299LEU,3.71,,MDR1_CRYNH,pocket1,replica_1
MDR1_CRYNH_prepared_Milbemycin_pocket1_complex_recombined_complex_explicit_stripped_final_frame,SaltBridge,1000ARG,3.53,A↔A,MDR1_CRYNH,pocket1,replica_1
MDR1_CRYNH_prepared_Milbemycin_pocket13_complex_recombined_complex_explicit_stripped_final_frame,HydrogenBond,53ASN,2.91,O2->O3,MDR1_CRYNH,pocket13,replica_1
MDR1_CRYNH_prepared_Milbemycin_pocket13_complex_recombined_complex_explicit_stripped_final_frame,HydrogenBond,1125LYS,2.86,O3->N3+,MDR1_CRYNH,pocket13,replica_1
MDR1_CRYNH_prepared_Milbemycin_pocket13_complex_recombined_complex_explicit_stripped_final_frame,HydrogenBond,951GLN,2.88,O3->Nam,MDR1_CRYNH,pocket13,replica_1
MDR1_CRYNH_prepared_Milbemycin_pocket13_complex_recombined_complex_explicit_stripped_final_frame,HydrogenBond,55GLY,3.08,O3->Nam,MDR1_CRYNH,pocket13,replica_1
MDR1_CRYNH_prepared_Milbemycin_pocket13_complex_recombined_complex_explicit_stripped_final_frame,Hydrophobic,52PRO,3.9,,MDR1_CRYNH,pocket13,replica_1
MDR1_CRYNH_prepared_Milbemycin_pocket13_complex_recombined_complex_explicit_stripped_final_frame,Hydrophobic,948GLN,3.9,,MDR1_CRYNH,pocket13,replica_1
MDR1_CRYNH_prepared_Milbemycin_pocket13_complex_recombined_complex_explicit_stripped_final_frame,Hydrophobic,1001LEU,3.92,,MDR1_CRYNH,pocket13,replica_1
MDR1_CRYNH_prepared_Milbemycin_pocket13_complex_recombined_complex_explicit_stripped_final_frame,Hydrophobic,1004VAL,3.83,,MDR1_CRYNH,pocket13,replica_1
MDR1_CRYNH_prepared_Milbemycin_pocket13_complex_recombined_complex_explicit_stripped_final_frame,Hydrophobic,1119PHE,3.87,,MDR1_CRYNH,pocket13,replica_1
MDR1_CRYNH_prepared_Milbemycin_pocket13_complex_recombined_complex_explicit_stripped_final_frame,Hydrophobic,1005VAL,3.62,,MDR1_CRYNH,pocket13,replica_1
MDR1_CRYNH_prepared_Milbemycin_pocket13_complex_recombined_complex_explicit_stripped_final_frame,SaltBridge,1125LYS,3.12,A↔A,MDR1_CRYNH,pocket13,replica_1
MDR1_CRYNH_prepared_Milbemycin_pocket13_complex_recombined_complex_explicit_stripped_initial_frame,HydrogenBond,53ASN,4.08,O2->O3,MDR1_CRYNH,pocket13,replica_1
MDR1_CRYNH_prepared_Milbemycin_pocket13_complex_recombined_complex_explicit_stripped_initial_frame,HydrogenBond,951GLN,3.9,O2->O3,MDR1_CRYNH,pocket13,replica_1
MDR1_CRYNH_prepared_Milbemycin_pocket13_complex_recombined_complex_explicit_stripped_initial_frame,HydrogenBond,1122ASP,1.87,O2->O3,MDR1_CRYNH,pocket13,replica_1
MDR1_CRYNH_prepared_Milbemycin_pocket13_complex_recombined_complex_explicit_stripped_initial_frame,HydrogenBond,957THR,2.79,O3->Nam,MDR1_CRYNH,pocket13,replica_1
MDR1_CRYNH_prepared_Milbemycin_pocket13_complex_recombined_complex_explicit_stripped_initial_frame,Hydrophobic,54VAL,3.15,,MDR1_CRYNH,pocket13,replica_1
MDR1_CRYNH_prepared_Milbemycin_pocket13_complex_recombined_complex_explicit_stripped_initial_frame,Hydrophobic,1119PHE,3.28,,MDR1_CRYNH,pocket13,replica_1
MDR1_CRYNH_prepared_Milbemycin_pocket13_complex_recombined_complex_explicit_stripped_initial_frame,Hydrophobic,1122ASP,3.91,,MDR1_CRYNH,pocket13,replica_1
MDR1_CRYNH_prepared_Milbemycin_pocket13_complex_recombined_complex_explicit_stripped_initial_frame,Hydrophobic,54VAL,3.59,,MDR1_CRYNH,pocket13,replica_1
MDR1_CRYNH_prepared_Milbemycin_pocket13_complex_recombined_complex_explicit_stripped_initial_frame,Hydrophobic,948GLN,1.72,,MDR1_CRYNH,pocket13,replica_1
MDR1_CRYNH_prepared_Milbemycin_pocket13_complex_recombined_complex_explicit_stripped_initial_frame,Hydrophobic,957THR,2.85,,MDR1_CRYNH,pocket13,replica_1
MDR1_CRYNH_prepared_Milbemycin_pocket13_complex_recombined_complex_explicit_stripped_initial_frame,SaltBridge,1125LYS,5.24,A↔A,MDR1_CRYNH,pocket13,replica_1
MDR1_CRYNH_prepared_Milbemycin_pocket15_complex_recombined_complex_explicit_stripped_initial_frame,Hydrophobic,57PRO,2.62,,MDR1_CRYNH,pocket15,replica_1
MDR1_CRYNH_prepared_Milbemycin_pocket15_complex_recombined_complex_explicit_stripped_initial_frame,Hydrophobic,291GLU,3.11,,MDR1_CRYNH,pocket15,replica_1
MDR1_CRYNH_prepared_Milbemycin_pocket15_complex_recombined_complex_explicit_stripped_initial_frame,Hydrophobic,291GLU,2.93,,MDR1_CRYNH,pocket15,replica_1
MDR1_CRYNH_prepared_Milbemycin_pocket15_complex_recombined_complex_explicit_stripped_initial_frame,Hydrophobic,1008ASP,2.79,,MDR1_CRYNH,pocket15,replica_1
MDR1_CRYNH_prepared_Milbemycin_pocket15_complex_recombined_complex_explicit_stripped_initial_frame,SaltBridge,1125LYS,5.11,A↔A,MDR1_CRYNH,pocket15,replica_1
MDR1_CRYNH_prepared_Milbemycin_pocket15_complex_recombined_complex_explicit_stripped_final_frame,HydrogenBond,458GLU,2.73,O3->O3,MDR1_CRYNH,pocket15,replica_1
MDR1_CRYNH_prepared_Milbemycin_pocket15_complex_recombined_complex_explicit_stripped_final_frame,HydrogenBond,1009GLN,2.96,O3->Nam,MDR1_CRYNH,pocket15,replica_1
MDR1_CRYNH_prepared_Milbemycin_pocket15_complex_recombined_complex_explicit_stripped_final_frame,HydrogenBond,458GLU,3.44,O3->O3,MDR1_CRYNH,pocket15,replica_1
MDR1_CRYNH_prepared_Milbemycin_pocket15_complex_recombined_complex_explicit_stripped_final_frame,Hydrophobic,56ALA,3.75,,MDR1_CRYNH,pocket15,replica_1
MDR1_CRYNH_prepared_Milbemycin_pocket15_complex_recombined_complex_explicit_stripped_final_frame,Hydrophobic,291GLU,3.99,,MDR1_CRYNH,pocket15,replica_1
MDR1_CRYNH_prepared_Milbemycin_pocket15_complex_recombined_complex_explicit_stripped_final_frame,Hydrophobic,291GLU,3.75,,MDR1_CRYNH,pocket15,replica_1
MDR1_CRYNH_prepared_Milbemycin_pocket9_complex_recombined_complex_explicit_stripped_initial_frame,HydrogenBond,904ARG,3.8,O3->Ng+,MDR1_CRYNH,pocket9,replica_1
MDR1_CRYNH_prepared_Milbemycin_pocket9_complex_recombined_complex_explicit_stripped_initial_frame,Hydrophobic,400ILE,3.5,,MDR1_CRYNH,pocket9,replica_1
MDR1_CRYNH_prepared_Milbemycin_pocket9_complex_recombined_complex_explicit_stripped_initial_frame,Hydrophobic,896PHE,3.71,,MDR1_CRYNH,pocket9,replica_1
MDR1_CRYNH_prepared_Milbemycin_pocket9_complex_recombined_complex_explicit_stripped_initial_frame,Hydrophobic,897PHE,3.85,,MDR1_CRYNH,pocket9,replica_1
MDR1_CRYNH_prepared_Milbemycin_pocket9_complex_recombined_complex_explicit_stripped_initial_frame,Hydrophobic,904ARG,3.63,,MDR1_CRYNH,pocket9,replica_1
MDR1_CRYNH_prepared_Milbemycin_pocket9_complex_recombined_complex_explicit_stripped_initial_frame,Hydrophobic,900ALA,1.29,,MDR1_CRYNH,pocket9,replica_1
MDR1_CRYNH_prepared_Milbemycin_pocket9_complex_recombined_complex_explicit_stripped_final_frame,Hydrophobic,400ILE,3.95,,MDR1_CRYNH,pocket9,replica_1
MDR1_CRYNH_prepared_Milbemycin_pocket9_complex_recombined_complex_explicit_stripped_final_frame,Hydrophobic,893PHE,3.7,,MDR1_CRYNH,pocket9,replica_1
MDR1_CRYNH_prepared_Milbemycin_pocket9_complex_recombined_complex_explicit_stripped_final_frame,Hydrophobic,896PHE,3.88,,MDR1_CRYNH,pocket9,replica_1
MDR1_CRYNH_prepared_Milbemycin_pocket9_complex_recombined_complex_explicit_stripped_final_frame,Hydrophobic,400ILE,3.62,,MDR1_CRYNH,pocket9,replica_1
MDR1_CRYNH_prepared_Milbemycin_pocket5_complex_recombined_complex_explicit_stripped_final_frame,HydrogenBond,402GLU,2.8,O2->O3,MDR1_CRYNH,pocket5,replica_1
MDR1_CRYNH_prepared_Milbemycin_pocket5_complex_recombined_complex_explicit_stripped_final_frame,HydrogenBond,54VAL,3.41,O3->Nam,MDR1_CRYNH,pocket5,replica_1
MDR1_CRYNH_prepared_Milbemycin_pocket5_complex_recombined_complex_explicit_stripped_final_frame,HydrogenBond,907TRP,4.06,O3->Nar,MDR1_CRYNH,pocket5,replica_1
MDR1_CRYNH_prepared_Milbemycin_pocket5_complex_recombined_complex_explicit_stripped_final_frame,Hydrophobic,58THR,3.97,,MDR1_CRYNH,pocket5,replica_1
MDR1_CRYNH_prepared_Milbemycin_pocket5_complex_recombined_complex_explicit_stripped_final_frame,Hydrophobic,457PRO,3.92,,MDR1_CRYNH,pocket5,replica_1
MDR1_CRYNH_prepared_Milbemycin_pocket5_complex_recombined_complex_explicit_stripped_final_frame,Hydrophobic,54VAL,3.36,,MDR1_CRYNH,pocket5,replica_1
MDR1_CRYNH_prepared_Milbemycin_pocket5_complex_recombined_complex_explicit_stripped_initial_frame,HydrogenBond,340MET,4.02,O2->O3,MDR1_CRYNH,pocket5,replica_1
MDR1_CRYNH_prepared_Milbemycin_pocket5_complex_recombined_complex_explicit_stripped_initial_frame,HydrogenBond,464LYS,3.72,O3->N3+,MDR1_CRYNH,pocket5,replica_1
MDR1_CRYNH_prepared_Milbemycin_pocket5_complex_recombined_complex_explicit_stripped_initial_frame,HydrogenBond,54VAL,4.06,O3->Nam,MDR1_CRYNH,pocket5,replica_1
MDR1_CRYNH_prepared_Milbemycin_pocket5_complex_recombined_complex_explicit_stripped_initial_frame,HydrogenBond,402GLU,3.69,O3->O3,MDR1_CRYNH,pocket5,replica_1
MDR1_CRYNH_prepared_Milbemycin_pocket5_complex_recombined_complex_explicit_stripped_initial_frame,Hydrophobic,457PRO,3.1,,MDR1_CRYNH,pocket5,replica_1
MDR1_CRYNH_prepared_Milbemycin_pocket5_complex_recombined_complex_explicit_stripped_initial_frame,Hydrophobic,343MET,3.17,,MDR1_CRYNH,pocket5,replica_1
MDR1_CRYNH_prepared_Milbemycin_pocket5_complex_recombined_complex_explicit_stripped_initial_frame,Hydrophobic,460ALA,1.53,,MDR1_CRYNH,pocket5,replica_1
MDR1_CRYNH_prepared_Milbemycin_pocket3_complex_recombined_complex_explicit_stripped_initial_frame,HydrogenBond,343MET,2.97,O2->O3,MDR1_CRYNH,pocket3,replica_1
MDR1_CRYNH_prepared_Milbemycin_pocket3_complex_recombined_complex_explicit_stripped_initial_frame,HydrogenBond,464LYS,3.88,O3->N3+,MDR1_CRYNH,pocket3,replica_1
MDR1_CRYNH_prepared_Milbemycin_pocket3_complex_recombined_complex_explicit_stripped_initial_frame,HydrogenBond,56ALA,3.99,O3->Nam,MDR1_CRYNH,pocket3,replica_1
MDR1_CRYNH_prepared_Milbemycin_pocket3_complex_recombined_complex_explicit_stripped_initial_frame,HydrogenBond,53ASN,3.61,O3->Nam,MDR1_CRYNH,pocket3,replica_1
MDR1_CRYNH_prepared_Milbemycin_pocket3_complex_recombined_complex_explicit_stripped_initial_frame,Hydrophobic,56ALA,3.86,,MDR1_CRYNH,pocket3,replica_1
MDR1_CRYNH_prepared_Milbemycin_pocket3_complex_recombined_complex_explicit_stripped_initial_frame,Hydrophobic,464LYS,3.37,,MDR1_CRYNH,pocket3,replica_1
MDR1_CRYNH_prepared_Milbemycin_pocket3_complex_recombined_complex_explicit_stripped_initial_frame,Hydrophobic,53ASN,3.64,,MDR1_CRYNH,pocket3,replica_1
MDR1_CRYNH_prepared_Milbemycin_pocket3_complex_recombined_complex_explicit_stripped_initial_frame,Hydrophobic,351LEU,2.82,,MDR1_CRYNH,pocket3,replica_1
MDR1_CRYNH_prepared_Milbemycin_pocket3_complex_recombined_complex_explicit_stripped_initial_frame,Hydrophobic,460ALA,2.16,,MDR1_CRYNH,pocket3,replica_1
MDR1_CRYNH_prepared_Milbemycin_pocket3_complex_recombined_complex_explicit_stripped_final_frame,HydrogenBond,54VAL,3.01,O2->O3,MDR1_CRYNH,pocket3,replica_1
MDR1_CRYNH_prepared_Milbemycin_pocket3_complex_recombined_complex_explicit_stripped_final_frame,HydrogenBond,903SER,3.37,O3->O3,MDR1_CRYNH,pocket3,replica_1
MDR1_CRYNH_prepared_Milbemycin_pocket3_complex_recombined_complex_explicit_stripped_final_frame,HydrogenBond,54VAL,3.62,O3->Nam,MDR1_CRYNH,pocket3,replica_1
MDR1_CRYNH_prepared_Milbemycin_pocket3_complex_recombined_complex_explicit_stripped_final_frame,HydrogenBond,948GLN,3.08,O3->Nam,MDR1_CRYNH,pocket3,replica_1
MDR1_CRYNH_prepared_Milbemycin_pocket3_complex_recombined_complex_explicit_stripped_final_frame,HydrogenBond,907TRP,3.68,O3->Nar,MDR1_CRYNH,pocket3,replica_1
MDR1_CRYNH_prepared_Milbemycin_pocket3_complex_recombined_complex_explicit_stripped_final_frame,Hydrophobic,351LEU,3.7,,MDR1_CRYNH,pocket3,replica_1
MDR1_CRYNH_prepared_Milbemycin_pocket3_complex_recombined_complex_explicit_stripped_final_frame,Hydrophobic,951GLN,3.86,,MDR1_CRYNH,pocket3,replica_1
MDR1_CRYNH_prepared_Milbemycin_pocket3_complex_recombined_complex_explicit_stripped_final_frame,Hydrophobic,460ALA,3.75,,MDR1_CRYNH,pocket3,replica_1
MDR1_CRYNH_prepared_Milbemycin_pocket12_complex_recombined_complex_explicit_stripped_final_frame,HydrogenBond,746GLN,3.18,O2->O3,MDR1_CRYNH,pocket12,replica_1
MDR1_CRYNH_prepared_Milbemycin_pocket12_complex_recombined_complex_explicit_stripped_final_frame,HydrogenBond,1340GLU,2.45,O3->O3,MDR1_CRYNH,pocket12,replica_1
MDR1_CRYNH_prepared_Milbemycin_pocket12_complex_recombined_complex_explicit_stripped_final_frame,HydrogenBond,1340GLU,3.67,O2->O3,MDR1_CRYNH,pocket12,replica_1
MDR1_CRYNH_prepared_Milbemycin_pocket12_complex_recombined_complex_explicit_stripped_final_frame,HydrogenBond,1337SER,2.73,O3->O3,MDR1_CRYNH,pocket12,replica_1
MDR1_CRYNH_prepared_Milbemycin_pocket12_complex_recombined_complex_explicit_stripped_final_frame,HydrogenBond,1363LEU,3.48,O3->Nam,MDR1_CRYNH,pocket12,replica_1
MDR1_CRYNH_prepared_Milbemycin_pocket12_complex_recombined_complex_explicit_stripped_final_frame,HydrogenBond,1364SER,2.98,O3->Nam,MDR1_CRYNH,pocket12,replica_1
MDR1_CRYNH_prepared_Milbemycin_pocket12_complex_recombined_complex_explicit_stripped_final_frame,HydrogenBond,1364SER,3.43,O3->O3,MDR1_CRYNH,pocket12,replica_1
MDR1_CRYNH_prepared_Milbemycin_pocket12_complex_recombined_complex_explicit_stripped_final_frame,Hydrophobic,535ALA,3.7,,MDR1_CRYNH,pocket12,replica_1
MDR1_CRYNH_prepared_Milbemycin_pocket12_complex_recombined_complex_explicit_stripped_final_frame,Hydrophobic,1338GLN,3.94,,MDR1_CRYNH,pocket12,replica_1
MDR1_CRYNH_prepared_Milbemycin_pocket12_complex_recombined_complex_explicit_stripped_final_frame,Hydrophobic,1341LYS,3.8,,MDR1_CRYNH,pocket12,replica_1
MDR1_CRYNH_prepared_Milbemycin_pocket12_complex_recombined_complex_explicit_stripped_final_frame,SaltBridge,1407ARG,4.35,A↔A,MDR1_CRYNH,pocket12,replica_1
MDR1_CRYNH_prepared_Milbemycin_pocket12_complex_recombined_complex_explicit_stripped_initial_frame,HydrogenBond,1337SER,3.91,O2->O3,MDR1_CRYNH,pocket12,replica_1
MDR1_CRYNH_prepared_Milbemycin_pocket12_complex_recombined_complex_explicit_stripped_initial_frame,HydrogenBond,1362ARG,3.68,O3->Ng+,MDR1_CRYNH,pocket12,replica_1
MDR1_CRYNH_prepared_Milbemycin_pocket12_complex_recombined_complex_explicit_stripped_initial_frame,HydrogenBond,1337SER,2.84,O3->O3,MDR1_CRYNH,pocket12,replica_1
MDR1_CRYNH_prepared_Milbemycin_pocket12_complex_recombined_complex_explicit_stripped_initial_frame,Hydrophobic,742LEU,3.94,,MDR1_CRYNH,pocket12,replica_1
MDR1_CRYNH_prepared_Milbemycin_pocket12_complex_recombined_complex_explicit_stripped_initial_frame,Hydrophobic,742LEU,3.34,,MDR1_CRYNH,pocket12,replica_1
MDR1_CRYNH_prepared_Milbemycin_pocket12_complex_recombined_complex_explicit_stripped_initial_frame,Hydrophobic,742LEU,1.45,,MDR1_CRYNH,pocket12,replica_1
MDR1_CRYNH_prepared_Milbemycin_pocket12_complex_recombined_complex_explicit_stripped_initial_frame,Hydrophobic,745ASN,1.8,,MDR1_CRYNH,pocket12,replica_1
MDR1_CRYNH_prepared_Milbemycin_pocket14_complex_recombined_complex_explicit_stripped_initial_frame,Hydrophobic,301PHE,3.98,,MDR1_CRYNH,pocket14,replica_1
MDR1_CRYNH_prepared_Milbemycin_pocket14_complex_recombined_complex_explicit_stripped_initial_frame,Hydrophobic,301PHE,3.96,,MDR1_CRYNH,pocket14,replica_1
MDR1_CRYNH_prepared_Milbemycin_pocket14_complex_recombined_complex_explicit_stripped_initial_frame,Hydrophobic,455LEU,3.63,,MDR1_CRYNH,pocket14,replica_1
MDR1_CRYNH_prepared_Milbemycin_pocket14_complex_recombined_complex_explicit_stripped_initial_frame,Hydrophobic,304ALA,2.66,,MDR1_CRYNH,pocket14,replica_1
MDR1_CRYNH_prepared_Milbemycin_pocket14_complex_recombined_complex_explicit_stripped_initial_frame,Hydrophobic,307PHE,1.59,,MDR1_CRYNH,pocket14,replica_1
MDR1_CRYNH_prepared_Milbemycin_pocket14_complex_recombined_complex_explicit_stripped_final_frame,Hydrophobic,141PHE,3.82,,MDR1_CRYNH,pocket14,replica_1
MDR1_CRYNH_prepared_Milbemycin_pocket14_complex_recombined_complex_explicit_stripped_final_frame,Hydrophobic,300VAL,3.92,,MDR1_CRYNH,pocket14,replica_1
MDR1_CRYNH_prepared_Milbemycin_pocket2_complex_recombined_complex_explicit_stripped_initial_frame,HydrogenBond,296LYS,3.36,O3->N3+,MDR1_CRYNH,pocket2,replica_1
MDR1_CRYNH_prepared_Milbemycin_pocket2_complex_recombined_complex_explicit_stripped_initial_frame,Hydrophobic,291GLU,2.75,,MDR1_CRYNH,pocket2,replica_1
MDR1_CRYNH_prepared_Milbemycin_pocket2_complex_recombined_complex_explicit_stripped_initial_frame,Hydrophobic,295GLU,3.63,,MDR1_CRYNH,pocket2,replica_1
MDR1_CRYNH_prepared_Milbemycin_pocket2_complex_recombined_complex_explicit_stripped_initial_frame,Hydrophobic,1005VAL,3.85,,MDR1_CRYNH,pocket2,replica_1
MDR1_CRYNH_prepared_Milbemycin_pocket2_complex_recombined_complex_explicit_stripped_initial_frame,Hydrophobic,1118THR,3.92,,MDR1_CRYNH,pocket2,replica_1
MDR1_CRYNH_prepared_Milbemycin_pocket2_complex_recombined_complex_explicit_stripped_initial_frame,Hydrophobic,52PRO,3.57,,MDR1_CRYNH,pocket2,replica_1
MDR1_CRYNH_prepared_Milbemycin_pocket2_complex_recombined_complex_explicit_stripped_initial_frame,Hydrophobic,54VAL,2.94,,MDR1_CRYNH,pocket2,replica_1
MDR1_CRYNH_prepared_Milbemycin_pocket2_complex_recombined_complex_explicit_stripped_initial_frame,Hydrophobic,54VAL,3.54,,MDR1_CRYNH,pocket2,replica_1
MDR1_CRYNH_prepared_Milbemycin_pocket2_complex_recombined_complex_explicit_stripped_initial_frame,Hydrophobic,1004VAL,2.36,,MDR1_CRYNH,pocket2,replica_1
MDR1_CRYNH_prepared_Milbemycin_pocket2_complex_recombined_complex_explicit_stripped_final_frame,HydrogenBond,52PRO,2.83,O2->O3,MDR1_CRYNH,pocket2,replica_1
MDR1_CRYNH_prepared_Milbemycin_pocket2_complex_recombined_complex_explicit_stripped_final_frame,HydrogenBond,291GLU,4.05,O3->O3,MDR1_CRYNH,pocket2,replica_1
MDR1_CRYNH_prepared_Milbemycin_pocket2_complex_recombined_complex_explicit_stripped_final_frame,Hydrophobic,288LEU,3.61,,MDR1_CRYNH,pocket2,replica_1
MDR1_CRYNH_prepared_Milbemycin_pocket2_complex_recombined_complex_explicit_stripped_final_frame,Hydrophobic,295GLU,3.63,,MDR1_CRYNH,pocket2,replica_1
MDR1_CRYNH_prepared_Milbemycin_pocket2_complex_recombined_complex_explicit_stripped_final_frame,Hydrophobic,296LYS,3.99,,MDR1_CRYNH,pocket2,replica_1
MDR1_CRYNH_prepared_Milbemycin_pocket2_complex_recombined_complex_explicit_stripped_final_frame,Hydrophobic,457PRO,3.3,,MDR1_CRYNH,pocket2,replica_1
MDR1_CRYNH_prepared_Milbemycin_pocket2_complex_recombined_complex_explicit_stripped_final_frame,SaltBridge,296LYS,3.53,A↔A,MDR1_CRYNH,pocket2,replica_1
CDR1_CANAR_auris_prepared_Milbemycin_pocket10_complex_recombined_complex_explicit_stripped_initial_frame,HydrogenBond,1415ILE,3.85,O3->Nam,CDR1_CANAR_auris,pocket10,replica_1
CDR1_CANAR_auris_prepared_Milbemycin_pocket10_complex_recombined_complex_explicit_stripped_initial_frame,Hydrophobic,1413ARG,3.79,,CDR1_CANAR_auris,pocket10,replica_1
CDR1_CANAR_auris_prepared_Milbemycin_pocket10_complex_recombined_complex_explicit_stripped_initial_frame,Hydrophobic,1415ILE,2.91,,CDR1_CANAR_auris,pocket10,replica_1
CDR1_CANAR_auris_prepared_Milbemycin_pocket10_complex_recombined_complex_explicit_stripped_initial_frame,Hydrophobic,763THR,1.94,,CDR1_CANAR_auris,pocket10,replica_1
CDR1_CANAR_auris_prepared_Milbemycin_pocket10_complex_recombined_complex_explicit_stripped_initial_frame,Hydrophobic,1413ARG,1.26,,CDR1_CANAR_auris,pocket10,replica_1
CDR1_CANAR_auris_prepared_Milbemycin_pocket10_complex_recombined_complex_explicit_stripped_final_frame,Hydrophobic,1417HIS,3.92,,CDR1_CANAR_auris,pocket10,replica_1
CDR1_CANAR_auris_prepared_Milbemycin_pocket4_complex_recombined_complex_explicit_stripped_final_frame,HydrogenBond,843SER,2.71,O3->O3,CDR1_CANAR_auris,pocket4,replica_1
CDR1_CANAR_auris_prepared_Milbemycin_pocket4_complex_recombined_complex_explicit_stripped_final_frame,HydrogenBond,1010ASN,3.05,O3->Nam,CDR1_CANAR_auris,pocket4,replica_1
CDR1_CANAR_auris_prepared_Milbemycin_pocket4_complex_recombined_complex_explicit_stripped_final_frame,Hydrophobic,181ILE,3.68,,CDR1_CANAR_auris,pocket4,replica_1
CDR1_CANAR_auris_prepared_Milbemycin_pocket4_complex_recombined_complex_explicit_stripped_final_frame,Hydrophobic,842TYR,3.78,,CDR1_CANAR_auris,pocket4,replica_1
CDR1_CANAR_auris_prepared_Milbemycin_pocket4_complex_recombined_complex_explicit_stripped_final_frame,Hydrophobic,846MET,3.96,,CDR1_CANAR_auris,pocket4,replica_1
CDR1_CANAR_auris_prepared_Milbemycin_pocket4_complex_recombined_complex_explicit_stripped_final_frame,Hydrophobic,847GLU,3.75,,CDR1_CANAR_auris,pocket4,replica_1
CDR1_CANAR_auris_prepared_Milbemycin_pocket4_complex_recombined_complex_explicit_stripped_initial_frame,HydrogenBond,1013GLN,3.36,O3->Nam,CDR1_CANAR_auris,pocket4,replica_1
CDR1_CANAR_auris_prepared_Milbemycin_pocket4_complex_recombined_complex_explicit_stripped_initial_frame,Hydrophobic,200ARG,3.11,,CDR1_CANAR_auris,pocket4,replica_1
CDR1_CANAR_auris_prepared_Milbemycin_pocket4_complex_recombined_complex_explicit_stripped_initial_frame,Hydrophobic,806ILE,3.78,,CDR1_CANAR_auris,pocket4,replica_1
CDR1_CANAR_auris_prepared_Milbemycin_pocket4_complex_recombined_complex_explicit_stripped_initial_frame,Hydrophobic,842TYR,2.79,,CDR1_CANAR_auris,pocket4,replica_1
CDR1_CANAR_auris_prepared_Milbemycin_pocket4_complex_recombined_complex_explicit_stripped_initial_frame,Hydrophobic,846MET,3.95,,CDR1_CANAR_auris,pocket4,replica_1
CDR1_CANAR_auris_prepared_Milbemycin_pocket4_complex_recombined_complex_explicit_stripped_initial_frame,Hydrophobic,997TYR,3.23,,CDR1_CANAR_auris,pocket4,replica_1
CDR1_CANAR_auris_prepared_Milbemycin_pocket4_complex_recombined_complex_explicit_stripped_initial_frame,Hydrophobic,997TYR,3.56,,CDR1_CANAR_auris,pocket4,replica_1
CDR1_CANAR_auris_prepared_Milbemycin_pocket4_complex_recombined_complex_explicit_stripped_initial_frame,Hydrophobic,842TYR,2.72,,CDR1_CANAR_auris,pocket4,replica_1
CDR1_CANAR_auris_prepared_Milbemycin_pocket8_complex_recombined_complex_explicit_stripped_final_frame,HydrogenBond,207THR,4.0,O3->O3,CDR1_CANAR_auris,pocket8,replica_1
CDR1_CANAR_auris_prepared_Milbemycin_pocket8_complex_recombined_complex_explicit_stripped_final_frame,HydrogenBond,204GLY,3.35,O3->Nam,CDR1_CANAR_auris,pocket8,replica_1
CDR1_CANAR_auris_prepared_Milbemycin_pocket8_complex_recombined_complex_explicit_stripped_final_frame,HydrogenBond,202GLY,3.75,O3->Nam,CDR1_CANAR_auris,pocket8,replica_1
CDR1_CANAR_auris_prepared_Milbemycin_pocket8_complex_recombined_complex_explicit_stripped_final_frame,Hydrophobic,809PHE,3.83,,CDR1_CANAR_auris,pocket8,replica_1
CDR1_CANAR_auris_prepared_Milbemycin_pocket8_complex_recombined_complex_explicit_stripped_final_frame,Hydrophobic,842TYR,3.69,,CDR1_CANAR_auris,pocket8,replica_1
CDR1_CANAR_auris_prepared_Milbemycin_pocket8_complex_recombined_complex_explicit_stripped_final_frame,Hydrophobic,1009LEU,3.99,,CDR1_CANAR_auris,pocket8,replica_1
CDR1_CANAR_auris_prepared_Milbemycin_pocket8_complex_recombined_complex_explicit_stripped_final_frame,Hydrophobic,1013GLN,3.88,,CDR1_CANAR_auris,pocket8,replica_1
CDR1_CANAR_auris_prepared_Milbemycin_pocket8_complex_recombined_complex_explicit_stripped_initial_frame,HydrogenBond,1013GLN,3.25,O3->Nam,CDR1_CANAR_auris,pocket8,replica_1
CDR1_CANAR_auris_prepared_Milbemycin_pocket8_complex_recombined_complex_explicit_stripped_initial_frame,Hydrophobic,200ARG,3.24,,CDR1_CANAR_auris,pocket8,replica_1
CDR1_CANAR_auris_prepared_Milbemycin_pocket8_complex_recombined_complex_explicit_stripped_initial_frame,Hydrophobic,806ILE,3.67,,CDR1_CANAR_auris,pocket8,replica_1
CDR1_CANAR_auris_prepared_Milbemycin_pocket8_complex_recombined_complex_explicit_stripped_initial_frame,Hydrophobic,842TYR,2.84,,CDR1_CANAR_auris,pocket8,replica_1
CDR1_CANAR_auris_prepared_Milbemycin_pocket8_complex_recombined_complex_explicit_stripped_initial_frame,Hydrophobic,997TYR,3.06,,CDR1_CANAR_auris,pocket8,replica_1
CDR1_CANAR_auris_prepared_Milbemycin_pocket8_complex_recombined_complex_explicit_stripped_initial_frame,Hydrophobic,997TYR,3.38,,CDR1_CANAR_auris,pocket8,replica_1
CDR1_CANAR_auris_prepared_Milbemycin_pocket8_complex_recombined_complex_explicit_stripped_initial_frame,Hydrophobic,842TYR,2.77,,CDR1_CANAR_auris,pocket8,replica_1
CDR1_CANAR_auris_prepared_Milbemycin_pocket7_complex_recombined_complex_explicit_stripped_initial_frame,HydrogenBond,1013GLN,3.42,O3->Nam,CDR1_CANAR_auris,pocket7,replica_1
CDR1_CANAR_auris_prepared_Milbemycin_pocket7_complex_recombined_complex_explicit_stripped_initial_frame,Hydrophobic,200ARG,3.1,,CDR1_CANAR_auris,pocket7,replica_1
CDR1_CANAR_auris_prepared_Milbemycin_pocket7_complex_recombined_complex_explicit_stripped_initial_frame,Hydrophobic,806ILE,3.79,,CDR1_CANAR_auris,pocket7,replica_1
CDR1_CANAR_auris_prepared_Milbemycin_pocket7_complex_recombined_complex_explicit_stripped_initial_frame,Hydrophobic,842TYR,2.75,,CDR1_CANAR_auris,pocket7,replica_1
CDR1_CANAR_auris_prepared_Milbemycin_pocket7_complex_recombined_complex_explicit_stripped_initial_frame,Hydrophobic,846MET,3.91,,CDR1_CANAR_auris,pocket7,replica_1
CDR1_CANAR_auris_prepared_Milbemycin_pocket7_complex_recombined_complex_explicit_stripped_initial_frame,Hydrophobic,997TYR,3.29,,CDR1_CANAR_auris,pocket7,replica_1
CDR1_CANAR_auris_prepared_Milbemycin_pocket7_complex_recombined_complex_explicit_stripped_initial_frame,Hydrophobic,997TYR,3.62,,CDR1_CANAR_auris,pocket7,replica_1
CDR1_CANAR_auris_prepared_Milbemycin_pocket7_complex_recombined_complex_explicit_stripped_initial_frame,Hydrophobic,842TYR,2.67,,CDR1_CANAR_auris,pocket7,replica_1
CDR1_CANAR_auris_prepared_Milbemycin_pocket7_complex_recombined_complex_explicit_stripped_final_frame,HydrogenBond,842TYR,3.9,O3->O3,CDR1_CANAR_auris,pocket7,replica_1
CDR1_CANAR_auris_prepared_Milbemycin_pocket7_complex_recombined_complex_explicit_stripped_final_frame,Hydrophobic,179PHE,3.93,,CDR1_CANAR_auris,pocket7,replica_1
CDR1_CANAR_auris_prepared_Milbemycin_pocket7_complex_recombined_complex_explicit_stripped_final_frame,Hydrophobic,806ILE,3.75,,CDR1_CANAR_auris,pocket7,replica_1
CDR1_CANAR_auris_prepared_Milbemycin_pocket7_complex_recombined_complex_explicit_stripped_final_frame,Hydrophobic,997TYR,3.17,,CDR1_CANAR_auris,pocket7,replica_1
CDR1_CANAR_auris_prepared_Milbemycin_pocket7_complex_recombined_complex_explicit_stripped_final_frame,Hydrophobic,1010ASN,3.65,,CDR1_CANAR_auris,pocket7,replica_1
CDR1_CANAR_auris_prepared_Milbemycin_pocket7_complex_recombined_complex_explicit_stripped_final_frame,Hydrophobic,807ALA,3.73,,CDR1_CANAR_auris,pocket7,replica_1
CDR1_CANAR_auris_prepared_Milbemycin_pocket7_complex_recombined_complex_explicit_stripped_final_frame,Hydrophobic,842TYR,3.7,,CDR1_CANAR_auris,pocket7,replica_1
CDR1_CANAR_auris_prepared_Milbemycin_pocket1_complex_recombined_complex_explicit_stripped_initial_frame,HydrogenBond,275ASN,3.9,O2->O3,CDR1_CANAR_auris,pocket1,replica_1
CDR1_CANAR_auris_prepared_Milbemycin_pocket1_complex_recombined_complex_explicit_stripped_initial_frame,HydrogenBond,331GLY,3.6,O2->O3,CDR1_CANAR_auris,pocket1,replica_1
CDR1_CANAR_auris_prepared_Milbemycin_pocket1_complex_recombined_complex_explicit_stripped_initial_frame,HydrogenBond,331GLY,3.61,O3->Nam,CDR1_CANAR_auris,pocket1,replica_1
CDR1_CANAR_auris_prepared_Milbemycin_pocket1_complex_recombined_complex_explicit_stripped_initial_frame,Hydrophobic,113TRP,3.31,,CDR1_CANAR_auris,pocket1,replica_1
CDR1_CANAR_auris_prepared_Milbemycin_pocket1_complex_recombined_complex_explicit_stripped_initial_frame,Hydrophobic,114VAL,3.2,,CDR1_CANAR_auris,pocket1,replica_1
CDR1_CANAR_auris_prepared_Milbemycin_pocket1_complex_recombined_complex_explicit_stripped_initial_frame,Hydrophobic,273PRO,3.1,,CDR1_CANAR_auris,pocket1,replica_1
CDR1_CANAR_auris_prepared_Milbemycin_pocket1_complex_recombined_complex_explicit_stripped_initial_frame,Hydrophobic,273PRO,2.57,,CDR1_CANAR_auris,pocket1,replica_1
CDR1_CANAR_auris_prepared_Milbemycin_pocket1_complex_recombined_complex_explicit_stripped_initial_frame,Hydrophobic,329LEU,3.61,,CDR1_CANAR_auris,pocket1,replica_1
CDR1_CANAR_auris_prepared_Milbemycin_pocket1_complex_recombined_complex_explicit_stripped_initial_frame,Hydrophobic,489LYS,3.87,,CDR1_CANAR_auris,pocket1,replica_1
CDR1_CANAR_auris_prepared_Milbemycin_pocket1_complex_recombined_complex_explicit_stripped_initial_frame,Hydrophobic,489LYS,3.7,,CDR1_CANAR_auris,pocket1,replica_1
CDR1_CANAR_auris_prepared_Milbemycin_pocket1_complex_recombined_complex_explicit_stripped_initial_frame,Hydrophobic,117MET,2.58,,CDR1_CANAR_auris,pocket1,replica_1
CDR1_CANAR_auris_prepared_Milbemycin_pocket1_complex_recombined_complex_explicit_stripped_initial_frame,Hydrophobic,121PHE,1.07,,CDR1_CANAR_auris,pocket1,replica_1
CDR1_CANAR_auris_prepared_Milbemycin_pocket1_complex_recombined_complex_explicit_stripped_initial_frame,Hydrophobic,121PHE,2.08,,CDR1_CANAR_auris,pocket1,replica_1
CDR1_CANAR_auris_prepared_Milbemycin_pocket1_complex_recombined_complex_explicit_stripped_initial_frame,Hydrophobic,363LEU,1.47,,CDR1_CANAR_auris,pocket1,replica_1
CDR1_CANAR_auris_prepared_Milbemycin_pocket1_complex_recombined_complex_explicit_stripped_initial_frame,Hydrophobic,363LEU,1.6,,CDR1_CANAR_auris,pocket1,replica_1
CDR1_CANAR_auris_prepared_Milbemycin_pocket1_complex_recombined_complex_explicit_stripped_initial_frame,SaltBridge,489LYS,5.39,A↔A,CDR1_CANAR_auris,pocket1,replica_1
CDR1_CANAR_auris_prepared_Milbemycin_pocket1_complex_recombined_complex_explicit_stripped_final_frame,HydrogenBond,331GLY,4.01,O2->O3,CDR1_CANAR_auris,pocket1,replica_1
CDR1_CANAR_auris_prepared_Milbemycin_pocket1_complex_recombined_complex_explicit_stripped_final_frame,HydrogenBond,489LYS,3.1,O3->N3+,CDR1_CANAR_auris,pocket1,replica_1
CDR1_CANAR_auris_prepared_Milbemycin_pocket1_complex_recombined_complex_explicit_stripped_final_frame,Hydrophobic,113TRP,3.63,,CDR1_CANAR_auris,pocket1,replica_1
CDR1_CANAR_auris_prepared_Milbemycin_pocket1_complex_recombined_complex_explicit_stripped_final_frame,Hydrophobic,121PHE,3.92,,CDR1_CANAR_auris,pocket1,replica_1
CDR1_CANAR_auris_prepared_Milbemycin_pocket1_complex_recombined_complex_explicit_stripped_final_frame,Hydrophobic,121PHE,3.45,,CDR1_CANAR_auris,pocket1,replica_1
CDR1_CANAR_auris_prepared_Milbemycin_pocket1_complex_recombined_complex_explicit_stripped_final_frame,Hydrophobic,130PRO,3.91,,CDR1_CANAR_auris,pocket1,replica_1
CDR1_CANAR_auris_prepared_Milbemycin_pocket1_complex_recombined_complex_explicit_stripped_final_frame,Hydrophobic,271ARG,3.83,,CDR1_CANAR_auris,pocket1,replica_1
CDR1_CANAR_auris_prepared_Milbemycin_pocket1_complex_recombined_complex_explicit_stripped_final_frame,Hydrophobic,291VAL,3.49,,CDR1_CANAR_auris,pocket1,replica_1
CDR1_CANAR_auris_prepared_Milbemycin_pocket1_complex_recombined_complex_explicit_stripped_final_frame,Hydrophobic,296TYR,3.7,,CDR1_CANAR_auris,pocket1,replica_1
CDR1_CANAR_auris_prepared_Milbemycin_pocket1_complex_recombined_complex_explicit_stripped_final_frame,Hydrophobic,363LEU,3.99,,CDR1_CANAR_auris,pocket1,replica_1
CDR1_CANAR_auris_prepared_Milbemycin_pocket11_complex_recombined_complex_explicit_stripped_final_frame,HydrogenBond,661SER,2.77,O2->O3,CDR1_CANAR_auris,pocket11,replica_1
CDR1_CANAR_auris_prepared_Milbemycin_pocket11_complex_recombined_complex_explicit_stripped_final_frame,HydrogenBond,664LEU,3.17,O3->Nam,CDR1_CANAR_auris,pocket11,replica_1
CDR1_CANAR_auris_prepared_Milbemycin_pocket11_complex_recombined_complex_explicit_stripped_final_frame,HydrogenBond,662THR,2.89,O3->O3,CDR1_CANAR_auris,pocket11,replica_1
CDR1_CANAR_auris_prepared_Milbemycin_pocket11_complex_recombined_complex_explicit_stripped_final_frame,Hydrophobic,308ASN,3.81,,CDR1_CANAR_auris,pocket11,replica_1
CDR1_CANAR_auris_prepared_Milbemycin_pocket11_complex_recombined_complex_explicit_stripped_final_frame,Hydrophobic,667ALA,3.53,,CDR1_CANAR_auris,pocket11,replica_1
CDR1_CANAR_auris_prepared_Milbemycin_pocket11_complex_recombined_complex_explicit_stripped_initial_frame,HydrogenBond,583ARG,3.1,O3->Ng+,CDR1_CANAR_auris,pocket11,replica_1
CDR1_CANAR_auris_prepared_Milbemycin_pocket11_complex_recombined_complex_explicit_stripped_initial_frame,Hydrophobic,580PHE,0.52,,CDR1_CANAR_auris,pocket11,replica_1
CDR1_CANAR_auris_prepared_Milbemycin_pocket11_complex_recombined_complex_explicit_stripped_initial_frame,Hydrophobic,580PHE,0.87,,CDR1_CANAR_auris,pocket11,replica_1
CDR1_CANAR_auris_prepared_Milbemycin_pocket11_complex_recombined_complex_explicit_stripped_initial_frame,Hydrophobic,583ARG,3.94,,CDR1_CANAR_auris,pocket11,replica_1
CDR1_CANAR_auris_prepared_Milbemycin_pocket11_complex_recombined_complex_explicit_stripped_initial_frame,Hydrophobic,664LEU,3.97,,CDR1_CANAR_auris,pocket11,replica_1
CDR1_CANAR_auris_prepared_Milbemycin_pocket11_complex_recombined_complex_explicit_stripped_initial_frame,Hydrophobic,1256PRO,3.56,,CDR1_CANAR_auris,pocket11,replica_1
CDR1_CANAR_auris_prepared_Milbemycin_pocket11_complex_recombined_complex_explicit_stripped_initial_frame,Hydrophobic,1257TYR,3.45,,CDR1_CANAR_auris,pocket11,replica_1
CDR1_CANAR_auris_prepared_Milbemycin_pocket11_complex_recombined_complex_explicit_stripped_initial_frame,Hydrophobic,580PHE,1.69,,CDR1_CANAR_auris,pocket11,replica_1
CDR1_CANAR_auris_prepared_Milbemycin_pocket11_complex_recombined_complex_explicit_stripped_initial_frame,Hydrophobic,584PRO,2.29,,CDR1_CANAR_auris,pocket11,replica_1
CDR1_CANAR_auris_prepared_Milbemycin_pocket13_complex_recombined_complex_explicit_stripped_initial_frame,Hydrophobic,911THR,3.16,,CDR1_CANAR_auris,pocket13,replica_1
CDR1_CANAR_auris_prepared_Milbemycin_pocket13_complex_recombined_complex_explicit_stripped_initial_frame,Hydrophobic,921THR,3.76,,CDR1_CANAR_auris,pocket13,replica_1
CDR1_CANAR_auris_prepared_Milbemycin_pocket13_complex_recombined_complex_explicit_stripped_initial_frame,Hydrophobic,910THR,2.57,,CDR1_CANAR_auris,pocket13,replica_1
CDR1_CANAR_auris_prepared_Milbemycin_pocket13_complex_recombined_complex_explicit_stripped_initial_frame,Hydrophobic,914ASN,2.89,,CDR1_CANAR_auris,pocket13,replica_1
CDR1_CANAR_auris_prepared_Milbemycin_pocket13_complex_recombined_complex_explicit_stripped_initial_frame,Hydrophobic,919ARG,3.07,,CDR1_CANAR_auris,pocket13,replica_1
CDR1_CANAR_auris_prepared_Milbemycin_pocket13_complex_recombined_complex_explicit_stripped_final_frame,HydrogenBond,308ASN,2.96,O2->O3,CDR1_CANAR_auris,pocket13,replica_1
CDR1_CANAR_auris_prepared_Milbemycin_pocket13_complex_recombined_complex_explicit_stripped_final_frame,HydrogenBond,919ARG,3.83,O3->Ng+,CDR1_CANAR_auris,pocket13,replica_1
CDR1_CANAR_auris_prepared_Milbemycin_pocket13_complex_recombined_complex_explicit_stripped_final_frame,HydrogenBond,949GLN,3.11,O3->Nam,CDR1_CANAR_auris,pocket13,replica_1
CDR1_CANAR_auris_prepared_Milbemycin_pocket13_complex_recombined_complex_explicit_stripped_final_frame,HydrogenBond,313GLY,3.61,O3->Nam,CDR1_CANAR_auris,pocket13,replica_1
CDR1_CANAR_auris_prepared_Milbemycin_pocket13_complex_recombined_complex_explicit_stripped_final_frame,Hydrophobic,920LEU,3.88,,CDR1_CANAR_auris,pocket13,replica_1
CDR1_CANAR_auris_prepared_Milbemycin_pocket13_complex_recombined_complex_explicit_stripped_final_frame,Hydrophobic,1267VAL,3.53,,CDR1_CANAR_auris,pocket13,replica_1
CDR1_CANAR_auris_prepared_Milbemycin_pocket13_complex_recombined_complex_explicit_stripped_final_frame,Hydrophobic,1267VAL,3.7,,CDR1_CANAR_auris,pocket13,replica_1
CDR1_CANAR_auris_prepared_Milbemycin_pocket13_complex_recombined_complex_explicit_stripped_final_frame,Hydrophobic,1271PRO,3.36,,CDR1_CANAR_auris,pocket13,replica_1
CDR1_CANAR_auris_prepared_Milbemycin_pocket15_complex_recombined_complex_explicit_stripped_initial_frame,HydrogenBond,389TYR,3.53,O3->O3,CDR1_CANAR_auris,pocket15,replica_1
CDR1_CANAR_auris_prepared_Milbemycin_pocket15_complex_recombined_complex_explicit_stripped_initial_frame,HydrogenBond,429PRO,3.95,O2->O3,CDR1_CANAR_auris,pocket15,replica_1
CDR1_CANAR_auris_prepared_Milbemycin_pocket15_complex_recombined_complex_explicit_stripped_initial_frame,Hydrophobic,429PRO,3.38,,CDR1_CANAR_auris,pocket15,replica_1
CDR1_CANAR_auris_prepared_Milbemycin_pocket15_complex_recombined_complex_explicit_stripped_initial_frame,Hydrophobic,847GLU,3.72,,CDR1_CANAR_auris,pocket15,replica_1
CDR1_CANAR_auris_prepared_Milbemycin_pocket15_complex_recombined_complex_explicit_stripped_initial_frame,Hydrophobic,429PRO,3.37,,CDR1_CANAR_auris,pocket15,replica_1
CDR1_CANAR_auris_prepared_Milbemycin_pocket15_complex_recombined_complex_explicit_stripped_initial_frame,Hydrophobic,429PRO,2.06,,CDR1_CANAR_auris,pocket15,replica_1
CDR1_CANAR_auris_prepared_Milbemycin_pocket15_complex_recombined_complex_explicit_stripped_final_frame,HydrogenBond,390GLU,2.73,O2->O3,CDR1_CANAR_auris,pocket15,replica_1
CDR1_CANAR_auris_prepared_Milbemycin_pocket15_complex_recombined_complex_explicit_stripped_final_frame,HydrogenBond,200ARG,3.19,O3->Ng+,CDR1_CANAR_auris,pocket15,replica_1
CDR1_CANAR_auris_prepared_Milbemycin_pocket15_complex_recombined_complex_explicit_stripped_final_frame,HydrogenBond,200ARG,3.18,O3->Ng+,CDR1_CANAR_auris,pocket15,replica_1
CDR1_CANAR_auris_prepared_Milbemycin_pocket15_complex_recombined_complex_explicit_stripped_final_frame,HydrogenBond,203SER,3.98,O3->O3,CDR1_CANAR_auris,pocket15,replica_1
CDR1_CANAR_auris_prepared_Milbemycin_pocket15_complex_recombined_complex_explicit_stripped_final_frame,HydrogenBond,842TYR,3.1,O3->O3,CDR1_CANAR_auris,pocket15,replica_1
CDR1_CANAR_auris_prepared_Milbemycin_pocket15_complex_recombined_complex_explicit_stripped_final_frame,HydrogenBond,389TYR,3.91,O3->O3,CDR1_CANAR_auris,pocket15,replica_1
CDR1_CANAR_auris_prepared_Milbemycin_pocket15_complex_recombined_complex_explicit_stripped_final_frame,SaltBridge,848LYS,5.18,A↔A,CDR1_CANAR_auris,pocket15,replica_1
CDR1_CANAR_auris_prepared_Milbemycin_pocket9_complex_recombined_complex_explicit_stripped_initial_frame,HydrogenBond,1013GLN,3.43,O3->Nam,CDR1_CANAR_auris,pocket9,replica_1
CDR1_CANAR_auris_prepared_Milbemycin_pocket9_complex_recombined_complex_explicit_stripped_initial_frame,Hydrophobic,200ARG,3.1,,CDR1_CANAR_auris,pocket9,replica_1
CDR1_CANAR_auris_prepared_Milbemycin_pocket9_complex_recombined_complex_explicit_stripped_initial_frame,Hydrophobic,806ILE,3.81,,CDR1_CANAR_auris,pocket9,replica_1
CDR1_CANAR_auris_prepared_Milbemycin_pocket9_complex_recombined_complex_explicit_stripped_initial_frame,Hydrophobic,842TYR,2.73,,CDR1_CANAR_auris,pocket9,replica_1
CDR1_CANAR_auris_prepared_Milbemycin_pocket9_complex_recombined_complex_explicit_stripped_initial_frame,Hydrophobic,846MET,3.89,,CDR1_CANAR_auris,pocket9,replica_1
CDR1_CANAR_auris_prepared_Milbemycin_pocket9_complex_recombined_complex_explicit_stripped_initial_frame,Hydrophobic,997TYR,3.3,,CDR1_CANAR_auris,pocket9,replica_1
CDR1_CANAR_auris_prepared_Milbemycin_pocket9_complex_recombined_complex_explicit_stripped_initial_frame,Hydrophobic,997TYR,3.62,,CDR1_CANAR_auris,pocket9,replica_1
CDR1_CANAR_auris_prepared_Milbemycin_pocket9_complex_recombined_complex_explicit_stripped_initial_frame,Hydrophobic,842TYR,2.66,,CDR1_CANAR_auris,pocket9,replica_1
CDR1_CANAR_auris_prepared_Milbemycin_pocket9_complex_recombined_complex_explicit_stripped_final_frame,HydrogenBond,807ALA,2.93,O2->O3,CDR1_CANAR_auris,pocket9,replica_1
CDR1_CANAR_auris_prepared_Milbemycin_pocket9_complex_recombined_complex_explicit_stripped_final_frame,HydrogenBond,842TYR,3.49,O2->O3,CDR1_CANAR_auris,pocket9,replica_1
CDR1_CANAR_auris_prepared_Milbemycin_pocket9_complex_recombined_complex_explicit_stripped_final_frame,HydrogenBond,1013GLN,2.87,O3->Nam,CDR1_CANAR_auris,pocket9,replica_1
CDR1_CANAR_auris_prepared_Milbemycin_pocket9_complex_recombined_complex_explicit_stripped_final_frame,HydrogenBond,807ALA,3.09,O3->Nam,CDR1_CANAR_auris,pocket9,replica_1
CDR1_CANAR_auris_prepared_Milbemycin_pocket9_complex_recombined_complex_explicit_stripped_final_frame,Hydrophobic,809PHE,3.92,,CDR1_CANAR_auris,pocket9,replica_1
CDR1_CANAR_auris_prepared_Milbemycin_pocket9_complex_recombined_complex_explicit_stripped_final_frame,Hydrophobic,817VAL,3.77,,CDR1_CANAR_auris,pocket9,replica_1
CDR1_CANAR_auris_prepared_Milbemycin_pocket9_complex_recombined_complex_explicit_stripped_final_frame,Hydrophobic,1010ASN,3.99,,CDR1_CANAR_auris,pocket9,replica_1
CDR1_CANAR_auris_prepared_Milbemycin_pocket9_complex_recombined_complex_explicit_stripped_final_frame,Hydrophobic,1012GLU,3.94,,CDR1_CANAR_auris,pocket9,replica_1
CDR1_CANAR_auris_prepared_Milbemycin_pocket9_complex_recombined_complex_explicit_stripped_final_frame,Hydrophobic,1013GLN,3.63,,CDR1_CANAR_auris,pocket9,replica_1
CDR1_CANAR_auris_prepared_Milbemycin_pocket9_complex_recombined_complex_explicit_stripped_final_frame,Hydrophobic,997TYR,3.65,,CDR1_CANAR_auris,pocket9,replica_1
CDR1_CANAR_auris_prepared_Milbemycin_pocket5_complex_recombined_complex_explicit_stripped_initial_frame,Hydrophobic,556TYR,3.01,,CDR1_CANAR_auris,pocket5,replica_1
CDR1_CANAR_auris_prepared_Milbemycin_pocket5_complex_recombined_complex_explicit_stripped_initial_frame,Hydrophobic,760TYR,3.92,,CDR1_CANAR_auris,pocket5,replica_1
CDR1_CANAR_auris_prepared_Milbemycin_pocket5_complex_recombined_complex_explicit_stripped_initial_frame,Hydrophobic,554PHE,2.93,,CDR1_CANAR_auris,pocket5,replica_1
CDR1_CANAR_auris_prepared_Milbemycin_pocket5_complex_recombined_complex_explicit_stripped_initial_frame,Hydrophobic,555TYR,1.35,,CDR1_CANAR_auris,pocket5,replica_1
CDR1_CANAR_auris_prepared_Milbemycin_pocket5_complex_recombined_complex_explicit_stripped_initial_frame,Hydrophobic,555TYR,1.65,,CDR1_CANAR_auris,pocket5,replica_1
CDR1_CANAR_auris_prepared_Milbemycin_pocket5_complex_recombined_complex_explicit_stripped_initial_frame,Hydrophobic,555TYR,0.57,,CDR1_CANAR_auris,pocket5,replica_1
CDR1_CANAR_auris_prepared_Milbemycin_pocket5_complex_recombined_complex_explicit_stripped_initial_frame,Hydrophobic,745THR,3.37,,CDR1_CANAR_auris,pocket5,replica_1
CDR1_CANAR_auris_prepared_Milbemycin_pocket5_complex_recombined_complex_explicit_stripped_final_frame,Hydrophobic,555TYR,3.62,,CDR1_CANAR_auris,pocket5,replica_1
CDR1_CANAR_auris_prepared_Milbemycin_pocket5_complex_recombined_complex_explicit_stripped_final_frame,Hydrophobic,725GLN,3.8,,CDR1_CANAR_auris,pocket5,replica_1
CDR1_CANAR_auris_prepared_Milbemycin_pocket5_complex_recombined_complex_explicit_stripped_final_frame,Hydrophobic,1230GLN,3.88,,CDR1_CANAR_auris,pocket5,replica_1
CDR1_CANAR_auris_prepared_Milbemycin_pocket5_complex_recombined_complex_explicit_stripped_final_frame,Hydrophobic,1461PHE,3.74,,CDR1_CANAR_auris,pocket5,replica_1
CDR1_CANAR_auris_prepared_Milbemycin_pocket5_complex_recombined_complex_explicit_stripped_final_frame,Hydrophobic,1461PHE,3.73,,CDR1_CANAR_auris,pocket5,replica_1
CDR1_CANAR_auris_prepared_Milbemycin_pocket5_complex_recombined_complex_explicit_stripped_final_frame,Hydrophobic,555TYR,3.66,,CDR1_CANAR_auris,pocket5,replica_1
CDR1_CANAR_auris_prepared_Milbemycin_pocket3_complex_recombined_complex_explicit_stripped_initial_frame,HydrogenBond,574LEU,3.6,O2->O3,CDR1_CANAR_auris,pocket3,replica_1
CDR1_CANAR_auris_prepared_Milbemycin_pocket3_complex_recombined_complex_explicit_stripped_initial_frame,HydrogenBond,608GLU,3.88,O2->O3,CDR1_CANAR_auris,pocket3,replica_1
CDR1_CANAR_auris_prepared_Milbemycin_pocket3_complex_recombined_complex_explicit_stripped_initial_frame,HydrogenBond,1356ASN,3.55,O3->Nam,CDR1_CANAR_auris,pocket3,replica_1
CDR1_CANAR_auris_prepared_Milbemycin_pocket3_complex_recombined_complex_explicit_stripped_initial_frame,Hydrophobic,574LEU,3.61,,CDR1_CANAR_auris,pocket3,replica_1
CDR1_CANAR_auris_prepared_Milbemycin_pocket3_complex_recombined_complex_explicit_stripped_initial_frame,Hydrophobic,574LEU,3.72,,CDR1_CANAR_auris,pocket3,replica_1
CDR1_CANAR_auris_prepared_Milbemycin_pocket3_complex_recombined_complex_explicit_stripped_initial_frame,Hydrophobic,608GLU,3.08,,CDR1_CANAR_auris,pocket3,replica_1
CDR1_CANAR_auris_prepared_Milbemycin_pocket3_complex_recombined_complex_explicit_stripped_initial_frame,Hydrophobic,1356ASN,3.73,,CDR1_CANAR_auris,pocket3,replica_1
CDR1_CANAR_auris_prepared_Milbemycin_pocket3_complex_recombined_complex_explicit_stripped_initial_frame,Hydrophobic,525ILE,2.21,,CDR1_CANAR_auris,pocket3,replica_1
CDR1_CANAR_auris_prepared_Milbemycin_pocket3_complex_recombined_complex_explicit_stripped_initial_frame,Hydrophobic,574LEU,2.76,,CDR1_CANAR_auris,pocket3,replica_1
CDR1_CANAR_auris_prepared_Milbemycin_pocket3_complex_recombined_complex_explicit_stripped_initial_frame,Hydrophobic,575GLU,3.04,,CDR1_CANAR_auris,pocket3,replica_1
CDR1_CANAR_auris_prepared_Milbemycin_pocket3_complex_recombined_complex_explicit_stripped_final_frame,HydrogenBond,574LEU,2.71,O2->O3,CDR1_CANAR_auris,pocket3,replica_1
CDR1_CANAR_auris_prepared_Milbemycin_pocket3_complex_recombined_complex_explicit_stripped_final_frame,HydrogenBond,575GLU,3.51,O2->O3,CDR1_CANAR_auris,pocket3,replica_1
CDR1_CANAR_auris_prepared_Milbemycin_pocket3_complex_recombined_complex_explicit_stripped_final_frame,HydrogenBond,578SER,3.15,O3->Nam,CDR1_CANAR_auris,pocket3,replica_1
CDR1_CANAR_auris_prepared_Milbemycin_pocket3_complex_recombined_complex_explicit_stripped_final_frame,HydrogenBond,612LYS,3.98,O3->N3+,CDR1_CANAR_auris,pocket3,replica_1
CDR1_CANAR_auris_prepared_Milbemycin_pocket3_complex_recombined_complex_explicit_stripped_final_frame,Hydrophobic,525ILE,3.64,,CDR1_CANAR_auris,pocket3,replica_1
CDR1_CANAR_auris_prepared_Milbemycin_pocket3_complex_recombined_complex_explicit_stripped_final_frame,Hydrophobic,525ILE,3.87,,CDR1_CANAR_auris,pocket3,replica_1
CDR1_CANAR_auris_prepared_Milbemycin_pocket3_complex_recombined_complex_explicit_stripped_final_frame,Hydrophobic,525ILE,3.82,,CDR1_CANAR_auris,pocket3,replica_1
CDR1_CANAR_auris_prepared_Milbemycin_pocket3_complex_recombined_complex_explicit_stripped_final_frame,Hydrophobic,574LEU,3.53,,CDR1_CANAR_auris,pocket3,replica_1
CDR1_CANAR_auris_prepared_Milbemycin_pocket3_complex_recombined_complex_explicit_stripped_final_frame,Hydrophobic,581GLU,3.93,,CDR1_CANAR_auris,pocket3,replica_1
CDR1_CANAR_auris_prepared_Milbemycin_pocket3_complex_recombined_complex_explicit_stripped_final_frame,Hydrophobic,1356ASN,3.99,,CDR1_CANAR_auris,pocket3,replica_1
CDR1_CANAR_auris_prepared_Milbemycin_pocket12_complex_recombined_complex_explicit_stripped_initial_frame,HydrogenBond,1266GLU,4.05,O3->O3,CDR1_CANAR_auris,pocket12,replica_1
CDR1_CANAR_auris_prepared_Milbemycin_pocket12_complex_recombined_complex_explicit_stripped_initial_frame,HydrogenBond,1266GLU,4.05,O3->O3,CDR1_CANAR_auris,pocket12,replica_1
CDR1_CANAR_auris_prepared_Milbemycin_pocket12_complex_recombined_complex_explicit_stripped_initial_frame,HydrogenBond,1349GLU,2.05,O3->O3,CDR1_CANAR_auris,pocket12,replica_1
CDR1_CANAR_auris_prepared_Milbemycin_pocket12_complex_recombined_complex_explicit_stripped_initial_frame,HydrogenBond,1498ARG,3.74,O3->Ng+,CDR1_CANAR_auris,pocket12,replica_1
CDR1_CANAR_auris_prepared_Milbemycin_pocket12_complex_recombined_complex_explicit_stripped_initial_frame,Hydrophobic,1266GLU,3.81,,CDR1_CANAR_auris,pocket12,replica_1
CDR1_CANAR_auris_prepared_Milbemycin_pocket12_complex_recombined_complex_explicit_stripped_initial_frame,Hydrophobic,1271PRO,3.3,,CDR1_CANAR_auris,pocket12,replica_1
CDR1_CANAR_auris_prepared_Milbemycin_pocket12_complex_recombined_complex_explicit_stripped_initial_frame,Hydrophobic,921THR,1.76,,CDR1_CANAR_auris,pocket12,replica_1
CDR1_CANAR_auris_prepared_Milbemycin_pocket12_complex_recombined_complex_explicit_stripped_initial_frame,Hydrophobic,1270ALA,3.26,,CDR1_CANAR_auris,pocket12,replica_1
CDR1_CANAR_auris_prepared_Milbemycin_pocket12_complex_recombined_complex_explicit_stripped_initial_frame,Hydrophobic,1500PRO,3.49,,CDR1_CANAR_auris,pocket12,replica_1
CDR1_CANAR_auris_prepared_Milbemycin_pocket12_complex_recombined_complex_explicit_stripped_final_frame,HydrogenBond,1266GLU,2.7,O2->O3,CDR1_CANAR_auris,pocket12,replica_1
CDR1_CANAR_auris_prepared_Milbemycin_pocket12_complex_recombined_complex_explicit_stripped_final_frame,HydrogenBond,1266GLU,3.19,O2->O3,CDR1_CANAR_auris,pocket12,replica_1
CDR1_CANAR_auris_prepared_Milbemycin_pocket12_complex_recombined_complex_explicit_stripped_final_frame,Hydrophobic,919ARG,3.69,,CDR1_CANAR_auris,pocket12,replica_1
CDR1_CANAR_auris_prepared_Milbemycin_pocket12_complex_recombined_complex_explicit_stripped_final_frame,Hydrophobic,922THR,3.91,,CDR1_CANAR_auris,pocket12,replica_1
CDR1_CANAR_auris_prepared_Milbemycin_pocket12_complex_recombined_complex_explicit_stripped_final_frame,Hydrophobic,1494TYR,3.52,,CDR1_CANAR_auris,pocket12,replica_1
CDR1_CANAR_auris_prepared_Milbemycin_pocket12_complex_recombined_complex_explicit_stripped_final_frame,Hydrophobic,1499VAL,3.35,,CDR1_CANAR_auris,pocket12,replica_1
CDR1_CANAR_auris_prepared_Milbemycin_pocket12_complex_recombined_complex_explicit_stripped_final_frame,Hydrophobic,1500PRO,3.97,,CDR1_CANAR_auris,pocket12,replica_1
CDR1_CANAR_auris_prepared_Milbemycin_pocket14_complex_recombined_complex_explicit_stripped_final_frame,HydrogenBond,744SER,2.68,O2->O3,CDR1_CANAR_auris,pocket14,replica_1
CDR1_CANAR_auris_prepared_Milbemycin_pocket14_complex_recombined_complex_explicit_stripped_final_frame,HydrogenBond,1230GLN,2.89,O2->O3,CDR1_CANAR_auris,pocket14,replica_1
CDR1_CANAR_auris_prepared_Milbemycin_pocket14_complex_recombined_complex_explicit_stripped_final_frame,HydrogenBond,746ALA,3.17,O3->Nam,CDR1_CANAR_auris,pocket14,replica_1
CDR1_CANAR_auris_prepared_Milbemycin_pocket14_complex_recombined_complex_explicit_stripped_final_frame,Hydrophobic,1416LEU,3.95,,CDR1_CANAR_auris,pocket14,replica_1
CDR1_CANAR_auris_prepared_Milbemycin_pocket14_complex_recombined_complex_explicit_stripped_final_frame,Hydrophobic,725GLN,3.77,,CDR1_CANAR_auris,pocket14,replica_1
CDR1_CANAR_auris_prepared_Milbemycin_pocket14_complex_recombined_complex_explicit_stripped_initial_frame,Hydrophobic,556TYR,3.08,,CDR1_CANAR_auris,pocket14,replica_1
CDR1_CANAR_auris_prepared_Milbemycin_pocket14_complex_recombined_complex_explicit_stripped_initial_frame,Hydrophobic,554PHE,3.12,,CDR1_CANAR_auris,pocket14,replica_1
CDR1_CANAR_auris_prepared_Milbemycin_pocket14_complex_recombined_complex_explicit_stripped_initial_frame,Hydrophobic,555TYR,1.26,,CDR1_CANAR_auris,pocket14,replica_1
CDR1_CANAR_auris_prepared_Milbemycin_pocket14_complex_recombined_complex_explicit_stripped_initial_frame,Hydrophobic,555TYR,1.66,,CDR1_CANAR_auris,pocket14,replica_1
CDR1_CANAR_auris_prepared_Milbemycin_pocket14_complex_recombined_complex_explicit_stripped_initial_frame,Hydrophobic,555TYR,0.64,,CDR1_CANAR_auris,pocket14,replica_1
CDR1_CANAR_auris_prepared_Milbemycin_pocket14_complex_recombined_complex_explicit_stripped_initial_frame,Hydrophobic,745THR,3.55,,CDR1_CANAR_auris,pocket14,replica_1
CDR1_CANAR_auris_prepared_Milbemycin_pocket2_complex_recombined_complex_explicit_stripped_final_frame,Hydrophobic,310PHE,3.94,,CDR1_CANAR_auris,pocket2,replica_1
CDR1_CANAR_auris_prepared_Milbemycin_pocket2_complex_recombined_complex_explicit_stripped_final_frame,Hydrophobic,310PHE,3.63,,CDR1_CANAR_auris,pocket2,replica_1
CDR1_CANAR_auris_prepared_Milbemycin_pocket2_complex_recombined_complex_explicit_stripped_final_frame,Hydrophobic,581GLU,3.88,,CDR1_CANAR_auris,pocket2,replica_1
CDR1_CANAR_auris_prepared_Milbemycin_pocket2_complex_recombined_complex_explicit_stripped_final_frame,Hydrophobic,584PRO,3.83,,CDR1_CANAR_auris,pocket2,replica_1
CDR1_CANAR_auris_prepared_Milbemycin_pocket2_complex_recombined_complex_explicit_stripped_final_frame,Hydrophobic,1004VAL,3.83,,CDR1_CANAR_auris,pocket2,replica_1
CDR1_CANAR_auris_prepared_Milbemycin_pocket2_complex_recombined_complex_explicit_stripped_final_frame,Hydrophobic,1255LEU,3.51,,CDR1_CANAR_auris,pocket2,replica_1
CDR1_CANAR_auris_prepared_Milbemycin_pocket2_complex_recombined_complex_explicit_stripped_final_frame,Hydrophobic,1259VAL,3.81,,CDR1_CANAR_auris,pocket2,replica_1
CDR1_CANAR_auris_prepared_Milbemycin_pocket2_complex_recombined_complex_explicit_stripped_final_frame,Hydrophobic,1351ALA,3.86,,CDR1_CANAR_auris,pocket2,replica_1
CDR1_CANAR_auris_prepared_Milbemycin_pocket2_complex_recombined_complex_explicit_stripped_initial_frame,HydrogenBond,578SER,2.58,O2->O3,CDR1_CANAR_auris,pocket2,replica_1
CDR1_CANAR_auris_prepared_Milbemycin_pocket2_complex_recombined_complex_explicit_stripped_initial_frame,HydrogenBond,581GLU,3.51,O3->O3,CDR1_CANAR_auris,pocket2,replica_1
CDR1_CANAR_auris_prepared_Milbemycin_pocket2_complex_recombined_complex_explicit_stripped_initial_frame,HydrogenBond,581GLU,1.47,O3->Nam,CDR1_CANAR_auris,pocket2,replica_1
CDR1_CANAR_auris_prepared_Milbemycin_pocket2_complex_recombined_complex_explicit_stripped_initial_frame,HydrogenBond,582ALA,3.39,O3->Nam,CDR1_CANAR_auris,pocket2,replica_1
CDR1_CANAR_auris_prepared_Milbemycin_pocket2_complex_recombined_complex_explicit_stripped_initial_frame,Hydrophobic,308ASN,3.8,,CDR1_CANAR_auris,pocket2,replica_1
CDR1_CANAR_auris_prepared_Milbemycin_pocket2_complex_recombined_complex_explicit_stripped_initial_frame,Hydrophobic,577MET,3.66,,CDR1_CANAR_auris,pocket2,replica_1
CDR1_CANAR_auris_prepared_Milbemycin_pocket2_complex_recombined_complex_explicit_stripped_initial_frame,Hydrophobic,1259VAL,3.61,,CDR1_CANAR_auris,pocket2,replica_1
CDR1_CANAR_auris_prepared_Milbemycin_pocket2_complex_recombined_complex_explicit_stripped_initial_frame,Hydrophobic,1259VAL,3.57,,CDR1_CANAR_auris,pocket2,replica_1
CDR1_CANAR_auris_prepared_Milbemycin_pocket2_complex_recombined_complex_explicit_stripped_initial_frame,Hydrophobic,310PHE,2.47,,CDR1_CANAR_auris,pocket2,replica_1
CDR1_CANAR_auris_prepared_Milbemycin_pocket2_complex_recombined_complex_explicit_stripped_initial_frame,Hydrophobic,580PHE,2.73,,CDR1_CANAR_auris,pocket2,replica_1
CDR1_CANAR_auris_prepared_Milbemycin_pocket2_complex_recombined_complex_explicit_stripped_initial_frame,Hydrophobic,581GLU,3.34,,CDR1_CANAR_auris,pocket2,replica_1
CDR1_CANAR_auris_prepared_Milbemycin_pocket2_complex_recombined_complex_explicit_stripped_initial_frame,Hydrophobic,581GLU,2.58,,CDR1_CANAR_auris,pocket2,replica_1
CDR1_CANAR_auris_prepared_Milbemycin_pocket2_complex_recombined_complex_explicit_stripped_initial_frame,Hydrophobic,1256PRO,3.22,,CDR1_CANAR_auris,pocket2,replica_1
